mlm_07330_00440358085	ഏറ്റവും വലിയ നഗരവും ഇതു തന്നെ
mlm_08777_02095990126	അദ്ദേഹം സ്ഥാപിച്ച ഏഴു പള്ളികൾ ഇവയാണ്
mlm_08777_01689351018	ആൺകുട്ടിക്ക് ഇതിനു വേണ്ട പ്രായം പതിമൂന്ന് വയസ്സും പെൺകുട്ടിക്കു വേണ്ടത് പന്ത്രണ്ട് വയസ്സുമാണ്
mlm_09171_01357301775	അവയിൽ പലതും മുഗൾ സാമ്രാജ്യത്തിന്റെ കൂടുതൽ ക്ഷയത്തിനു കാരണമായി
mlm_03915_02115782201	ആശീർവാദ് സിനിമാസിന്റെ നിർമ്മാണത്തിൽ ആദ്യമായി പുറത്തിറങ്ങിയ ചിത്രമാണ് നരസിംഹം
mlm_08822_01117001703	അതിൽ സൂചന എന്നാണ് അർത്ഥം കൊടുത്തിരിക്കുന്നത്
mlm_00572_02094537347	ഇത് പുരാതന കാലം മുതലേ ഉണ്ടായിരുന്നു
mlm_02501_00952458511	നിങ്ങളുടെ ലക്ഷ്യസ്ഥാനം വലതുവശത്താണ്.
mlm_00950_00168535494	അതുകൊണ്ട് ഈ കൃതികൾക്ക് തമിഴ്‌നാട്ടിലും തെക്കേ ഇന്ത്യൻ സംസ്ഥാനങ്ങളിലും പ്രചാരം കിട്ടാതെപോയി.
mlm_00950_00376900025	ഇതില്‍ കൂടുതലും ഗള്‍ഫ് മേഖലയില്‍ ആണ്‌
mlm_03048_00091282095	ആനകളൂടെ എണ്ണത്തിന്റെ കാര്യത്തിലും പന്തലുകളൂടെ മത്സരങ്ങളിലും ഒരു പോലെ ഉണ്ടായിട്ടുണ്ട്
mlm_02064_02047540747	രാജ്യത്തെ ഏറ്റവും വലിയ നഗരവും ഇത് തന്നെയാണ്
mlm_00572_00521685435	ഇങ്ങനെ കുറെ ഒറ്റവരി ലേഖനങ്ങൾ കണ്ടപ്പോൾ എന്റെ അഭിപ്രായം പറഞ്ഞു എന്നു മാത്രം
mlm_05535_00494489490	അതും ഭക്ഷണത്തെ സമീപിക്കുന്നതിൽ നിന്നും വ്യത്യസ്തമായാണ് കളിപ്പാട്ടങ്ങളെ സമീപിച്ചിരുന്നത്
mlm_00950_00038306775	തല എന്ന വാക്കാല്‍ വിവക്ഷിക്കാവുന്ന ഒന്നിലധികം കാര്യങ്ങളുണ്ട്
mlm_02745_01780460117	ആ പതിപ്പ് തന്നെയാണ് എന്റെ പ്രമാണം
mlm_02064_01623244646	അതോടെ വിപ്ലവം അതിന്റെ ശരിയായ രൂപത്തിൽ ആരംഭിച്ചു
mlm_09171_02121904204	ആറു പേരിൽ രണ്ടുപേർ ന്യായാധിപന്മാരായിരുന്നു
mlm_02064_00466361965	ഇത് ഒരു വിനോദ സഞ്ചാര ആകർഷണമാണ്
mlm_02367_00561071539	അതോടെ മൂന്നാം പൂണിക് യുദ്ധത്തിന് കളം ഒരുങ്ങി
mlm_02501_00252735816	ഡാറ്റ കണക്ഷൻ നഷ്ടമായി
mlm_09171_01714377690	ആദ്യ കാലത്ത് ഇത് കല്ലുകളാൽ ചുറ്റപ്പെട്ട് ചെറിയ ഒരു കുഴി മാത്രമായിരുന്നു
mlm_08822_00729048912	അന്റാർട്ടിക്കയിലെ ഒരു ഭീമൻ മഞ്ഞുപാളിയുടെ സമീപത്തുകൂടിയായിരുന്നു അദ്ദേഹത്തിന്റെ യാത്ര
mlm_04296_00439158766	അതിനെതിരായി കോൺഗ്രസ് ഹർത്താൽ ആചരിച്ചു
mlm_03915_00176198600	അവർ ദീർഘമായ കത്തിടപാടുകളിൽ ഏർപ്പെട്ടു
mlm_03915_01510821045	എനിക്ക് നിങ്ങള്‍ക്ക് ആവശ്യമെങ്കില്‍ കുറച്ചു പൈസ തരാന്‍ കഴിയും
mlm_02064_01655042012	എന്നാൽ അതു മാത്രമല്ല അതിന്റെ ഉദ്ദേശ്യം
mlm_07330_01531762846	ഞാൻ ഈ പട്ടണത്തിൽ തികച്ചും ഒരു അപരിചിതനാണ്
mlm_05535_01214413823	അത് എഡിറ്റ് പേജിൽ സ്ക്രിപ്റ്റ് ആയി ഉണ്ടല്ലോ
mlm_08822_01759740348	കൊട്ടാരക്കര പട്ടണം എന്ന വിഷയത്തെക്കുറിച്ച് അറിയണമെങ്കിൽ കൊട്ടാരക്കര എന്ന താൾ കാണുക
mlm_02501_01132917161	അഞ്ഞുറ്‌ മീറ്ററിൽ
mlm_04296_01965624155	അടിമവ്യവസ്ഥയെ ന്യായീകരിക്കാൻ അദ്ദേഹം ബൈബിളിലെ പഴയനിയമത്തെ ആശ്രയിച്ചു
mlm_02064_00895164869	എന്റെ കയ്യിൽ വളരെ കുറച്ച് വിവരങ്ങൾ ഉണ്ട്
mlm_03915_00110079611	ഇന്ന് ഒരു പ്രശസ്തമായ കലാ സാംസ്കാരിക കേന്ദ്രമാണ് ഈ മഠം
mlm_02745_01734020846	അവയെക്കുറിച്ചറിയാന്‍ ഭരത് നാനാര്‍ത്ഥങ്ങള്‍ എന്ന താള്‍ കാണുക
mlm_05535_01194792499	ആദിമസംസ്കാരങ്ങളിലെ ജ്യോതിശ്ശാസ്ത്രജ്ഞന്മാർ ചിട്ടയായ ആകാശനിരീക്ഷണങ്ങൾ നടത്തിയിരുന്നു
mlm_03993_01108677686	അതിൽ പലതും ഇന്നും പ്രവർത്തനനിരതമാണ്
mlm_03915_02103091520	ദേവന്‍ എന്ന ഒരു താള്‍ നിലവിലുണ്ട്
mlm_08822_00432964320	അതിനാൽ കൃഷി യോഗ്യമല്ലാത്ത സ്ഥലങ്ങളിൽ ജീവിക്കാൻ അവർ നിർബന്ധിതരായി
mlm_00572_01950021652	അദ്ദേഹത്തിന്റെ കീഴിൽ ആഴ്സണൽ ആദ്യ കിരീടങ്ങൾ നേടി
mlm_08777_00315577694	ഈ താളിലെ വിവരങ്ങൾ തർജ്ജമ ചെയ്യാൻ പാടില്ല
mlm_06515_01547699504	ചള്ളിയാൻ പറഞ്ഞത് ഒന്ന് ചെയ്തു നോക്കാം
mlm_05535_01809388080	അവ വളരെയധികം ഉബുണ്ടു ചായ്വുള്ളതും പലപ്പോഴും ഡെബിയനിൽ ഉപയോഗശൂന്യമാണെന്നും വിമർശനമുയർന്നിട്ടുണ്ട്
mlm_04296_01323058551	അമേരിക്ക ഒരിക്കലും യഥാർത്ഥത്തിലുള്ള പരിഷ്കരണം താല്പര്യപ്പെട്ടിരുന്നില്ല
mlm_02367_00326903157	ആ സ്ഥലത്താണ് ഇപ്പോൾ വൈക്കത്തെ സ്വകാര്യ ബസ് സ്റ്റാന്റ് നിലകൊള്ളുന്നത് എന്നു വിശ്വസിക്കപ്പെടുന്നു
mlm_09125_01582835278	തമിഴ്നാട് ഇന്ത്യയുടെ തെക്കേയറ്റത്തുള്ള സംസ്ഥാനമാണ്
mlm_09125_01342398061	അവയുടെ സ്മരണ ഉണർത്തുന്നതാണ് ഓണത്തല്ലും ചേരിപ്പോരും വേലകളിയും പടേനിയും മറ്റും
mlm_08822_00627229827	അതിനാൽ ചന്ദ്രനിൽ യഥാർത്ഥത്തിൽ എത്ര ജലം ഉണ്ട് എന്ന ചോദ്യത്തിന് ഇനിയും ഉത്തരമായിട്ടില്ല
mlm_00572_02041230585	അദ്ദേഹം തന്റെ പുതിയ വിദ്യാഭ്യാസപദ്ധതി അവതരിപ്പിച്ചു
mlm_08777_02084831178	ആദ്യമായി ചന്ദ്രോപരിതലം സ്പർശിച്ച മനുഷ്യനിർമിത വസ്തു ലൂണ രണ്ട് ആണ്
mlm_02501_02050673187	അറുനൂറ് മീറ്ററിൽ
mlm_08822_01667214225	അവ രണ്ടിന്റേയും ഉറവിടം ഒന്നുതന്നെയാകാം
mlm_03048_00780114878	പേരിന്റെ ഉറവിടത്തെക്കുറിച്ച് ചരിത്രകാരന്മാർക്കിടയിൽ വിഭിന്ന അഭിപ്രായങ്ങൾ നിലവിലുണ്ട്
mlm_03915_00404839837	തിരുവാതിര എന്ന വാക്കാല്‍ വിവക്ഷിക്കാവുന്ന ഒന്നിലധികം കാര്യങ്ങളുണ്ട്
mlm_06515_01759566303	ആ ഉപയോക്താവിന്റെ ഇംഗ്ലീഷ് വിക്കിയിലെ തിരുത്തലുകൾ ഇവിടെ കാണാം
mlm_09125_00912099785	അപ്പോൾ ഫ്രഞ്ച് ഉച്ചാരണം ആണ് വേണ്ടത്
mlm_00572_01095485400	അതിനുശേഷം പാപ്പയുടെ നേതൃത്വത്തിൽ പേപ്പൽ കുർബാന നടക്കുന്നു
mlm_03915_01363238626	പക്ഷെ അതിനെ കുറിച്ച് എനിക്കു ഒട്ടും അറിവില്ല
mlm_00950_01528318280	ആൺകുട്ടികളുടെ ചാവടികളിൽ മുതിർന്ന കുട്ടിയായിരിക്കും നേതാവ്.
mlm_00950_01872758923	ഇങ്ങനെ ഒരു പട്ടിക കൊണ്ട് എന്തു ഗുണം
mlm_06515_00586461850	ആന ഒരു ദിവസം സഞ്ചരിക്കുന്ന അത്രയും ദൂരം സഞ്ചരിക്കുന്ന മൃഗങ്ങൾ വളരെ കുറവാണ്
mlm_07330_01889499634	അത്തരം കുമ്പസാരങ്ങളിൽ പാപമോചനം സ്വകാര്യമായും അപ്പൊൾത്തന്നെയും ലഭിച്ചു
mlm_09125_00286418335	നിറം എന്ന വാക്കാൽ വിവക്ഷിക്കാവുന്ന ഒന്നിലധികം കാര്യങ്ങളുണ്ട്
mlm_02064_00158868028	അവിടുത്തെ ഒരു സ്കൂളിൽ പ്രധാന അദ്ധ്യാപകനായി ജോലിയിൽ പ്രവേശിച്ചു
mlm_02501_00807612130	മൂന് മൈലിൽ
mlm_03915_00315008982	അതിനായിട്ടാവണം അത് മുങ്ങിപ്പോകാതിരിക്കാനുള്ള മുൻ‌കരുതൽ എന്ന നിലയിൽ തീരത്തേക്കെത്തിയത്
mlm_03915_00355988502	അനസ്തേഷ്യയിലെ പരിശീലനം ബേക്കർക്ക് ഒരു നഴ്‌സിന്റെ ജോലി ചെയ്യാൻ സഹായകമായി
mlm_00950_00962436327	അതിന്റെ നിർമ്മാണവും ശില്പങ്ങളും മൈക്കെലാഞ്ചലോയുടെ മേൽനോട്ടത്തിലായിരുന്നു.
mlm_00572_01285555378	അത് ഇപ്പോഴും അങ്ങനെ തന്നെ തുടരുന്നു
mlm_00572_00356227032	ഇതു ചന്ദ്രനിൽ നിന്നു കാണാൻ പറ്റുമോ എന്ന് എനിക്കും ഇപ്പോൾ സംശയം ആയി
mlm_03048_00298042627	അന്താരാഷ്ട്ര സമൂഹത്തിൽ ഒറ്റപ്പെടുമെന്ന സാധ്യത നിമിത്തം പാകിസ്താൻ സമ്പദ് വ്യവസ്ഥ തകർന്നു
mlm_09171_01614791140	അതിന് കഴിയാത്തവരെ മദീനയിലെ പത്ത് പേരെ സാക്ഷരരാക്കിയാൽ മോചനം വാഗ്ദാനം ചെയ്തു
mlm_00269_00156195788	അമേരിക്കയിലെ ജനങ്ങൾ ആരാധിക്കുന്ന ലോകത്തിലെ പത്തു വനിതകളുടെ പട്ടികയിൽ മദർ തെരേസ ഉൾപ്പെട്ടിട്ടുണ്ട്
mlm_02064_01499277207	അതോടൊപ്പം ഈ താളും വായിച്ചുനോക്കുക
mlm_09171_00294598036	ആഫ്രിക്കൻ നാഷണൽ കോൺഗ്രസ്സിന് ധനസമ്പാദനത്തിനു വേണ്ടി മണ്ടേല ലോകപര്യടനം നടത്തിയിരുന്നു
mlm_00572_01238677039	അമേരിക്കയൂടെ സമശീതോഷ്ണവും വൈവിധ്യമാർന്നതുമായ കാലവസ്ഥയയണ് കൂടിയേറ്റക്കാരെ ആകർഷിച്ചത്
mlm_09125_01819296026	അതായത് ഭക്ഷണം കണ്ടെത്താനും സ്വന്തം രക്ഷയ്ക്കും മറ്റും ഒരു പൂച്ച മറ്റൊരു പൂച്ചയെ ആശ്രയിക്കില്ല
mlm_02501_00178020625	, തുടർന്ന്
mlm_02367_01940533132	അറബിമാസം ദുൽഹിജ്ജ് എട്ട് മുതൽ പന്ത്രണ്ട് വരെയാണ് ഹജ്ജ് കർമ്മം ചെയ്യേണ്ട ദിവസങ്ങൾ
mlm_00950_00797066241	അവിടെ വിവിധ ജനവിഭാഗങ്ങൾ ഒത്തുകൂടി.
mlm_02367_00087420208	അമേരിക്കയെ പിന്തള്ളി ക്യൂബയാണ് മെഡൽനിലയിൽ ഒന്നാമതെത്തിയത്
mlm_05535_01046176514	ഈ പരിപാടി കുറച്ചു നാൾ ആയി തുടരുന്നു
mlm_08822_00354297132	അവരുടെ പ്രധാന പ്രസിദ്ധീകരണങ്ങളിൽ ചിലത് താഴെ നൽകിയിരിക്കുന്നു
mlm_02745_00335148277	ഇത് വലിയ വള്ളങ്ങളിൽ മേൽക്കൂര കെട്ടി അകത്ത് സൗകര്യങ്ങളോട് കൂടി പണിത വള്ളങ്ങളാണ്
mlm_08822_00675480223	എന്റെ മാതാപിതാക്കൾ രണ്ടുപേരും ഇപ്പോൾ വീട്ടിലുണ്ട്
mlm_03048_01400638964	അവൾ ഊഗോയെ അടുത്തുള്ള പള്ളിയിലെ ഒരു സഹായിയായി ചേർത്തു
mlm_02745_00828738176	അമേരിക്ക ക്യൂബയിൽ ഒരു പട്ടാള അട്ടിമറി നടത്തിയേക്കാമെന്ന് കാസ്ട്രോ ഭയപ്പെട്ടിരുന്നു
mlm_03915_00464419408	അര‍ങ്ങേറ്റക്കാരനായ വഖാർ യൂനിസ് അദ്ദേഹത്തെ ബൗൾഡാക്കി
mlm_02501_01692259879	ഒന്നര കിലോമീറ്ററിൽ
mlm_09171_00216538282	അമ്മയുടെ പുകവലി കുട്ടിയുടെ ഭ്രൂണാവസ്ഥയിലെ ശ്വാസകോശവളർച്ചയെ ബാധിക്കുമെന്ന് പഠനങ്ങൾ സൂചിപ്പിക്കുന്നു
mlm_08822_01096160569	അദ്ദേഹത്തിന്റെ പ്രേമബന്ധങ്ങൾ മിക്കവയും യുവാക്കളുമായായിരുന്നു
mlm_00572_02016796124	ദക്ഷിണ യൂറോപ്പിലെ ഒരു രാജ്യമാണ് ഇറ്റലി
mlm_08777_01226209460	മേനോൻ ആണ് ഇപ്പോൾ ഇതിന്റെ എഡിറ്റർ
mlm_00269_00356211519	അതിനെക്കുറിച്ച് യാതൊരാൾക്കും അറിവുണ്ടായിരുന്നില്ല
mlm_00572_01763178907	കേരള സംഗീതത്തിന്റെ ചക്രവർത്തി എന്നു അറിയപ്പെടുന്നു
mlm_07330_01610347977	അമ്മയുടെ മരണവാർത്തയാണ് അദ്ദേഹത്തെ ഇന്ത്യയിൽ എതിരേറ്റത്
mlm_00572_00886256092	താങ്കളുടെ ശ്രദ്ധ പ്രസ്തുത ലേഖനത്തിലേക്ക് ക്ഷണിക്കുന്നു
mlm_02064_02143567205	അമോധാരി ഇരുപത്തഞ്ചുവർഷം മൈക്കെലാഞ്ചലോയെ വിശ്വസ്തയോടെ സേവിച്ചു
mlm_00572_00429409876	കോട്ടയം ജില്ലയിലുള്ള ഒരു ചെറിയ പട്ടണമാണ് പൂഞ്ഞാർ
mlm_03915_00299758940	അതിൽ എന്നെ ആശ്വസിപ്പിക്കുന്ന ഒരു വാക്യം ഞാൻ കണ്ടെത്തും
mlm_09125_01107386616	അതേ സമയം വളരെയധികം ഛിന്നഗ്രഹങ്ങളുണ്ടെന്ന് അറിയുന്ന കാര്യമാണ്
mlm_03048_00823745218	ആ ലക്കം മാസികയുടെ പുറംചിത്രവും മദർതെരേസയുടേതായിരുന്നു
mlm_00950_01957521950	ആനയെ മെരുക്കി പാപ്പാന് കീഴിലാക്കുന്നതിനെ ആനയെ മെരുക്കൽ എന്നു പറയുന്നു.
mlm_08822_01512039516	ഷിജു പറഞ്ഞ താളുകളിൽ മലയാളം ഇല്ല എന്നത് ശരി തന്നെ
mlm_09125_00509830712	അനന്തരവനായ മാർത്താണ്ഡവർമ്മയോട് അതിയായ സ്നേഹവാത്സല്യങ്ങൾ കാണിച്ചിരുന്ന ആളായിരുന്നു അദേഹം
mlm_03048_01621102789	അടുത്ത പ്രധാന വിനോദസഞ്ചാരകേന്ദ്രമായ കൊടൈക്കനാലിലേക്ക് ഇരുന്നൂറ്റി മുപ്പത്തിയാറ് കി മീ ദൂരമാണ് ഉള്ളത്
mlm_02745_01066892241	ശക്തന്‍ തമ്പുരാന്‍ ഇവരില്‍ നിന്ന് കൂടുതല്‍ നികുതി ആവശ്യപ്പെട്ടു
mlm_09171_00547196775	എങ്കിലും ഈ പുസ്തകത്തിന്റെ ആധികാരികത പലരും ചോദ്യം ചെയ്യുന്നു
mlm_03915_01360892573	ആറുമീറ്റർ ഉയരമുള്ള മണ്ഡപത്തിൽ പടുത്തുയർത്തിയ സമചതുരാകൃതിയിലുള്ള ഒരു ക്ഷേത്രമാണിത്
mlm_09125_01563765738	അലങ്കാരങ്ങൾക്കൊപ്പം ക്രിസ്തുമസ് മരത്തിൽ സമ്മാനപ്പൊതികൾ തൂക്കിയിടുന്ന രീതിയും പ്രചാരത്തിലുണ്ട്
mlm_02745_01239264710	റോമാ സാമ്രാജ്യം എന്ന വാക്കാല്‍ വിവക്ഷിക്കാവുന്ന ഒന്നിലധികം കാര്യങ്ങളുണ്ട്
mlm_09125_01420366087	അനുകൂലിക്കുന്നു വളരെ നല്ല ചിത്രം തന്നെ
mlm_03915_00565843960	ആർട്ടിക് സമുദ്രത്തോടു ചേർന്നുകിടക്കുന്ന വടക്കു കിഴക്കൻ സംസ്ഥാനങ്ങളിൽ തണുത്ത ദിനങ്ങളാണധികവും
mlm_02501_00939871481	നാവിഗേഷൻ ആരംഭിച്ചു
mlm_09171_01794849344	ഈ സമയത്താണ് തന്റെ സാഹിത്യ ജീവിതം അദ്ദേഹം ആരംഭിക്കുന്നത്
mlm_03915_01069965956	അവതരിപ്പിക്കാനുള്ള സൗകര്യത്തിനു വേണ്ടി കുറച്ച് കാര്യങ്ങൾ പരമ്പരയിൽ കൂട്ടിച്ചേർത്തിരുന്നു
mlm_00572_00977051927	അനുഭവങ്ങൾക്ക് എന്തും എഴുതിവക്കാൻ പാകത്തിലുള്ള മെഴുകല്ല നമ്മുടെ മനസ്സ്
mlm_00572_00423028704	ഈ താളിലെ സംവാദം ദയവായി ശ്രദ്ധിക്കുക
mlm_05535_01562805777	താങ്കൾ പറയുന്ന ആശയം തന്നെയാണ് എനിക്കും ഉള്ളത്
mlm_04296_00672169614	മലബാർ പ്രദേശം മദിരാശി സംസ്ഥാനത്തിന്റെ ഭാഗമായി ബ്രിട്ടീഷുകാരുടെ നേരിട്ടുള്ള ഭരണത്തിനു കീഴിലായിരുന്നു
mlm_05535_00744334201	അതുകൊണ്ട് അദ്ദേഹം തീരുമാനങ്ങൾ ഹുക്കർക്കും ലില്ലിനും വിട്ടുകൊടുത്തു
mlm_03048_00853992932	അല്പം എരിവും പുളിവും കലർന്ന ആഹാരരീതിയാണ് കേരളീയരുടേത്
mlm_04296_00548740905	അങ്ങനെ ശ്രീലങ്ക ഥേരവാദ ബുദ്ധമതത്തിന്റെ ശക്തികേന്ദ്രമായി മാറി
mlm_02064_01994920540	ഇതു കുടിക്കുന്നതോടെ സത്യാഗ്രഹം അവസാനിക്കും എന്നായിരുന്നു ബ്രിട്ടീഷുകാർ കരുതിയിരുന്നത്
mlm_09171_01921764811	ആദ്യവർഷങ്ങളിൽ വാർഷിക ലാഭത്തിന്റെ അഞ്ചു ശതമാനം കൊടുക്കാമെന്നായിരുന്നു വാഗ്ദാനം
mlm_02745_01130166802	ആനകൾ വരുമ്പോൾ അത് ഈ കുഴിയിൽ വീഴുന്നു
mlm_06515_01203776095	ആഭ്യന്തരയുദ്ധത്തിനുമുമ്പ് ബെന്നിന്റെ ഗോത്രം അദ്ദേഹത്തിന്റെ പ്രാധാന്യം എടുത്തുകാട്ടി
mlm_03048_00546324149	ആ വർഷാന്ത്യം ഫുട്ബോളിന്റെ ആദ്യത്തെ നിയമ പട്ടിക പുറത്തിറങ്ങി
mlm_02367_00712190940	അലങ്കാരങ്ങളിൽ ആനകളും അവയുടെ പുറത്തിരിക്കുന്ന സ്ത്രീപുരുഷ രൂപങ്ങളുമാണുള്ളത്
mlm_04296_00957317645	അതിനാൽത്തന്നെ അവ ചെറുതാവുകയല്ല വലുതാവുകയാണ്‌ ചെയ്യുന്നത്
mlm_08777_00748796129	ഇംഗ്ലീഷ് എന്ന വാക്കാൽ വിവക്ഷിക്കാവുന്ന ഒന്നിലധികം കാര്യങ്ങളുണ്ട്
mlm_03915_01771308482	വ്യക്തമായ കാരണങ്ങള്‍ ഇല്ലാതെ ആരെയും ബ്ലോക്ക് ചെയ്യരുത് എന്ന് അപേക്ഷ
mlm_08822_02014557812	ആനയുടെ പല്ലുകൾ താഴെനിന്നു മുകളിലേക്ക് വളരുകയല്ല ചെയ്യാറ്
mlm_09125_01152885217	ഗാന്ധിജി എന്ന വ്യക്തിയെ പറ്റി എഴുതുമ്പോൾ വിമർശനം എന്ന ഭാഗം അത്യാവശ്യം തന്നെ
mlm_03048_01398944653	അകത്തേ അറയുടെ നാലു വശത്തായി നാലു ആർച്ചുകൾ സ്ഥിതി ചെയ്യുന്നു
mlm_05535_00159291935	അസോസിയേഷൻ ഫുട്ബോൾ എന്നതും മറ്റൊരു പേരാണ്
mlm_03048_01813346912	അതിന്റെ ആദ്യലക്കം ആയിരത്തിയെഴുന്നൂറ്റിയമ്പത്തിയാറ് മാർച്ച് പത്തൊമ്പതാം തിയതി പുറത്തിറങ്ങി
mlm_02064_00073258782	അത് വീണ്ടും രണ്ടായി മാറി രണ്ട് ഭാഗങ്ങളായി തീർന്ന് ഇന്ന് നിൽക്കുന്ന സ്ഥാനങ്ങളിലെത്തി
mlm_05535_00690145597	മഹാവിഷ്ണു ആണ് ഇവിടത്തെ പ്രധാന പ്രതിഷ്ഠ
mlm_04296_01900167692	അവിടെ കുടുംബസ്വത്തിന്റെ ഭാഗമായ ടങ്ങ്സ്ടൻ ഖനികളിൽ അദ്ദേഹം ജോലിചെയ്തു
mlm_08777_00991432142	അത് കൊണ്ട് തന്നെആയിരിക്കണം ഇവിടെ സന്ദർശകർ ഏറിവരുന്നത്
mlm_08777_00488303304	അവിടെ കടപ്പുറത്ത് ഉപ്പുണ്ടാക്കി ഗാന്ധിയും അനുയായികളും നിയമം ലംഘിച്ചു
mlm_02367_01296131190	അഞ്ചാമത്തെ വ്യവസ്ഥകൾ ഒഴിവാക്കാം എന്നു കരുതുന്നു
mlm_08822_01649085632	അനേകം സംസ്കാരങ്ങൾ ഒത്തുചേർന്ന ഒരു നഗരമാണ് മദീന
mlm_09125_00563838465	ആവശ്യമുള്ളപ്പോഴെല്ലാം കടുത്ത ഭാഷയിലുള്ള വിമർശനങ്ങളുയർത്തിയിരുന്നു
mlm_05535_01303783231	അഫ്ഗാനിസ്താന്റെ തൊട്ടുവടക്കുള്ള തുർക്കിസ്താൻ ഈ വർഷം റഷ്യയുടെ നിയന്ത്രണത്തിലായിരുന്നു
mlm_03048_00281960996	പുതിയ കാമറ വാങ്ങി എന്ന് തോന്നുന്നു
mlm_03993_01463446072	അതിന്റെ മുഖം ശ്രീകോവിലിലേക്കാണ്‌‍
mlm_00950_00774775458	അന്നത്തെ സുപ്രീം കോടതി ജഡ്ജിയായിരുന്ന കാർലോസ് പിയദ്രയെ പുതിയ പ്രസിഡന്റായി നിയമിച്ചു.
mlm_03915_01978904261	അപ്രകാരം സംഭവിക്കുന്നത് ഊർജ്ജസംരക്ഷണനിയമത്തിനും സംവേഗസംരക്ഷണനിയമത്തിനും എതിരാകും
mlm_03048_00774427189	അത് തനിക്കു തിരികെ തരുകയില്ലെന്ന് വാക്കുതരണമെന്നും അദ്ദേഹം അവരോടാവശ്യപ്പെട്ടു
mlm_03048_01637133769	അഡ്വഞ്ചേഴ്സ് ഓഫ് ആൻ ഓഫീസർ ഇൻ ദ സെർവീസ് ഓഫ് രഞ്ജിത് സിങ് എന്നായിരുന്നു ഇതിന്റെ പേര്
mlm_02501_01777151676	ആയിരം അടിയിൽ
mlm_00572_00893713496	ഈ ടെമ്പ്ലേറ്റ് ഞാൻ ചാലക്കുടി അങ്കമാലി എന്നീ പേജുകളിൽ ഉപയോഗിച്ചു
mlm_02745_01789283394	അച്ചടക്കമില്ലാത്ത ക്രിസ്ത്യൻ സമൂഹം എന്നാണ് വില്ല്യം ആദ്യം അവരെ പറ്റി ധരിച്ചത്
mlm_05535_00265822571	അതുകൊണ്ട് പൊള്ളോക്ക് ഹെൻറിയെ ജലാലാബാദിലേക്ക് വിളിപ്പിച്ചു
mlm_03915_01623902956	അത് ഓരോ ഭൂവുടമയുടെയും ഉടമസ്ഥാവകാശം തൊള്ളായിരത്തി തൊണ്ണൂറ്റി മൂന്ന് ഏക്കറിൽ പരിമിതപ്പെടുത്തി
mlm_03048_00654334132	അന്നത്തെ നമ്പൂതിരി പാഠ്യശാലകൾ ശാലൈ എന്നാണ് അറിയപ്പെട്ടിരുന്നത്
mlm_02501_01435026437	രണ്ടായി പിരിയുന്നയിടത്ത് ഇടത്തേക്ക് പോകുക
mlm_00950_00720407132	അദ്ദേഹത്തിന്റെ കഠിനമായ അച്ചടക്കനടപടികളിൽ ശാരീരിക ശിക്ഷകളും ഉൾപ്പെട്ടിരുന്നു.
mlm_02367_00813838333	അതിഗഹനമായ വേദസുക്തങ്ങളും മന്ത്രങ്ങളും സാധാരണക്കാരന് അപ്രാപ്യമാണ്
mlm_09171_01122058840	അല്ലെങ്കിൽ അത് സഭയുടെ താളിലേക്ക് മാറ്റാം
mlm_00572_00493168465	തെക്കേ ഇന്ത്യയിലെ ഏറ്റവും പ്രശസ്തമായ ഗണപതി ക്ഷേത്രങ്ങളിൽ ഒന്നാണ് ഇത്
mlm_03915_01431227661	അത് വയറിൽ കുടുങ്ങി രോഗങ്ങളോ മരണമോ ഒക്കെയും സംഭവിക്കാൻ സാധ്യതയുണ്ട്
mlm_03048_00035167294	അതുപോലെ കരിങ്കൽ തൂണുകളിൽ മനോഹരമായ കൊത്തുപണികളും കാണാം
mlm_02367_00374656075	പടിഞ്ഞാറൻ ഇന്ത്യയിലെ ഒരു നദിയാണ് മാഹി
mlm_03993_01717291423	ആനകൾ മൃഗശാലകളിലും ദേശീയോദ്യാനങ്ങളിലും പ്രദർശിപ്പിച്ചുവരുന്നു
mlm_02367_01141986004	അവന്റെ അഭിപ്രായം ഒരു പരിധി വരെ ശരിയാണ്
mlm_06515_00852691177	ആദ്യവർഷം പഠിക്കാനുള്ള വിഷയങ്ങളിൽ നിയമം കൂടി ഉൾപ്പെട്ടിരുന്നു
mlm_05535_00134006648	സംശയങ്ങൾ ഉണ്ടെങ്കിൽ എന്റെ സംവാദം പേജ് എഡിറ്റ് ചെയ്ത് ഒരു കുറിപ്പ് ഇടുക
mlm_00269_00312304708	സാംസ്കാരിക രംഗത്തെ മഹത്തായ നാല് സംഭാവനകൾ നൽകിയിട്ടുണ്ട് അങ്കമാലി
mlm_02367_01305162413	അവിയലും സാമ്പാറും പിന്നീട് വന്നതാണ്
mlm_00572_01059991807	അറബിയിതര ഭാഷകളിൽ സ്ഥാപനത്തിന്റെ പേരുകൾ വലുതാക്കി എഴുതി വെക്കാൻ പാടില്ല
mlm_00269_01485107701	മുരളി എന്ന പേരിലാണ് സാധാരണ അറിയപ്പെടുന്നത്
mlm_08777_01688169272	അത് കോടതിയിൽ അന്ന് വീണ്ടും ചോദ്യം ചെയ്യപ്പെട്ടു
mlm_02367_00529265384	ആദ്യമായാണ് സച്ചിന് കാണികളിൽ നിന്ന് ഇത്തരമൊരു പ്രതികരണം നേരിടേണ്ടിവന്നത്
mlm_07330_00730156570	അവയെക്കുറിച്ചറിയാൻ ഉള്ളൂർ നാനാർത്ഥങ്ങൾ എന്ന താൾ കാണുക
mlm_02367_01479700056	അല്ലാത്ത ദിവസങ്ങളിലെ വിശിഷ്ടാഹാരം പച്ചവെള്ളവും ഏതാനും ഈത്തപ്പഴവും
mlm_02745_00194925094	അവളുടെ കുടുംബത്തിലും പലർക്കും ക്ഷയരോഗം പിടിച്ചിരുന്നു
mlm_05535_00503980382	എങ്കിൽ കുഴപ്പം ഇല്ല എന്നു തോന്നുന്നു
mlm_08822_01118664900	അവിടെ വച്ച് അവർ സ്വയം അറസ്റ്റ് വരിക്കുകയും ചെയ്തു
mlm_09125_00158771289	അവരുടെ സൗഹൃദം പ്ലേറ്റോണികമായിരുന്നുവെന്ന് വാദിക്കുന്ന ആധുനികവ്യാഖ്യാതാക്കളുണ്ട്
mlm_03048_01240659316	ഈ താളില്‍ ചില വിവരങ്ങള്‍ ഉണ്ട്
mlm_08777_01938634668	അപ്പീൽ കോടതിയുടെ വിധി സുപ്രീംകോടതി ശരിവെച്ച ശേഷമാണ് ശിക്ഷ നടപ്പാക്കുക
mlm_03048_01736004396	അദ്ദേഹത്തിന്റെ നാലു സഹോദരന്മാരിൽ മൂന്നുപേർ ആത്മഹത്യചെയ്യുകയായിരുന്നു
mlm_02745_01501403518	എന്നാല്‍ ഇതു ശരിയാണോ എന്നു സംശയമുണ്ട്
mlm_02064_02042418041	ആദ്യമായി ഇത് ചേർക്കാം എന്നു കരുതുന്നു
mlm_09171_01712918697	കൊച്ചി നിരന്തരം ഇതിനു സാക്ഷ്യം വഹിച്ചു
mlm_09125_00552498095	അർഗീസിന് ഒന്നിലധികം ഭാര്യമാരുണ്ടായിരുന്നു
mlm_08822_00330756512	അന്റാർട്ടിക്കയിലെ ശീതകാലത്ത് പ്രത്യുത്പാദനധർമ്മം നിർവഹിക്കുന്ന ഏക പെൻഗ്വിനാണ് എമ്പറർ പെൻഗ്വിൻ
mlm_07330_01279470091	അന്നത്തെ യുദ്ധത്തിൽ വ്യോമ ബോംബാക്രമണം ഭയന്നിട്ടാണ് ഇത് ചെയ്തത്
mlm_00950_01212204517	ഇന്ത്യയുടെ സുവര്‍ണ്ണ കാലഘട്ടം എന്ന് മഗധ നിലനിന്ന കാലം അറിയപ്പെടുന്നു
mlm_06515_01621899243	അത്യാസന്ന ആസ്മയിൽ രോഗനിർണയത്തിനു ഡോക്ടറുടെ പരിശോധന മാത്രം മതിയാകും
mlm_07330_01370314562	ആ പരാമർശം ഞാൻ ലേഖനത്തിൽ നിന്നും നീക്കം ചെയ്തു
mlm_00572_01803488871	അപ്പോൾ കഴിവതും മലയാളം വാചകങ്ങൾ തന്നെ ഉപയോഗിക്കുക
mlm_02745_01491646356	ചന്ദ്രനില്‍ അന്തരീക്ഷം ഇല്ല എന്നു തന്നെ പറയാം
mlm_02501_01205035830	മുന്നൂറ്‌ മീറ്ററിൽ
mlm_03915_00691764952	അദ്ദേഹം അനേകം പ്രാർത്ഥനാ യോഗങ്ങളിൽ പങ്കെടുത്തു
mlm_07330_01666792209	അന്നത്തെ കളിയുടെ അവസാനം ഇരുന്നൂറ്റിയഞ്ച് റൺസുമായി ബ്രാഡ്മാൻ പുറത്താകാതെ നിന്നു
mlm_09125_00228815115	അരമണ്ഡല നിലയിലിരുന്ന് മുട്ട് മടക്കി പാദം നേരെ ഉയർത്തി തറയിൽ തട്ടുന്നു
mlm_07330_01630575686	അവിടുന്ന് യഹൂദേതരരുടേയും ദൈവമല്ലേ
mlm_03915_02113911154	ആനകൾ എഴുപത് വയസ്സ് വരെയും അതിനു ‍മുകളിലും ജീവിക്കാറുണ്ട്
mlm_00572_01855934025	അദ്ദേഹത്തിന് പെട്ടെന്ന് ലാഹോറിലേക്കെത്തിക്കാനായില്ല
mlm_02367_00252606262	അതിൽ പ്രധാനപ്പെട്ടതാണ് വേലിയേറ്റവും വേലിയിറക്കവും
mlm_02064_01522991062	അന്തരീക്ഷ ശാസ്ത്രമനുസരിച്ച് കേരളത്തിൽ നാല് ഋതുക്കളുണ്ട്
mlm_03915_01211186719	യന്ത്രം എന്ന വാക്കിനാല്‍ വിവക്ഷിക്കാവുന്ന ഒന്നിലധികം കാര്യങ്ങളുണ്ട്
mlm_03915_01282951133	ഞാൻ സ്റ്റേഷനിലെത്തിയപ്പോഴേക്കും തീവണ്ടി പുറപ്പെട്ടു കഴിഞ്ഞിരുന്നു
mlm_05535_01801135972	അകത്തെ അറയുടെ ചുവരുകൾക്ക് ഇരുപത്തിയഞ്ച് മീറ്റർ ഉയരമുണ്ട്
mlm_03048_02046229566	അക്രമനടപടികളോട് പ്രതിക്ഷേധിച്ച് സംസ്ഥാനതല സമരം തുടങ്ങി
mlm_09125_01576724517	അരി വേവിച്ച് വെള്ളം ഊറ്റിക്കളയാതെയാണ് ചോറ് കഴിക്കുന്നത്
mlm_00572_00470886505	അധിക സമയം തുടങ്ങിയ ശേഷം ആദ്യം ഗോൾ നേടുന്ന ടീമിനെ വിജയിയായി പ്രഖ്യാപിക്കുകയായിരുന്നു ആദ്യ രീതി
mlm_08822_01865228561	അതുപോലെ കോപ ഡെൽ റേ ഫൈനലിൽ ഒരു വട്ടം നേർക്കുനേർ വന്നപ്പോൾ ജയിച്ചതും ബാഴ്സയാണ്
mlm_02367_01529565910	മലയാളം തമിഴ് ചലച്ചിത്രങ്ങളിലെ ഒരു അഭിനേത്രിയാണ് കാവ്യ മാധവൻ
mlm_00572_01385281174	അവശേഷിച്ച സമയമത്രയും ക്രിസ്മസ് അവധിക്കാലമടക്കം ജോൺസൺ പഠനത്തിൽ മുഴുകി
mlm_02501_01006276788	നേരേ തുടരുക
mlm_02367_01702570575	അങ്കോർ ആയിരുന്നു ഈ വികാസത്തിന്റെ കേന്ദ്രം
mlm_08777_01777587825	മഹാരാഷ്ട്ര കർണ്ണാടക എന്നിവയാണ് അയൽ സംസ്ഥാനങ്ങൾ
mlm_08822_00169761788	ആദ്യയാത്രയിൽ മുന്നൂറ്റിയെഴുപത്തിയഞ്ച് മണിക്കൂറുകളോളം കൽപന ബഹിരാകാശത്തു ചിലവഴിച്ചു
mlm_09125_02013945735	അഗസ്തീനോസിന്റെ കൃതികളിൽ ഏറ്റവും അറിയപ്പെടുന്നത് ഈ രചനയാണ്
mlm_00950_01462592650	ആ വർഷം ദുൽഹജ്ജ് മാസത്തിൽ തന്നെ മദീനയിലേക്ക് തീർത്ഥാടകരും യാന്ത്രിക വാഹനങ്ങളിൽ വരാൻ തുടങ്ങി.
mlm_03048_00817118710	അവ നിർദ്ദേശങ്ങളുടെ അർത്ഥം വേഗം ഗ്രഹിക്കുകയും അതിനനുസരിച്ച് പെരുമാറുകയും ചെയ്യുന്നു
mlm_04296_01276600551	ആസ്റ്ററുടെ പ്രസാധനനയങ്ങളിൽ ഓർവെലിന്റെ ശക്തമായ സ്വാധീനം പ്രകടമായിരുന്നു
mlm_04296_01613609738	ആഗ്രയിൽ സഞ്ചാരത്തിന് സാധാരണ നിലയിൽ ടാക്സിയും ഓട്ടോറിക്ഷയും ലഭ്യമാണ്
mlm_00950_00632345834	ആനിമൽ ഫാം എഴുതിത്തുടങ്ങാൻ അദ്ദേഹത്തിന് തിരക്കായിരുന്നതും മറ്റൊരു കാരണമായിരുന്നു.
mlm_09171_00902673857	അതിന് പകരം താൻ സത്യത്തെ കയ്യെത്തിപ്പിടിച്ചെന്ന് വിശ്വസിച്ച് അദ്ദേഹം സ്വയം പരിഹാസ്യനായി
mlm_02367_01045562798	അവന്റെ പ്രസംഗത്തിന്റെ ഉള്ളടക്കം വളരെ നല്ലതായിരുന്നു
mlm_03915_00871319188	ആർട്ടിക് തീരത്ത് ഇതിനുള്ള സാങ്കേതിക മാർഗങ്ങൾ വികസിപ്പിച്ചു കഴിഞ്ഞിരിക്കുന്നു
mlm_09171_00292913269	അതിൽ മൂന്ന് തവണ തൊണ്ണൂറ്റിയൊമ്പത് റൺസിൽ നിൽക്കുമ്പോഴാണ് പുറത്തായത്
mlm_08777_00879387554	അത് പരസ്യമാക്കിയത് ആരെന്ന ചോദ്യത്താൽ ഓസ്ട്രേലിയൻ തമ്പ് പുകഞ്ഞു
mlm_09125_02034636570	അതിനാൽ മനുഷ്യർ ഉപയോഗിച്ചിരുന്ന ആനകൾ അധികവും പിടിയാനകളായിരുന്നു
mlm_02064_00592759636	പ്രവീൺ എഴുതിയത് ഇങ്ങനെ മാറ്റി എഴുതിയാലും അത് കുഴപ്പമില്ല
mlm_07330_00254108149	അവർ ദാരിദ്ര്യത്തിൽ തന്നെ തുടർന്നു
mlm_08822_00798904185	പിന്നീട് പ്രശ്നം ഉണ്ടെങ്കിൽ മാറ്റിയാൽ മതി
mlm_02367_02057921073	മഴക്കാലത്ത് പക്ഷേ ഇതിന്റെ ശല്യം കുറവായിരിക്കും
mlm_02367_00640427932	അവിടെ നിന്ന് പുതിയ നയങ്ങൾ ഉണ്ടാകും
mlm_08822_00411038170	ഈ ലേഖനത്തിനു റോമാ റിപ്പബ്ലിക്ക് എന്ന പേര് അല്ലേ കൂടുതൽ അനുയോജ്യം
mlm_00572_02038332625	ഇംഗ്ലീഷ് വിക്കിയിലെ ഈ താൾ ശ്രദ്ധിക്കുക
mlm_05535_01326154281	അയാൾ നൽകുന്ന ഉപദേശങ്ങളെ മറികടക്കാൻ മറ്റാർക്കും അധികാരമില്ല
mlm_06515_01716540895	എന്റെ അഭിപ്രായത്തിൽ വേണം എന്നു തന്നെയാണ്
mlm_09125_02008614473	താങ്കളുടെ ആദ്യ പരീക്ഷണം വളരെ വിജയകരമായിരുന്നു
mlm_05535_00857462731	അക്കാലത്തെ ഷാജഹാൻ ചക്രവർത്തിക്ക് വളരെയധികം സമ്പത്തും അഭിവൃദ്ധിയും ഉള്ള കാലമായിരുന്നു
mlm_09125_01692129980	അതു വിസമ്മതിച്ച ലൂഥർ കാമുകിയെ രഹസ്യത്തിൽ വിവാഹം കഴിക്കാൻ ഫിലിപ്പിനെ അനുവദിച്ചു
mlm_04296_00118361830	ആദിമസംസ്‌കാരങ്ങളിലെ ജ്യോതിശാസ്ത്രജ്ഞന്മാർ ചിട്ടയായ ആകാശനിരീക്ഷണങ്ങൾ നടത്തിയിരുന്നു
mlm_04296_01665676496	അക്ബർ നിർമിച്ച രണ്ടു കോട്ടകൾ ലാഹോറിലും അലഹബാദിലുമാണ്
mlm_07330_00244666898	അതിന് അവലംബം എത്ര വേണമെങ്കിലും കൊടുക്കാൻ പറ്റും
mlm_09125_00018724527	അവരുടെ ശ്രമങ്ങൾ ഫലപ്രാപ്തിയിലെത്തുന്നതിനു മുമ്പു തന്നെ സർക്കാർ അതെല്ലാം തടയുകയായിരുന്നു
mlm_08777_01717800459	കോഴിക്കോട് ചേര സാമ്രാജ്യത്തിന്റെ കീഴിലായിരുന്നു
mlm_09125_00893629923	അതുകൊണ്ടുള്ള വിരോധമായിരുന്നു ഈ തീരുമാനമെടുക്കാൻ കാരണം
mlm_09125_01432369933	അമ്മ ആനാ ഡെബോറ ബറൂക്കിന് ആറുവയസ്സുള്ളപ്പോൾ മരിച്ചു
mlm_09171_00009758335	അവയൊന്നും വേണ്ടത്ര പിന്തുണ നേടിയില്ല
mlm_07330_00205669968	ആദ്യമെല്ലാം ഇവ താളിയോലയിലും പിന്നീട് കടലാസിലും അവ പകർത്തി
mlm_02367_01578778281	ദൈവത്തിന്റെ അമ്മ എന്നാണ് ഈ പദങ്ങളുടെ അർത്ഥം
mlm_02367_02067796375	അതിലെ ഒരു രാജാവായ വോഡെയാർക്കാണ് നീലഗിരി പീഠഭൂമിയുടെ അവകാശം സിദ്ധിച്ചത്
mlm_03048_00158122778	ലേഖനത്തില്‍ നിന്നും നീക്കം ചെയ്ത ഭാഗങ്ങള്‍ തല്‍ക്കാലം ഇവിടെ ചേര്‍ത്തിരിക്കുന്നു
mlm_03048_02115580024	അത് പ്രബുദ്ധമായ ഒരു അരാജകാവസ്ഥയാണ്
mlm_02501_00921510755	ട്രാഫിക് സർക്കിളിൽ, വഴിയിലേക്ക് പോവുക
mlm_03915_01082000567	വിവിധ സാമൂഹിക മേഖലകളിൽ കൈവരിച്ച ചില നേട്ടങ്ങൾ മൂലം കേരളം ശ്രദ്ധിക്കപ്പെടുന്നുണ്ട്
mlm_02064_01187939077	അമുസ്ലീങ്ങളുടെ മേൽ ചുമത്തിയിരുന്ന ജസിയ നികുതി അക്ബർ നീക്കംചെയ്തു
mlm_04296_00248238356	അവസാനം ഒരു ഗൂഡാലോചനയുടെ ഫലമായി ബ്രൂട്ടസ് എന്ന അദ്ദേഹത്തിന്റെ സുഹൃത്ത് ജൂലിയസിനെ കുത്തിക്കൊന്നു
mlm_09171_01777777591	എനിക്ക് അതിനെ കുറിച്ച് വലിയ വിവരം ഇല്ല
mlm_06515_01641689292	അതേ പോലെ നിങ്ങൾ കാണുന്ന പ്രശ്നങ്ങൾ ഒക്കെ താഴേക്ക് ലിസ്റ്റ് ചെയ്യുക
mlm_03048_01126184799	അതിനുശേഷം അദ്ദേഹം അർജന്റീന ടീമിലെ സ്ഥിരം അംഗമായി
mlm_09171_00046672526	അലാരിപ്പ് ജതിസ്വരം ശബ്ദം വർണം പദം ജാവളി ശ്ലോകം തില്ലാന എന്നീ ഇനങ്ങളാണ് ഭരതനാട്യത്തിൽ ഉള്ളത്
mlm_03048_01113873060	അദ്ദേഹത്തിന്‌ എട്ടു വയസ്സുള്ളപ്പോൾ പിതാവ് മരിച്ചു
mlm_03048_01610195577	ഒരു പ്രാവശ്യം ഞാന്‍ ചെയ്തു കാണിച്ചു തരാം ഇവിടെ നോക്കുക
mlm_08822_01231518206	അർത്ഥം ഉച്ചാരണം എന്നിവ കൊടുത്താൽ മതി
mlm_03048_00654451434	അന്നുവരെ വന്നവരാകട്ടേ ദുർഘടം നിറഞ്ഞ മലമ്പാതകളിലൂടെ നടന്നും കഴുതപ്പുറത്തുമാണ്‌ വന്നിരുന്നത്
mlm_02745_01351875139	തേക്കടിയിൽ നിലവിൽ കാണുന്ന തടാകം മുല്ലപ്പെരിയാർ ഡാം കെട്ടിയതിന് ശേഷം ഉണ്ടായതാണ്
mlm_08777_00510628373	അതിലൊന്നായിരുന്നു ഇഷ്ടിക നിർമ്മാണം
mlm_09171_01058790446	അപ്പോഴേക്ക് നീച്ച പൂർണ്ണമായും വിഭ്രാന്തിയുടെ പിടിയിലായിരുന്നു
mlm_07330_01475218073	സംവാദം താളുകളിൽ മറ്റുള്ളവരുടെ സംവാദങ്ങൾ എഡിറ്റ് ചെയ്യരുത്
mlm_03993_01264234650	അതിനു ശേഷം ആണ് റോമൻ റിപ്പബ്ലിക്ക് എന്ന ആശയം ഉടലെടുത്തത്
mlm_09125_01394887449	അങ്ങനെ മഴയെ ആശ്രയിച്ചു മാത്രം കൃഷി ചെയ്തിരുന്ന സ്ഥലങ്ങളിൽ കൃഷിപ്പിഴ ഒഴിവായി
mlm_03048_00174063771	ആൽബർട്ട് ഐൻസ്റ്റൈന്റെ ലോകവീക്ഷണത്തെ ഏറ്റവുമേറെ സ്വാധീനിച്ച തത്ത്വചിന്തകനായിരുന്നു സ്പിനോസ
mlm_07330_00650647765	അതിന്റെ മറുഭാഗം മറ്റൊരു കുഴൽ വഴി വെന്റിലേറ്റർ യന്ത്രവുമായി ഘടിപ്പിക്കുന്നു
mlm_08777_01525402212	ആയിരക്കണക്കിന് കാഴ്ചകുലകളാണ് ഭക്തർ ഉത്രാടദിവസം ഗുരുവായൂരപ്പനു സമർപ്പിക്കപെടുന്നത്
mlm_03915_00757768126	ആവശ്യമായ ബ്രിട്ടീഷ് സേനാംഗങ്ങളുടെ കണക്ക്
mlm_06515_01310737017	അതിനു താഴെയുള്ള തറ ഭാഗം വിലപ്പെട്ട കല്ലുകൾ കൊണ്ട് അലങ്കരിച്ചിരിക്കുന്നു
mlm_09171_00719692370	ശരിയായ പേര് അയ്യപ്പൻ പിള്ള എന്നാണ്
mlm_00950_01311565736	അവർക്ക് വേണ്ടുന്ന നിയമങ്ങൾ അവർ ഉണ്ടാക്കിയ ജനകീയ അസംബ്ലികൾ നിർമ്മിച്ചു പോന്നു.
mlm_00950_01615699454	ആയിരത്തോളം വർഷം പഴക്കമുള്ള ഈ മലമ്പാത സൗദി അറേബ്യയിലെ പ്രധാന ആകർഷണങ്ങളിൽ പെട്ടതാണ്.
mlm_00950_01208604636	അതുകൊണ്ട് തന്നെ തന്റെ ദ്വിഭാഷിയായി ഒരു കൗമാരക്കാരനെ ചെ തിരഞ്ഞെടുത്തു.
mlm_05535_00432821560	ജാതി എന്ന വാക്കിനാൽ താഴെപ്പറയുന്ന എന്തിനേയും വിവക്ഷിക്കാം
mlm_03993_01468517037	ആനിമൽ ഫാമിന്റെ രണ്ടാം പതിപ്പായിരുന്നു ആ പുസ്തകം
mlm_00572_00566012637	ഭൂമിയിലെ ഒരു മാസം അവർക്ക് ഒരു ദിവസം ആകുന്നു
mlm_00950_00378940573	അവയെക്കുറിച്ചറിയാന്‍ ദേശാഭിമാനി നാനാര്‍ത്ഥങ്ങള്‍ എന്ന താള്‍ കാണുക
mlm_00269_01188036479	അവയെക്കുറിച്ചറിയാൻ വയലാർ നാനാർത്ഥങ്ങൾ എന്ന താൾ കാണുക
mlm_07330_00159680253	അവൾ അതു ഭക്ഷിക്കുകയും കുറേ ആദത്തിനായി കൊണ്ടുപോവുകയും ചെയ്യുന്നു
mlm_00950_00499858850	എനിക്ക് തെറ്റു പറ്റി എല്ലാവരും എന്നോട് ക്ഷമിക്കണം
mlm_03048_01791132617	അതിനാൽ ഗാന്ധി ഒത്തുതീർപ്പിലൊന്നും എത്താതെ മടങ്ങി
mlm_03915_00377609501	ഇതില്‍ ഏതു വേണം എന്നൊരു ചര്‍ച്ച ഇവിടെ നടക്കുന്നുണ്ട്
mlm_07330_01176568658	അതിനാലാണ് അദ്ദേഹം ഇന്ത്യയുടെ രാഷ്ട്രപിതാവ് എന്ന് അറിയപ്പെടുന്നത്
mlm_03915_00665169318	അദ്ദേഹം ഒരേസമയം രചയിതാവും കഥാപാത്രവും സാക്ഷിയുമായി
mlm_05535_01072936981	അക്ബർ എന്ന വാക്കാൽ വിവക്ഷിക്കാവുന്ന ഒന്നിലധികം കാര്യങ്ങളുണ്ട്
mlm_02064_01415874838	ആണിയുടെ അഗ്രത്തിൽ ഒലീവ് മരത്തിന്റെ സൂക്ഷ്മഭാഗങ്ങളുണ്ടായിരുന്നു
mlm_03048_02107270265	അതിന്റെ വികസിതദശയിൽ ഏതാണ്ട് മുപ്പതോളം ക്ഷേത്രങ്ങൾ പണിതീർത്തിട്ടുണ്ട്
mlm_09171_02136277993	അഞ്ചു ഭാഗങ്ങളായി തിരിച്ച ഘടനയാണ് ഈ കൃതിക്കുള്ളത്
mlm_05535_00107142967	നാളെ നമ്മൾ ശത്രുക്കളുമായി ഏറ്റുമുട്ടും
mlm_02367_01895161873	അതിലെ വാക്കുകൾ വളരെ കടുത്തതായിരുന്നു
mlm_08777_01441705681	ആറു കൺസോളുകളാണ് ഉബുണ്ടുവിലുള്ളത്
mlm_08777_01269651063	അബ്ദുള്ള സേഠ് ഇസ്ലാമിനേക്കുറിച്ച് പഠിക്കാൻ എപ്പോഴും എന്നെ പ്രോത്സാഹിപ്പിച്ചിരുന്നു
mlm_00572_01295712292	അയാൾ അത് കുറേക്കാലം കൈയ്യിൽ തുടർച്ചയായി അണിഞ്ഞിരുന്നു
mlm_04296_01465319295	അല്പം എരിവും പുളിവും കലർന്ന ആഹാരരീതിയാണ് കേരളീയരുടേത്
mlm_08777_01270000059	അവിടെ പഠനവും സുഖഭോഗങ്ങളുടെ പിന്നാലെയുള്ള പരക്കം പാച്ചിലുമായി അദ്ദേഹം സമയം കഴിച്ചു
mlm_03048_00693732544	അതുപോലെതന്നെ ഓരോ രാജ്യത്തും ക്രിക്കറ്റ് നിയന്ത്രിക്കുന്ന ഒരു ദേശീയ ക്രിക്കറ്റ് ബോർഡ് ഉണ്ട്
mlm_09125_01526342127	ഇത് എന്റെ ഒരു സംശയം മാത്രമാണ്
mlm_03993_00031254920	അതിൽ ഏറ്റവും കുറവ് ചൈനീസ് ഭാഷ സംസാരിക്കുന്നവരാണ്
mlm_05535_01779816514	മമ്മൂട്ടി മലയാളത്തിലെ പ്രമുഖ ചലച്ചിത്രനടൻ
mlm_05535_01144506847	അദ്ദേഹം ആ മലയാളി ഡോക്ടറെ ജീവിതപങ്കാളിയാക്കി
mlm_08822_00196804271	കേരളത്തിലെ ആനകൾ എന്ന ലേഖനം വേണമെങ്കിൽ എഴുതാം
mlm_02745_00693015041	ഇതിനു പുറമെ ഒട്ടേറെ പുരസ്കാരങ്ങള്‍ ലഭിച്ചിട്ടുണ്ട്
mlm_00572_01691972619	അദ്ദേഹം ക്ലാർനെറ്റ് വായിച്ചിരുന്നു
mlm_02745_01682033032	ആനിമൽ ഫാമിന്റെ രണ്ടാം പതിപ്പായിരുന്നു ആ പുസ്തകം
mlm_03048_01279306390	അതിനാൽ തുറന്ന താരവ്യൂഹങ്ങളും പുതിയ നക്ഷത്രങ്ങളുടെ രൂപവത്കരണവും ഇവയിൽ കുറവാണ്
mlm_03993_01391044215	ആദം അവളെ അതിൽ നിന്നു വിളിച്ചു മാറ്റിയതിനു ശേഷവും അവൾ ആ നിഴലിലേയ്ക്ക് തിരികേ പോകുന്നുണ്ട്
mlm_08822_01990341576	അതിനു ശേഷം വളരെ പതുക്കെ ആയിരുന്നു വിക്കിപീഡിയയുടെ വളർച്ച
mlm_02064_00335884655	ആനകൾക്കായി ഒരു ദേശീയോദ്യാനം തയ്യാറാക്കുന്നതിന് തടസ്സങ്ങൾ ഒരുപാടുണ്ട്
mlm_02367_00740760753	അന്ന് ബ്രിട്ടീഷ്കാർ ആദരസൂചകമായി നൽകിയതാണ് റാണി പട്ടം
mlm_07330_00269052252	കേരളത്തിൽ ഉപയോഗിക്കുന്ന ഒരു ഭക്ഷണപദാർത്ഥമാണ് നൂൽപുട്ട് അഥവാ ഇടിയപ്പം
mlm_03915_01012609913	അന്ന് ഇൻഡ്യൻ ദേശീയതയുടെ നായകരായിരുന്ന നേതാക്കന്മാരെയെല്ലാം സന്ദർശിച്ചു
mlm_09125_01564632969	ആറു പേർക്കൊപ്പമായിരുന്നു കൽപനയുടെ രണ്ടാമത്തെ ബഹിരാകാശ യാത്ര
mlm_02367_00649236468	ആകാശത്തിലെ വിവിധ ഭാഗങ്ങളിലുള്ള നക്ഷത്രങ്ങളുടെ എണ്ണം അദ്ദേഹം കണക്കുകൂ
mlm_09171_01591837366	അതായത് പരിക്കു പറ്റുകയോ അസുഖം ബാധിക്കുകയോ ചെയ്യുമ്പോഴാണ് ഇങ്ങനെ പുറത്തുപോകുന്നത്
mlm_02367_01721971513	കൂടുതൽ വിവരങ്ങൾ വരുമ്പോൾ തിരിച്ചു ചേർക്കാം
mlm_07330_02119793902	ജുമുഅ മുസ്ലിം എന്ന വാക്കാൽ വിവക്ഷിക്കാവുന്ന ഒന്നിലധികം കാര്യങ്ങളുണ്ട്
mlm_09125_01657477457	അതോടെ കീറ്റ്സിന്റേയും സഹോദരങ്ങളുടേയും ചുമതല മുത്തശ്ശിയുടേതായി
mlm_02501_00586957782	അന്‍പത്ത് യാർഡിൽ
mlm_04296_00508998067	അതുകൊണ്ടുതന്നെയാണ് ഈ വിജയത്തിൽ ചെഗുവേരയ്ക്ക് ചരിത്രകാരന്മാർ ഒരു പങ്ക് നല്കുന്നത്
mlm_02064_00854304499	ആ വിഷയത്തിലെ ഒരു ഗ്രന്ഥം നിലവിലുണ്ട്
mlm_08777_01356795530	കൊച്ചി അന്താരാഷ്ട്ര വിമാനത്താവളം ആണ് ഏറ്റവും അടുത്തുള്ള വിമാനത്താവളം
mlm_08777_01115863104	അമൃത്സറിൽനിന്ന് ഇവരെ അനുഗമിക്കുന്നതിന് മറ്റൊരു സംഘവും ഉണ്ടായിരുന്നു
mlm_08822_01754371073	അതിലെ സാഹിത്യം ഹിന്ദുസ്ഥാനിയിലാണ്
mlm_08822_01896194424	അബ്ദുള്ള ബിൻ അബ്ദുൽ അസീസ് രാജാവാണ് സൗദി അറേബ്യയിലെ ഇപ്പോഴത്തെ ഭരണാധികാരി
mlm_03915_00282854936	ഇത് ടോർക്സിന്റെ കൃത്യതയേക്കാൾ പത്തു മടങ്ങ് കൂടുതലാണ്
mlm_00950_01716724237	അല്ലെങ്കിൽ ആദ്യം ബാറ്റു ചെയ്ത ടീം അത്രയും റൺസിനു ജയിച്ചു.
mlm_09125_00174089945	പക്ഷെ ഇന്നത്തെ അവസ്ഥയിൽ ഇത് പൂർണമായും സാധ്യമല്ല
mlm_02501_01222839072	ഒരു മുക്കാൽ മൈലിൽ
mlm_07330_01923720381	ആയിരം പേർക്ക് നമസ്കരിക്കാനുള്ള ഒരു പള്ളി ഇവിടെയുണ്ട്
mlm_03915_01240247702	അട സേമിയ ചെറുപയർ അരി തുടങ്ങിയവ ഉപയോഗിച്ചുള്ള സ്വാദിഷ്ഠമായ പായസം നിലവിലുണ്ട്
mlm_02501_01539253490	കിഴക്കോട്ട് പോവുക
mlm_02064_01510101904	അത് അദ്ദേഹം പൂർത്തിയാക്കിയില്ല
mlm_00572_00253167212	അദ്ദേഹം സിമന്റിനു പകരം എളുപ്പം ലഭ്യമായിരുന്ന ചുണ്ണാമ്പ് ഉപയോഗിച്ചു
mlm_08822_01634452424	അതായിരുന്നു അദ്ദേഹത്തിന്റെ ആദ്യത്തെ പഠന പര്യവേക്ഷണം
mlm_03048_02020829230	അതിനെ മാനിക്കാത്ത പുരോഹിതൻ പൗരോഹിത്യത്തിൽ നിന്നും പദവികളിൽ നിന്നും നീക്കപ്പെട്ടു
mlm_07330_01130586156	അസുഖബാധിതനായി ആശുപത്രിയിൽ ആയിരുന്നതിനാൽ ഈ പട്ടാളമുന്നേറ്റത്തിൽ ചാവേസ് പങ്കെടുത്തിരുന്നില്ല
mlm_08777_01327268475	റോമാ സാമ്രാജ്യത്തിൽ നാലു പാത്രിയാർക്കീസുമാരാണ് ഉണ്ടായിരുന്നത്
mlm_09171_00218497084	അച്ചടിശാലകൾ ഫൗണ്ടറികൾ ലെയ്ത്തുകൾ തുടങ്ങിയ സ്ഥാപനങ്ങളും ധാരാളമായി പ്രവർത്തിച്ചു വരുന്നു
mlm_02745_00856756132	അവിടങ്ങളിൽ വെച്ച് മാവോ റെഡ് ആർമി എന്നു പേരുള്ള തന്റെ സൈന്യം രൂപീകരിച്ചു
mlm_03915_01947477460	മന്ത്രിയെ കണ്ടപ്പോഴോ ഒപ്പമൊരു ഫോട്ടോ എടുക്കണമെന്നായി ആവശ്യം
mlm_02501_00106183396	കവലയിൽ മൂന്നാമത്തെ എക്സിറ്റ് എടുക്കുക
mlm_03048_00098245796	അസിൻറെ ആദ്യത്തെ വിജയചിത്രം അമ്മ നന്ന ഓ തമിള അമ്മായി എന്ന തെലുഗു ചിത്രമാണ്
mlm_02367_01669666265	ആൽഗകളും ഫംഗസുകളും അന്റാർട്ടിക്കയിൽ കാണപ്പെടുന്നു
mlm_08822_01404804505	ആ വർഷം തന്നെ തെനാലി എന്ന ഹാസ്യപ്രധാനമായ സിനിമയിലും കമലഹാസൻ അഭിനയിച്ചു
mlm_08822_00569810719	അതിനെ വാലാമപ്പുര എന്നോ തിണ്ണവീടെന്നോ വിളിക്കുന്നു
mlm_09125_00017908742	എട്ട് പേരെ പ്രസിഡന്റ് നാമനിർദ്ദേശം ചെയ്യുന്നു
mlm_05535_00412411400	അനേക വർഷങ്ങൾ അവർ ഒരേ കിടക്ക പങ്കിട്ടു
mlm_07330_01499693211	ആൻഡ്രോയ്ഡിൽ ഉപയോഗിക്കാവുന്ന വിവിധതരത്തിലുള്ള നിരവധി ആപ്ലിക്കേഷനുകൾ ലഭ്യമാണ്
mlm_05535_01430852348	അതിൽ അദ്ദേഹം യഹൂദവിരോധം ഏറിവരുകയാണെന്ന് അഭിപ്രായപ്പെട്ടു
mlm_08822_00563466199	മൈസൂർ എന്ന വാക്കിനാൽ താഴെപ്പറയുന്ന എന്തിനേയും വിവക്ഷിക്കാം
mlm_03915_00506992578	അതിനു ശേഷം ശരീരം കുറച്ചു സമയം കുരിശിൽത്തന്നെ നിർത്തി പ്രദർശിപ്പിച്ചിരുന്നു
mlm_02064_02009275871	നാനാർത്ഥങ്ങൾ എന്ന പേരിൽ ഒരു ഫലകം നിലവിലുണ്ട്
mlm_07330_00176169092	ചാക്യാർ കൂത്തും കൂടിയാട്ടവും പാരമ്പര്യ രീതിയിൽ അദ്ദേഹം അഭ്യസിച്ചു
mlm_03048_00845040475	ആദിവാസികളെ ഒഴിച്ചാൽ ഇവിടെ താമസിക്കുന്നവർ ഇന്ത്യയിലെ വിവിധ ദേശങ്ങളിൽ നിന്നും കുടിയേറിയവരാണ്‌
mlm_04296_01752624659	അതോടെ അലി രാജാവ് ബാഗ്ദാദിലേക്ക് രക്ഷപെട്ടു
mlm_09171_01336568473	അവയെക്കുറിച്ചറിയാൻ പറവൂർ നാനാർത്ഥങ്ങൾ എന്ന താൾ കാണുക
mlm_08777_00572813976	ഉദാഹരണത്തിന് കൊറിയ എന്നു സെർച്ച് ചെയ്യുക
mlm_05535_01700385701	നീലഗിരി ജില്ലയിലെ കൃഷി മൊത്തത്തിൽ രണ്ടായി തരം തിരിക്കാം
mlm_08777_00694115300	തമിഴിൽ നിന്നാണ് ഈ പദത്തിന്റെ ഉദ്ഭവം
mlm_08822_00648779275	അതോടെ നിമജ്ജിപ്പിക്കുന്ന ദുഃഖത്തിനിടയിലും ഞാൻ പുഞ്ചിരിക്കുവാനാരംഭിക്കും
mlm_06515_02059900134	ആഭ്യന്തര കലാപം തടയുവാനായി മാർത്താണ്ഡ വർമ മറവൻ പട രൂപപ്പെടുത്തി
mlm_09125_01903244250	മറാഠി എന്ന വാക്കിനാൽ താഴെപ്പറയുന്ന എന്തിനേയും വിവക്ഷിക്കാം
mlm_09125_00557712915	അസുഖത്തെ തുടർന്ന് ചാവെസിന്റെ സത്യപ്രതിജ്ഞ സുപ്രീം കോടതി ഇടപെട്ട് മാറ്റിവെപ്പിച്ചിരുന്നു
mlm_03915_00140572652	അവർക്ക് പാലും ഉച്ചഭക്ഷണവും സമ്മാനമെന്ന രീതിയിൽ കുളിക്കാനായി സോപ്പുകളും നൽകിയിരുന്നു
mlm_07330_01673798243	അദ്ദേഹം സന്ധിവാതത്തിനുള്ള ശസ്ത്രക്രിയക്ക് വിധേയനായി
mlm_08822_00193062618	അതുകൊണ്ട് ലഡാക് മേഖലയിലേക്ക് ചരക്കെത്തിക്കാനുള്ള എളുപ്പമാർഗ്ഗമാണ് ദേശീയ പാത ഒന്ന് എ എന്നു പറയാം
mlm_02367_01492676609	അദ്ദേഹം കൂടുതലും ഒരു ഭരണതന്ത്രജ്ഞനായിരുന്നു
mlm_02064_00759331092	അതിന്റെ തുടർച്ചയായി രണ്ടാം ഇന്നിംങ്സിൽ സച്ചിൻ അറുപത് റൺസ് നേടി പുറത്താകാതെനിന്നു
mlm_02501_00619896022	ഒരു കിലോമീറ്ററിൽ
mlm_02064_01871828079	കേരളത്തിൽ ഇടുക്കി ജില്ലയിലെ ഒരു ഗ്രാമമാണ്
mlm_03048_00210274907	എന്നാല്‍ ക്ഷേത്രങ്ങള്‍ ഇന്നും ഇതേ രീതിയില്‍ തന്നെയാണ്‌ നിര്‍മ്മിക്കുന്നത്
mlm_02064_00498646982	ഈ ലേഖനം അരി എന്ന താളുമായി ലയിപ്പിക്കുന്നത് ശുപാർശ ചെയ്തിരിക്കുന്നു
mlm_09125_00729495276	ഞാൻ ആ ലേഖനത്തിൽ ഒന്നും കാര്യമായി ചെയ്തിട്ടില്ല
mlm_03915_00927627609	അതിനാൽ ജ്ഞാനസ്നാനം നേടാതെ മരിക്കുന്നവരെല്ലാം നരകത്തിലെ അവസാനമില്ലാത്ത ദുരിതത്തിൽ ചെന്നെത്തുന്നു
mlm_09125_00660803166	യീസ്റ്റ് ചേർത്ത അരിമാവ് ആറു മണിക്കൂറോളം പൊങ്ങാൻ വെക്കുന്നു
mlm_06515_00074816466	ആഫ്രിക്കൻ ആനകളും ഏഷ്യൻ ആനകളും സ്വവർഗ്ഗരതിയിൽ ഏർപ്പെടാറുണ്ട്
mlm_02501_00870188160	വടക്കുപടിഞ്ഞാറോട്ട് പോവുക
mlm_03048_01719706514	അമേരിക്ക എതിർക്കുന്ന മറ്റൊരു രാജ്യമായ ക്യൂബയുമായി സവിശേഷ സൗഹൃദം നിലനിർത്തി
mlm_07330_01973345754	അമ്പയർമാർക്കു പുറമേ രാജ്യാന്തര മത്സരങ്ങളിൽ ഒരു മാച്ച് റഫറിയും ഉണ്ടായിരിക്കും
mlm_00572_01646835929	അവിടത്തെ അരിയോപാഗസ് എന്ന പൊതുസ്ഥലത്ത് അദ്ദേഹം പ്രസിദ്ധമായൊരു പ്രസംഗം നടത്തി
mlm_02501_00909621208	രണ്ടായി പിരിയുന്നയിടത്ത് വലത്തേക്ക് പോകുക
mlm_02501_00594838649	വഴിയിലേക്ക് വലത് തിരിയുക
mlm_05535_01527223739	അറ്റ്‌ലാന്റിക് തീരങ്ങളിൽ ജനവാസം നന്നെ കൂടുതലാണ്
mlm_03915_01498922739	കേരളത്തിലെ ഇടുക്കി ജില്ലയിലാണ് ഇത് സ്ഥിതി ചെയ്യുന്നത്
mlm_02367_00322906111	അദ്ദേഹം സിഡ്നിയിലെ ദി സൺ എന്ന പത്രത്തിലെ ലേഖകനായിരുന്നു
mlm_06515_00384294535	അമ്മാവന്റെ മക്കൾ ആദ്യമായി അന്ന് യുവാവിന് ക്ഷൗരം ചെയ്യുന്നു
mlm_08777_00846131782	അദ്ദേഹം അകത്തെ അറയിൽ ഒരു വലിയ ദീപസ്തംഭം സ്ഥാപിക്കുകയും ചെയ്തു
mlm_03048_00566471760	ക്രിക്കറ്റ് ബാറ്റും ബോളും ഉപയോഗിച്ചുള്ള കളിയാണ്
mlm_04296_00117295548	അക്കാലത്ത് സഞ്ചാരികളും കച്ചവടക്കാരും ഒരു വിശ്രമ കേന്ദ്രമെന്ന നിലയിൽ മക്കയെ ഉപയോഗിച്ചിരുന്നു
mlm_03048_00697885723	അപ്പോഴും അദ്ദേഹം പഠിപ്പിക്കലും സുവിശേഷ പ്രഘോഷണവും തുടർന്നു
mlm_00950_00499577074	അദ്ദേഹം തന്റെ സ്വകാര്യതയെ മറ്റെന്തിനേക്കാളും വിലമതിച്ചിരുന്നു.
mlm_00572_00077235321	ആക്രമണത്തെപ്പറ്റിയുള്ള അന്വേഷണത്തിന് ഈ ഫോൺ സന്ദേശങ്ങൾ ഏറെ സഹായകമായി
mlm_02064_02025756613	അതിന് നമ്മൾ പരമാവധി പരസ്യം കൊടുക്കണം
mlm_05535_01241013110	അദ്ദേഹത്തിന്റെ വാദങ്ങളുടെ കൂടുതൽ വിവാദപരമായ വശങ്ങൾ വെളിച്ചം കണ്ടിരുന്നില്ല
mlm_03915_02108442125	ഞാന്‍ ഹിന്ദി ബംഗാളി എന്നീ ഭാഷകളും താരതമ്യം ചെയ്തു
mlm_08822_01379136616	അതുപോലെ മംഗലം നദി ആണോ മംഗളം നദി ആണോ ശരി
mlm_00950_01426996082	ആദ്യത്തെ ക്ഷണം വന്നത് വെനിസ്വേലയിൽ നിന്നുമായിരുന്നു.
mlm_03048_01974997790	അടുത്ത കാലത്തായി ഈ സിദ്ധാന്തമാണ് കൂടുതൽ വിശ്വസനീയമായി കരുതിപ്പോരുന്നത്‌
mlm_03993_00948103665	അർണ്ണോസ് പാതിരി ഇവിടത്തെ പള്ളിയിലാണ് ആദ്യം പ്രവർത്തനം ആരംഭിച്ചത്
mlm_09125_01141920574	ലോകത്തിലെ തന്നെ ഏറ്റവും ജനസംഖ്യ ഉള്ള നഗരം ബോംബെ ആണ്
mlm_09125_00904726826	രൂപ എന്ന വാക്കാൽ വിവക്ഷിക്കാവുന്ന ഒന്നിലധികം കാര്യങ്ങളുണ്ട്
mlm_06515_01081390244	ഈ തിരുത്തൽ നടത്തിയത് ഞാൻ തന്നെ
mlm_08777_01069642034	അതുകൊണ്ട് നെൽവയലുകളിൽ ഇത്തരം ആൽഗകളും വളർത്താറുണ്ട്
mlm_00950_01711399816	കൂടുതല്‍ വിവരങ്ങള്‍ ഇവിടെ നിന്നു ലഭിക്കും
mlm_06515_00828371799	അവരുടെ അഭിപ്രായത്തിൽ ആര്യന്മാർ ഇന്ത്യൻ ഉപഭൂഖണ്ഡത്തിലെ തദ്ദേശീയരായിരുന്നു
mlm_07330_00087303729	ദയവായി ഇവിടെ കാത്തിരിക്കൂ
mlm_00950_00208161970	ദയവായി ആ വിവരങ്ങള്‍ എത്രയും പെട്ടെന്ന് ചേര്‍ക്കുക
mlm_04296_00132334045	അടികൾ ക്ഷേത്രത്തിൻറെ ചുമതല മൂന്ന് മഠങ്ങൾക്കായി പങ്കുവച്ചിരുന്നു
mlm_02367_00386422453	താങ്കളുടെ മനസ്സിൽ എന്താണ് എന്ന് മനസ്സിലായി
mlm_08822_00495019684	അതിനാൽ വളരെ ഫലഭൂയിഷ്ടമാണ് ഈ പ്രദേശങ്ങൾ
mlm_03915_01875091077	അബ്ദുൾ അസീസ് രാജാവ് ആണ് സൗദി അറേബ്യയിൽ ഒരു നീതിന്യായ സംവിധാനം സ്ഥാപിച്ചത്
mlm_09125_00526084855	ആനക്കൂട്ടത്തിലെ എല്ലാ ആനകളും ബന്ധുക്കളായതിനാൽ ആനയെ പരിപാലിക്കാൻ ആയകളുടെ ഒരു കുറവും ഉണ്ടാകാറില്ല
mlm_00572_01549331269	ദൈവം നമ്മൾ തന്നെയാണ് എന്നാണ് എന്റെ വിശ്വാസം
mlm_04296_01973962871	ആര്യന്മാർ ദേശവാസികളുടെമേൽ ആധിപത്യം സ്ഥാപിച്ചു കഴിഞ്ഞു
mlm_05535_00337158644	നമ്മൾ അതിനെ വെള്ളക്കുള്ളൻ എന്ന് നാമകരണം ചെയ്തു
mlm_00572_02050103308	അതുമായി ബന്ധപ്പെട്ട ഒരു പി ഡി എഫ് ഫയൽ ഉണ്ടായിരുന്നു
mlm_02367_00157704902	അത് പ്രോഗ്രാം കൂടുതൽ സങ്കീർണ്ണമാകാതിരിക്കാൻ സഹായിക്കുന്നു
mlm_03993_01525101824	ഇന്ത്യയിലെ എഴുപത്തിയഞ്ച് ശതമാനം ജനങ്ങളുടേയും പ്രധാന ഭക്ഷണമാണ്‌ അരി
mlm_00572_01876516153	അദ്ദേഹം പിന്നീട് നാപ്പോളിയിലേക്ക് ചേക്കേറി
mlm_08777_00499539621	ആറുമാസം ഹെൻറി നാട്ടിൽ ചിലവഴിച്ചു
mlm_02745_00860089983	അതിനുശേഷം രാഷ്ട്രത്തലവനായി നേതാജി സത്യപ്രതിജ്ഞ ചെയ്തു
mlm_08822_01922207867	അവിടെയും അദ്ദേഹം ശാന്തി സന്ദേശം പ്രചരിപ്പിച്ചു
mlm_02064_00917277733	പഴശ്ശി ഡാം അടുത്തുള്ള ഒരു പ്രധാന ആകർഷണമാണ്
mlm_03915_00747422629	കന്നി എന്ന വാക്കാല്‍ വിവക്ഷിക്കാവുന്ന ഒന്നിലധികം കാര്യങ്ങളുണ്ട്
mlm_02064_01710824055	അവരുടെ സംഗമങ്ങളിൽ ആത്മീയവിഷയങ്ങളാണ് ചർച്ചചെയ്യപ്പെട്ടിരുന്നത്
mlm_04296_01397325456	അവസാനം അദ്ദേഹം ക്രിക്കറ്റ് തിരെഞ്ഞെടുത്തു
mlm_00572_01687959074	ആഥോസ് മലയിലെ സന്യാസഭവനങ്ങളിൽ ചിലതിൽ സംയമികൾ എല്ലാ ദിവസവും അവരുടെ പാപങ്ങൾ കുമ്പസാരിക്കുന്നു
mlm_00572_00246396209	സംസ്ഥാനത്തെ രണ്ടാമത്തെ വലിയ പട്ടണമാണ് മൈസൂർ
mlm_03048_01296216352	അവയിലൊന്ന് മരണാന്തരം പ്രസിദ്ധീകരിച്ച ഡണ്ണിന്റെ സമഹാരത്തിൽ ഉൾപ്പെടുത്തിയിരുന്നു
mlm_09125_01155868197	കാവേരി നദി ദക്ഷിണ ഭാരതത്തിലെ എറ്റവും വലിയ നദികളിൽ ഒന്നാണ്
mlm_02501_02089347688	നാനൂറ് മീറ്ററിൽ
mlm_02064_01384293990	അതായത് ഇലക്ട്രോണിന്റെ വേഗം കൂടുതോറും അതിനെ ത്വരണത്തിന് വിധേയമാക്കുക കൂടുതൽ വിഷമകരമാകുന്നു
mlm_06515_00633380275	അദ്ദേഹം ഇതിനെ ഉപകാരമില്ലാത്ത വാതകം എന്നു വിളിച്ചു
mlm_07330_00191655395	ഇതു അദ്ദേഹത്തിന്റെ മികച്ച ചിത്രങ്ങളിൽ ഒന്നായി കണക്കാക്കപ്പെടുന്നു
mlm_02501_00732644083	നേരിയ ഇടത്
mlm_09125_01943087145	അവയിൽ എല്ലാമല്ലെങ്കിലും കുറേയധികം തരംതിരിച്ച് വാല്യങ്ങളായി പ്രസിദ്ധീകരിച്ചിട്ടുണ്ട്
mlm_03915_01974404470	അമേരിക്കൻ ചാരസംഘടനയായ സി_letter ഐ_letter എ_letter ഇവർക്ക് എല്ലാവിധ സഹായങ്ങളും നൽകിയിരുന്നു
mlm_05535_01969496788	ആദത്തേയും ഹവ്വായേയും പറുദീസയ്ക്ക് പുറത്താക്കുക എന്നതാണ് അയാളുടെ ദൗത്യം
mlm_06515_01911164723	അന്റാർട്ടിക് പ്രദേശത്തായിരുന്നു ഇവയെ ഏറ്റവും കൂടിയ എണ്ണത്തിൽ കണ്ടു വന്നിരുന്നത്
mlm_02367_01396085415	ഇതൊക്കെ എങ്ങനെ കൈകാര്യം ചെയ്യാം എന്നതിൽ ഒരു ചർച്ച ആവശ്യമാണ്
mlm_02367_01588588277	ബുദ്ധൻ എന്ന വാക്കിനാൽ താഴെപ്പറയുന്ന എന്തിനേയും വിവക്ഷിക്കാം
mlm_02745_01774449549	ആര്യന്മാർ ആര്യസാമ്രാജ്യത്തിലെ ഏഴു പുണ്യ നദികളിലൊന്നായും കാവേരിയെ കണക്കാക്കുന്നു
mlm_09171_01442498689	അനേകം ശിവനൃത്തങ്ങളെപ്പറ്റി പ്രകീർത്തിക്കുന്ന ശൈവഗ്രന്ഥങ്ങളുണ്ട്
mlm_08822_01262469652	അതിനാൽ ആ വാചകം ഞാൻ നീക്കം ചെയ്തു
mlm_05535_00425725246	എനിക്ക് ഈ പുസ്തകം ഇംഗ്ലീഷിലേക്ക് തർജ്ജമ ചെയ്താൽ കൊള്ളാമെന്നുണ്ട്
mlm_03915_01029469963	ഈ നഗരം പിന്നീട് ന്യൂ ഡെല്‍ഹി എന്ന് അറിയപ്പെട്ടു
mlm_02064_01518529424	അശോകൻ എന്ന വാക്കിനാൽ താഴെപ്പറയുന്ന എന്തിനേയും വിശേഷിപ്പിക്കാം
mlm_02367_01632286503	എന്താണ് അതിനു പിന്നിൽ എന്ന് ആർക്കും അറിയില്ല എന്നും മാത്രം
mlm_02064_02069281461	അവയെക്കുറിച്ചറിയാൻ ജീവകം നാനാർത്ഥങ്ങൾ എന്ന താൾ കാണുക
mlm_02367_00802925759	അവധിൽ പലയിടത്തും നിശ്ചയിക്കപ്പെട്ടിരുന്ന നികുതി വളരെ അധികമാണെന്നായിരുന്നു ഹെൻറിയുടെ അഭിപ്രായം
mlm_03915_01260983110	അദ്ദേഹം രൂപകല്പന ചെയ്ത വീടുകളും ധാരാളമുണ്ട്
mlm_03915_00150962250	അവയ്ക്ക് സാമ്പത്തികമായും സാമൂഹികമായും വളരെയധികം മൂല്യവും പ്രാധാന്യവുമുണ്ട്
mlm_09171_00779068955	ആരോഗ്യപ്രശ്നങ്ങൾ ഒഴിവാക്കാനും ആകാരഭംഗി വർദ്ധിപ്പിക്കാനുമെല്ലാമാണ് ഇങ്ങനെ ചെയ്യുന്നത്
mlm_05535_00587666174	അതുകൊണ്ടുതന്നെ ചാവേസ് ഏറ്റവും കൂടുതൽ പ്രിയങ്കരനായത് അവരുടെ ഇടയിലാണ്
mlm_03048_00816628387	അതിനാൽ ഇംഗ്ലണ്ടിൽ നിന്നും പ്രസ്സും മദ്രാസിൽ നിന്നും അച്ചുകളും വരുത്തി
mlm_02367_02135559067	അവർക്ക് ഈ മേഖലയുടെ അവകാശം കൈവന്നു
mlm_03048_01871143652	മൂവാറ്റുപുഴ കേരളത്തിലെ ഒരു പ്രധാന പട്ടണമാണ്
mlm_06515_00072883735	അവരുടെ അറിവനുസരിച്ച് അത് വരെ മക്കയിലെങ്ങും ഒരു ജലാശയത്തിന്റെ സാധ്യത ഇല്ലായിരുന്നു
mlm_03048_00010439785	അന്റാർട്ടിക്കയുടെ ഭൂപ്രകൃതിയും അവിടുത്തെ ശിലാനിർമ്മിതികളും മിക്കവാറും അക്കാലങ്ങളിലാണ് രൂപം കൊണ്ടത്
mlm_08777_01081572211	അതായത് നക്ഷത്രങ്ങൾ ഒരു ഭുജത്തിൽ നിന്ന് മറ്റൊന്നിലേക്ക് മാറിക്കൊണ്ടിരിക്കും
mlm_08777_00791876843	അവരുടെ ഭാഗമായ നൻക്രുറി സമൂഹത്തിന്റെ ചുക്കാൻ പിടിക്കുന്നത് റാണി ലക്ഷ്മിയാണ്
mlm_03915_02061683143	അലിദർവാസ പോലെയാണ് ഇതും നിർമിച്ചിട്ടുള്ളത്
mlm_02745_00029476098	ആകാശം ചലനാത്മകമായും ക്രമീകരിക്കാം
mlm_08822_00590039734	അതിനായുള്ള വിപുലമായ ശേഖരങ്ങൾ ജാവയിൽ ഇണക്കിച്ചേർത്തിരിക്കുന്നു
mlm_03915_00085515191	അല്ലെങ്കിൽ ഇതെല്ലാം മറച്ചുവെക്കാം
mlm_02745_01391896598	ശ്രീശങ്കരന്റെ കാലത്ത് കേരളത്തിലെ ഒരു നാട്ടു രാജാവായിരുന്നു രാജശേഖരൻ
mlm_06515_01069898207	അറുക്കുന്ന മാംസം സ്വയം ഭക്ഷിക്കുകയും മറ്റുള്ളവർക്ക് എത്തിക്കുകയും ചെയ്യണം
mlm_09125_00312644543	അതിൽ സ്പിനോസ തന്റെ ദൈവസങ്കല്പം അനാവരണം ചെയ്യുന്നു
mlm_02501_01800176730	നേരേ വലത് തിരിയുക
mlm_00572_01563212413	അവയിലൊന്ന് അദ്ദേഹത്തിന്റെ സഹായിയായിരുന്ന ഹെർബെർട്ട് എഡ്വേഡ്സ് എഴുതിത്തുടങ്ങിയതാണ്
mlm_08777_01874316394	എനിക്ക് ഒന്നിനെപ്പറ്റിയും ഭയമില്ല
mlm_07330_01175592215	ക്രിസ്തുമത വിശ്വാസികൾ പൊതുവായി ക്രിസ്ത്യാനികൾ എന്ന് കേരളത്തിൽ അറിയപ്പെടുന്നു
mlm_04296_01988720746	അതിനാൽ ഗാന്ധി ഒത്തുതീർപ്പിലൊന്നും എത്താതെ മടങ്ങി
mlm_03915_00487608451	ഞാന്‍ അതില്‍ ചില തിരുത്തലുകള്‍ വരുത്തി എന്നു മാത്രം
mlm_09125_01497452990	വരമൊഴി അക്ഷരമാല മുതലായ പ്രോഗ്രാമുകൾ മലയാളത്തിൽ എഴുതാൻ സഹായിക്കും
mlm_05535_00761982085	സി ഭാഷ സ്വാധീനം ചെലുത്തിയ മറ്റു കമ്പ്യൂട്ടർ ഭാഷകൾ ഇവയാണ്
mlm_03048_00202780771	അതുകൊണ്ട് തന്നെ വളരെയധികം സുരക്ഷ ഉപകരണങ്ങൾ ഉപയോഗിക്കാറുണ്ട്
mlm_02367_00449068762	അവയിലെ കുലീനനായകന്മാർ ആഗ്രഹിച്ചത് വെറുതേ ജീവിച്ചിരിക്കാനല്ല
mlm_02501_00245525371	നൂറ്റി അന്‍പത്ത് അടിയിൽ
mlm_03048_00045387799	അവർ ഒരു പ്രത്യേക മതവിഭാഗത്തിൽപ്പെടുകയോ ഒരു പ്രവാചകനെ വിശ്വസിക്കുകയോ ചെയ്തിരുന്നില്ല
mlm_03915_01195281360	ആശാരിയുടെ സഹായത്താൽ പ്രസ്സും പണികഴിപ്പിച്ചു
mlm_08777_00560418447	മലയാളത്തിൽ എഴുതാൻ മൊഴി സോഫ്റ്റ്‌വെയറുകൾ ഉപയോഗിക്കാം
mlm_03915_01457249599	അന്താരാഷ്ട്ര ഭക്ഷണ ഇനങ്ങളും ജിദ്ദയിൽ പ്രശസ്തമാണ്
mlm_08822_00171705974	അനുവാദം ലഭിച്ചാൽ പെണ്ണ് അവളുടെ തോൾമിക്കാരോടൊപ്പം കാട്ടിൽകയറി ഒളിച്ചിരിക്കും
mlm_03915_00909375505	അസുഖം ഉള്ള ആനകളുടെ നാവിന്റെ നിറം വ്യത്യാസപ്പെട്ടിരിക്കും
mlm_03048_01791039350	അതിനുമുൻപ്‌ വഴികാട്ടി സഹായം നയങ്ങൾ നവാഗതർക്ക്‌ സ്വാഗതം എന്ന താളുകൾ കാണുന്നത്‌ നല്ലതായിരിക്കും
mlm_07330_01237719174	അദ്ദേഹത്തെ ഡാർവിൻ ബുദ്ധിമാനും ഉല്ലാസപ്രകൃതിയും എന്നാണ് വിശേഷിപ്പിച്ചത്
mlm_00572_02114531123	ഭാരതത്തിന്റെ സ്വന്തം സസ്യം എന്നതു കൊണ്ട് എന്താണ് ഉദ്ദേശിക്കുന്നത്
mlm_02367_00920295114	ഇത് താങ്കളുടെ സ്വന്തം പേജ് ആണ്
mlm_03993_00987375169	ആനകൾ തുമ്പിക്കൈയിൽ പതിനാലിൽപ്പരം ലിറ്റർ വെള്ളം വലിച്ചെടുത്ത് വായിലേക്ക് ഊതാറുണ്ട്
mlm_02501_01869010194	നാനൂറ് യാർഡിൽ
mlm_00950_00545095122	ആദ്യ ഗുരു അദ്ദേഹത്തിന്റെ അച്ഛൻ തന്നെയായിരുന്നു
mlm_08777_00513315145	വേറെ ഒന്നും എനിക്ക് അവതരിപ്പിക്കാൻ തോന്നുന്നില്ല
mlm_07330_02123883058	അതുകൊണ്ട് തന്നെ പൂച്ചകളെ വളർത്തുന്നവർ ഇത്തരം പൂച്ചകളെ ഒഴിവാക്കാറുമുണ്ട്
mlm_03993_01354314018	അൻപതിലേറെ അംഗീകൃത ആയുർവേദ കേന്ദ്രങ്ങൾ തിരുവനന്തപുരം നഗരത്തിനുള്ളിലും പുറത്തുമായുണ്ട്
mlm_03915_01219524233	അവരുടെ ആദ്യസന്താനമായിരുന്നു നീച്ച
mlm_00950_01177006441	അമാവാസിയോടടുത്ത ദിനങ്ങളിലാണ് ഇത് കൂടുതൽ വ്യക്തമായി കാണാനാവുക.
mlm_02501_00562684129	തെക്കോട്ട് പോവുക
mlm_08822_00251970373	അയാളുടെ മരണം മൈക്കെലാഞ്ചലോയെ വേദനിപ്പിച്ചു
mlm_02367_00517426063	അതു പോലെ യു ബി സിറ്റിയും ബാംഗ്ലൂരിലാണ്
mlm_02367_00231038844	അല്ലെങ്കിൽ രാജ്യവ്യാപകമായ നിസ്സഹകരണ പ്രക്ഷോഭം ആരംഭിക്കും എന്നു മുന്നറിയിപ്പുനൽകി
mlm_00572_00177678313	ഇവരിൽ തന്നെ പത്തു വിഭാഗങ്ങൾ ഉണ്ട്
mlm_03048_01132742766	അതിനുശേഷം ഈ പ്രവാഹങ്ങൾ ദക്ഷിണ അറ്റ്‌ലാന്റിക് കടന്ന് മറ്റു സമുദ്രങ്ങളിലേക്ക് ഒഴുകുന്നു
mlm_08777_02032591487	ആദ്യത്തെ സംഭവത്തിനു ശേഷം തുടർന്നുള്ള ആറ് ആഴ്ച ടൈഗർ ഹില്ലിലേക്ക് ആക്രമണം ഒന്നും നടത്തിയുമില്ല
mlm_02064_01182923874	അധികാരമേറ്റശേഷം അദ്ദേഹം പുതിയ ഒരു ഭരണഘടന തയ്യാറാക്കി
mlm_00950_00136984101	അതിനാൽ തന്നെക്കുറിച്ച് ആരും അധികം കേട്ടിട്ടില്ലാതിരുന്ന സ്പെയിനിലേയ്ക്ക് അദ്ദേഹം പോയി.
mlm_09125_00505461118	എങ്കിലും ഇപ്പോൾ കഴിവതും ചേർക്കാൻ ശ്രമിക്കാം
mlm_02064_00080928044	ഞാൻ സ്വയം വരച്ച ചിത്രങ്ങൾ തന്നെയാണ്
mlm_00950_01447441428	ഞങ്ങൾ വളരെയധികം ക്ഷീണിച്ചിരുന്നു
mlm_00572_01922834231	അവർ അദ്ദേഹത്തിന് നൂറ്റി നാല്പത്തി മൂന്ന് ഭാവഗീതങ്ങൾ സമ്മാനിച്ചു
mlm_02501_00363853515	കടത്തുവള്ളം പിടിക്കുക
mlm_02745_01630450122	ഈ രേഖകള്‍ പ്രകാരം ആദി ശങ്കരന്‍ പെരിയാറിന്റെ തീരത്ത് കാലടി എന്ന ഗ്രാമത്തിലാണ് ജനിച്ചത്
mlm_08777_00540471012	അണുബോംബിന്റെ പിതാവ് എന്നറിയപ്പെടുന്ന പോൾ റോബ്സൺ പോലുള്ളവരെ അവരുടെ സ്ഥാനത്തു നിന്നും നീക്കംചെയ്യുക
mlm_03048_00028201935	കര്‍ണാടക സംഗീതത്തിലും ഹിന്ദുസ്ഥാനി സംഗീതത്തിലും അദ്ദേഹം പ്രാവീണ്യം തെളിയിച്ചു
mlm_05535_01175374022	അത് അവളുടെതാണ്
mlm_09125_00362085373	അതേ സമയം കാസ്ട്രോയെ ക്രൂരനായ ഏകാധിപതിയായി വിശേഷിപ്പിക്കുന്നവരുമുണ്ട്
mlm_00572_01863474327	അതുകൊണ്ട് ഇട്ടാവയിലെ മജിസ്ട്രേറ്റും കളക്റ്ററുമായിരുന്ന ജെ ക്യുമിനൊപ്പം ജോണിന് താമസിക്കേണ്ടി വന്നു
mlm_00269_01114025262	അമേരിക്കയിലെത്തിയ ശേഷം എല്ലാത്തരം വിമാനങ്ങളും പറത്താൻ കൽപന വൈദഗ്ദ്ധ്യം നേടി
mlm_03915_00164781616	തല്‍ക്കാലം ഒരു ബ്യൂറോക്രാറ്റ് മതി എന്നാണ് എന്റെ അഭിപ്രായം
mlm_03048_01322885686	അങ്ങനെ രക്തച്ചൊരിച്ചിലില്ലാതെ ഗുലാബ് സിങ് തന്റെ സാമ്രാജ്യം സ്വന്തമാക്കി
mlm_09125_01905190543	അവയെക്കുറിച്ചറിയാൻ ശ്രുതി നാനാർത്ഥങ്ങൾ എന്ന താൾ കാണുക
mlm_03048_01291088134	അടുത്ത കാലത്ത് മഴയും വെള്ളപ്പൊക്കവുമുണ്ടായ സമയത്ത് ജിദ്ദയിൽ വലിയ പ്രയാസമനുഭവപ്പെട്ടിട്ടുണ്ട്
mlm_05535_01085487645	അപ്പോഴാണ് തീർത്ഥാടകൻ മറ്റാരുമല്ല സാക്ഷാൽ ശ്രീകൃഷ്ണനാണെന്ന് ഭക്തന് മനസ്സിലായത്
mlm_09125_00240822302	ആൻഡ്രോയ്ഡിന്റെ ഹാർഡ്‌വെയർ പശ്ചാത്തലം ഏ ആർ എം വ്യവസ്ഥ അടിസ്ഥാനപ്പെടുത്തിയാണ്
mlm_03048_00925320381	അതുവരെ യൂറോപ്പുമായുളള വ്യാപാര ബന്ധങ്ങളുടെയെല്ലാം ഇടനിലക്കാർ അറബികളായിരുന്നു
mlm_08822_01132650954	അനാദി കാലം മുതൽക്കേ കപ്പൽ യാത്രയ്ക്കും ദിശ അറിയുന്നതിനും നക്ഷത്രങ്ങളെയാണ് ആശ്രയിച്ചുപോരുന്നത്
mlm_09171_01715073447	അത് ഒരു ബോഡിലൈൻ പന്തായിരുന്നില്ല
mlm_03048_01792636114	അങ്ങനെയാണ് ഗാന്ധിജിയും ടാഗോറും പരിചയപ്പെടുന്നത്
mlm_07330_01482426334	അക്രമം നടന്ന സ്ഥലങ്ങളിൽ പ്രവേശിക്കുന്നതിൽ നിന്നും ഇത്തരം പ്രവർത്തകരെ സർക്കാർ വിലക്കി
mlm_03915_01602477457	അത് കൊണ്ട് തന്നെ ഇസ്‌ലാമിക ചരിത്രത്തിലെ പ്രാധാന്യമുള്ള വിവിധ സ്ഥലങ്ങൾ മക്കയിലുണ്ട്
mlm_00572_00892290400	അത് ദൈവം തീരുമാനിക്കുന്നതോടെ ദൈവപുത്രന്റെ മനുഷ്യാവതാരവും മരണശിക്ഷയും തീരുമനിക്കപ്പെട്ടു
mlm_02501_00811178092	നിങ്ങളുടെ ലക്ഷ്യസ്ഥാനം ഇടതുവശത്താണ്.
mlm_05535_00295730563	ഞാൻ ഇപ്പോൾ ഇന്ത്യയുടെ ദേശീയ പതാക എന്ന ഒരു ലേഖനം ഉണ്ടാക്കി
mlm_05535_00094112820	ഞാൻ പ്രത്യേകിച്ച് ഇനി അഭിപ്രായം പറയുന്നില്ല
mlm_03993_02136224934	അതിവേഗ ഗതാഗത സം‌വിധാനമായ ബാംഗ്ലൂർ മെട്രോയുടെ നിർമ്മാണം പുരോഗമിച്ചു കൊണ്ടിരിക്കുകയാണ്‌
mlm_02501_00787137411	കാൽ മൈലിൽ
mlm_02367_00591677896	അക്കാലത്തു മസ്ജിദുൽ ഹറമിലേക്ക് മുഖ്യമായും മൂന്നു പ്രവേശന കവാടങ്ങളാണ് ഉണ്ടായിരുന്നത്
mlm_02367_01024608137	അന്നേ തന്നെ പഴയ നിയമത്തിന്റെ വിവർത്തനം ആരംഭിച്ചിരുന്നു
mlm_08822_01890572049	അവശേഷിച്ച സൈന്യത്തെക്കൊണ്ടു യുദ്ധം തുടങ്ങാൻ കാസ്ട്രോ തീരുമാനിച്ചു
mlm_07330_01316690240	അവൻ മലർന്നു കിടന്നു
mlm_03048_00936630807	അലക്സാണ്ടർ ചക്രവർത്തി ഫിനീഷ്യൻ നഗരമായിരുന്ന ടൈർ കീഴടക്കിയശേഷം രണ്ടായിരം പേരെ കുരിശിലേറ്റുകയുണ്ടായി
mlm_00269_01362045773	കുരുമുളക് എന്ന് രണ്ട് പേജുകൾ കാണപ്പെടുന്നു
mlm_05535_01655670280	വളരെ കുറഞ്ഞ കാലം കൊണ്ട് അനേകം എഡിറ്റുകൾ
mlm_09171_00873669043	അങ്ങനെയാണ് ചാണ്ടിയുടെ സഹോദരിയായ ഡോക്ടർ എലിസബത്തിനെ കണ്ടു മുട്ടുന്നത്
mlm_00572_01515650805	ആനയ്ക്ക് സ്വേദഗ്രന്ഥികൾ വളരെക്കുറവായതിനാൽ ശരീരതാപനില നിയന്ത്രിക്കുക ബുദ്ധിമുട്ടാണ്
mlm_07330_00470651302	അതിൽ പകൽ സമയത്ത് ഭിത്തിയോടുചേർത്ത് മടക്കിവക്കാൻ പറ്റുമായിരുന്ന ഒരു കിടക്കയിൽ അദ്ദേഹം ഉറങ്ങി
mlm_07330_01814034952	ഉള്ളൂർ എന്ന വാക്കാൽ വിവക്ഷിക്കാവുന്ന ഒന്നിലധികം കാര്യങ്ങളുണ്ട്
mlm_02064_01790788332	കേരളത്തിൽ ആദ്യമായി ഇംഗ്ലീഷ് ഭാഷ പഠിപ്പിച്ചത് ഇവിടെയാണ്
mlm_09171_01825094030	ജോർജ്ജ് ബുഷ് എന്ന വാക്കിനാൽ താഴെപ്പറയുന്ന എന്തിനേയും വിവക്ഷിക്കാം
mlm_00572_00830379464	തെളിവ് ലേഖനത്തിന്റെ സംവാദം താളിൽ കാണുക
mlm_03915_02116842794	ആസ്മ ഏതെങ്കിലും പ്രത്യേക ജനവിഭാഗങ്ങളെ കൂടുതലായി ബാധിക്കുന്നുവെന്ന് സാമാന്യവൽക്കരിക്കാനാവില്ല
mlm_07330_01296267232	അവിടത്തെ സിഗുറായി എന്നറിയപ്പെടുന്ന ക്ഷേത്രങ്ങളോട് ബന്ധപ്പെട്ടായിരുന്നു ഈ ആചാരം
mlm_02501_01086684902	എക്സിറ്റ് സ്വീകരിക്കുക
mlm_03915_00300851425	അമേരിക്കയുടെ ഇറാഖ് അഫ്ഗാനിസ്താൻ അധിനിവേശങ്ങളെ ശക്തിയുക്തം എതിർത്തു
mlm_02501_00499753564	വടക്കോട്ട് പോവുക
mlm_09125_01928423412	അതിനായി ചിലപ്പോൾ ആഴ്ചകളോ മാസങ്ങളോ വർഷങ്ങൾ തന്നെയോ എടുത്തേക്കാം
mlm_02367_00033424291	ഒരു ബോട്ട് പ്രോഗ്രാം ഉണ്ടെങ്കിൽ നന്നായിരിക്കും
mlm_03915_01266269849	അതിന്റെ സാന്ദ്രത അതിനെ കടിച്ചാൽ പൊട്ടാത്തതാക്കി
mlm_00950_01197421132	അത് പാവപ്പെട്ടവർക്ക് അവകാശപ്പെട്ടതാണ്.
mlm_07330_01938596755	ആ സംഭവത്തെ ഓർക്കുന്നതാണ് രണ്ടു മലകൾക്കിടയിലൂടെയുള്ള നടത്തം
mlm_05535_01081392593	അന്റാർട്ടിക്കയിൽ സ്ഥിരമായ മനുഷ്യവാസം ഇല്ല
mlm_02367_00164532224	അതിവിനാശകാരിയായ ആയുധങ്ങൾ നിർമ്മിക്കുന്നുണ്ടെന്ന് ആരോപിച്ച് ഇറാഖിനെതിരെയും അമേരിക്ക ആക്രമണം നടത്തി
mlm_03048_01666607012	അതില്‍ ഞാന്‍ എന്റെ ചില നിര്‍ദ്ദേശങ്ങള്‍ വച്ചു എന്നേ ഉള്ളൂ
mlm_09125_00189661636	പക്ഷെ ഇതിന്റെ ഒന്നും പരിഭാഷ ചരിത്രം അറിയില്ല
mlm_09171_01336622845	ആഴ്ചയിലൊരിക്കൽ മേരി ലയോൺ നേരിട്ടു നടത്തിയിരുന്ന മതബോധനം പഠനപദ്ധതിയുടെ ഒരു പ്രധാന ഭാഗമായിരുന്നു
mlm_09125_00758202917	എനിക്ക് നന്നായി ഉറങ്ങാൻ പറ്റുന്നില്ല
mlm_03048_00689549301	അദ്ദേഹം എങ്ങനെ ജെയിൽ ചാടിപ്പോയെന്നറിയാൻ മതദ്രോഹക്കോടതിക്കാർ പോലും കൗതുകം കാട്ടി
mlm_00572_01225177356	അവ മതപരമായ ആചാരങ്ങളോട് ഇഴുകിച്ചേർന്നു കിടക്കുന്നു
mlm_08822_01132095981	ഈ ലേഖനം ചേര എന്ന താളുമായി ലയിപ്പിക്കുന്നതിന് ശുപാർശ ചെയ്തിരിക്കുന്നു
mlm_05535_00772576062	ആര്യ ശൈലിയുടെ വികസിത മാതൃകയായി പ്രതിപാദിക്കപ്പെട്ടത് ഒറീസ ഉപശാഖയാണ്
mlm_03993_01728752408	അദ്ദേഹം കളിക്കുന്ന കാലത്ത് ക്രിക്കറ്റിൽ ഏകദിനശൈലി ആരംഭിച്ചിട്ടില്ല
mlm_09171_00006876182	അക്കാദമിക് വിഷയങ്ങൾക്കു പുറമേ അദ്ദേഹത്തെ വയലിൻ പഠിപ്പിച്ചതും ഈ പുരോഹിതനായിരുന്നു
mlm_02367_00501648178	അക്രമവും അതിക്രമവും പ്രോത്സാഹിപ്പിക്കുന്നതിനു ഗോഖലെ തിലകിനെ വിമർശിച്ചു
mlm_00572_00606300188	അമേരിക്ക ക്യൂബക്കുമേൽ സാമ്പത്തിക ഉപരോധം ഏർപ്പെടുത്തി
mlm_02367_02038647943	അതിനാൽ മോഹൻദാസിന്റെ പ്രാഥമിക വിദ്യാഭ്യാസം രാജ്കോട്ടിലായിരുന്നു
mlm_03993_01365275671	ആഫ്രിക്കൻ ആനകൾക്ക് തുമ്പിക്കൈയുടെ അറ്റത്ത് വിരൽ പോലെ രണ്ട് അറ്റങ്ങൾ ഉണ്ടാകാറുണ്ട്
mlm_00572_01592351993	അവരെ എത്ര വിലകുറച്ചുകാണിച്ചാലും അദ്ദേഹത്തിന് മതിവരില്ല എന്നു തോന്നും
mlm_00572_01589124376	അത് ഞാൻ ഓർത്തഡോക്സ് സഭകൾ എന്ന ലേഖനത്തിൽ കൊടുത്തിട്ടുണ്ട്
mlm_00572_01969025483	അദ്ദേഹത്തെ സംസ്കരിച്ചത് ഓർവെലിന്റെ ശവകുടീരത്തിനടുത്താണ്
mlm_02367_00036792663	ആറു വൻകരകളിൽ നിന്നുള്ള മുപ്പത്തി രണ്ട് ടീമുകളാണ് ജർമ്മനിയിൽ മാറ്റുരയ്ക്കുന്നത്
mlm_03915_01794254195	അതായത് ഇത്തരം തമോദ്വാരങ്ങളുടെ സിംഗുലാരിറ്റി ഒരു ബിന്ദുവായിരിക്കും
mlm_08777_00028317462	ഈ സാമ്രാജ്യത്തിന്റെ അതിർത്തി ഗംഗ ആണ്
mlm_00950_00705089165	അതിനുശേഷം ഗൗതമബുദ്ധൻ എന്നും ശ്രീബുദ്ധൻ എന്നും അദ്ദേഹം അറിയപ്പെടാൻ തുടങ്ങി.
mlm_09125_00628760554	ആൺകുട്ടികൾക്കും പെൺകുട്ടികൾക്കും പ്രത്യേകമായ ക്ലാസുകളോ സ്കൂളുകളോ ആണ് ഇവിടെയുള്ളത്
mlm_04296_01801143970	ഞാൻ തിരിച്ചുവരും
mlm_03048_00202969514	അറബിക്കടലിന്റെ റാണി എന്നറിയപ്പെടുന്ന കൊച്ചി ഇന്ത്യയിലെ പ്രധാന തുറമുഖങ്ങളിലൊന്നാണ്
mlm_09171_02138515864	അതിനാൽ പണ്ടു ഒഴിഞ്ഞുകിടന്നിരുന്ന ഈ ഭാഗം മൈദാനുൽ മുസ്വല്ല എന്ന പേരിൽ അറിയപ്പെട്ടു
mlm_05535_00133164547	പ്രത്യേകിച്ച് ഒരു അഭിപ്രായം എനിക്ക് തോന്നുന്നില്ല
mlm_07330_01759349803	അല്ലെങ്കിൽ കുട്ടിക്കാലം മുഴുവൻ നീളുന്ന ആസ്മയിലേക്ക് നീങ്ങാം
mlm_02064_01790280295	ഈ ക്ഷേത്രത്തിലെ പ്രതിഷ്ഠ മഹാവിഷ്ണു ആണ്
mlm_00269_01286915911	അതിസാഹസികമായ ഈ കാലയളവിൽ ബഷീർ കെട്ടാത്ത വേഷങ്ങളില്ല
mlm_00572_00039871539	ഇപ്പോൾ പാർട്ടി സംസ്ഥാന സമിതി അംഗമാണ്
mlm_00950_01316922035	പ്രപഞ്ചത്തില്‍ ഏറ്റവും കൂടുതല്‍ കാണപ്പെടുന്ന മൂലകമാണ് ഹൈഡ്രജന്‍
mlm_03048_00840629445	ഈ കണ്ണി ഒന്നു ശ്രമിച്ചു നോക്കൂ
mlm_03048_00915868738	അതിനായി ആയിരത്തിയെട്ട് നാളികേരമാണ് ഉപയോഗിച്ചിരുന്നത്
mlm_05535_00702780850	ആസ്മയിലെ ചുമയും കഫക്കെട്ടും ന്യുമോണിയയായി തെറ്റിദ്ധരിക്കപ്പെടാം
mlm_03993_02114241939	അഞ്ച് തരം വസ്ത്രങ്ങൾ ഉൾപ്പെട്ടതാണ്‌‍ ഭരതനാട്യത്തിന്റെ വസ്ത്രധാരണം
mlm_02064_00242151267	ഇങ്ങനെ നോക്കിയാൽ ഫ്ലൂറിൻ ഉൾക്കൊള്ളുന്ന വളരെയധികം സംയുക്തങ്ങൾ ഉണ്ടാകാം
mlm_00572_00556347111	അവ പിന്നീട് സെൻ എന്ന ചിന്താധാരക്ക് വഴിതെളിച്ചു
mlm_02064_01320334017	ഇതിനി ഇപ്പോളെ കൂടുതല്‍ വിശദീകരണ ആവശ്യമില്ലെന്ന് തോന്നുന്നു
mlm_07330_01899740448	അതിനൊത്തനടുക്കായി സരസ്വതി ശില്പവും കാണാം
mlm_09171_01633859142	അവിടെ രാജകുമാരന്റെ വക ഹൃദ്യമായ ഒരു വരവേൽപ്പ് അദ്ദേഹത്തിന് ലഭിക്കുകയുണ്ടായി
mlm_08822_00177119539	അമ്മ ഷൺമുഖവടിവുവിൽ നിന്നാണ് സംഗീതത്തിന്റെ ബാലപാഠങ്ങൾ അഭ്യസിച്ചത്
mlm_02367_02086755768	അവയെക്കുറിച്ചറിയാൻ പ്രതിഷ്ഠ നാനാർത്ഥങ്ങൾ എന്ന താൾ കാണുക
mlm_08777_00196101572	അതിനുപകരം ഡീസൽ ഇലക്ട്രിക്ക് എഞ്ചിനുകൾ ഉപയോഗിച്ചു തുടങ്ങി
mlm_02064_01310260774	അധികാരം കൈപ്പിടിയിലൊതുങ്ങിയ മാവോ പിന്നീട് രാഷ്ട്രത്തിന്റെ വികസനത്തിനായി ശ്രദ്ധ പതിപ്പിച്ചു
mlm_09171_01254811033	അഞ്ചേകാലിന്റെ ട്രെയിനിൽ ഞാൻ ഇന്ന് പുള്ളിയെ കണ്ടു
mlm_07330_00677775397	ഡിലീറ്റ് ചെയ്ത ഭാഗങ്ങൾ ഇവിടെ ചേർക്കുന്നു
mlm_04296_01182855697	അക്കൊല്ലം തന്നെ കാസ്ട്രോ വിവാഹിതനായി
mlm_02367_01533283677	അദ്ദേഹം മദീനയിൽ ഒരു പള്ളി സ്ഥാപിച്ചു
mlm_02367_01173512428	ആടിയ ചാന്ത് തൊടുന്നത് സ്ത്രീകൾക്ക് നെടുമംഗല്യത്തിൻ ഉത്തമമാണെന്ന് കരുതുന്നു
mlm_02367_00560985747	അനവധി സമ്മാനങ്ങൾ അവൾക്ക് നൽകുകയും അവളെ വാലായപ്പുരയിലേക്ക് മാറ്റുകയും ചെയ്യും
mlm_08822_00073990341	ശിവൻ ആണ് ഇവിടത്തെ പ്രധാന പ്രതിഷ്ഠ
mlm_05535_01503417106	അവിടെ ഇഹ്റാം കെട്ടുന്നതോടു കൂടീ രാജാവും പ്രജയും എല്ലാം തുല്യമായി
mlm_09125_00258825486	അവസാനം മൂവായിരത്തിയഞ്ഞൂറ് ഓളം വരുന്ന അഭയാർത്ഥികളെ അമേരിക്ക നിയമപരമായി സ്വീകരിക്കാം എന്നു സമ്മതിച്ചു
mlm_08777_00977799721	അവയെക്കുറിച്ചറിയാന് ഭീമൻ നാനാർത്ഥങ്ങൾ എന്ന താൾ കാണുക
mlm_02367_00925730064	അക്കാലത്ത് അത് ഒരു കൃതിയുടെ രൂപം പ്രാപിച്ചോ എന്നത് വ്യക്തമല്ല
mlm_06515_01713350553	അതുകൊണ്ട് ഒരു ഉപയോക്താവിനാവശ്യമുള്ള ഭാഷയിൽ സോഫ്റ്റ്‌വെയർ നിർമ്മിച്ചു നൽകാൻ ജാവ ഉപയോഗിച്ചു കഴിയും
mlm_00572_01918116255	അത്തരം ക്രിസ്തുശാസ്ത്രം വേറെ കാണുന്നത് യോഹന്നാന്റെ സുവിശേഷത്തിൽ മാത്രമാണ്
mlm_08822_00030223163	അമേരിക്കയിലെ വിദഗ്ദ്ധന്മാർ ഇതുവരെ അർഗ്രാരിയൻ ഭൂപരിഷ്കരണത്തെക്കുറിച്ച് ഒന്നും പറഞ്ഞിട്ടില്ല
mlm_08777_01306978071	അതേ വർഷം നവംബറിൽ എമിലിയുടെ സഹോദരി വിന്നിയും അതേവഴി പിന്തുടർന്നു
mlm_02501_00205368604	വലത് എക്സിറ്റ് സ്വീകരിക്കുക
mlm_02745_01818702446	എന്റെ കയ്യില്‍ അവരുടെ പേരുകള്‍ ഇത്രയും മാത്രമേ ഉള്ളൂ
mlm_05535_02062564597	അതിലെ ഭൗമശാസ്ത്രവും ശരീരശാസ്ത്രവും ഡാർവിൻ തള്ളിക്കളയുകയും ചെയ്തു
mlm_00572_01658650063	അവിടത്തെ പഠനത്തിനിടെ അദ്ദേഹം എഴുതിയ രണ്ടു കവിതകൾ ഒരു പ്രാദേശിക പത്രം പ്രസിദ്ധീകരിച്ചു
mlm_00572_02050468281	അദ്ദേഹത്തിന്റെ ഏറ്റവും ദീർഘമായ രചന ഇതാണ്
mlm_03915_01349460460	ആനക്കൊമ്പ് കച്ചവടം മൂലമുള്ള വംശനാശ ഭീഷണിയാണ്‌ പ്രധാനം
mlm_03993_02136154183	ആശാരിയുടെ സഹായത്താൽ പ്രസ്സും പണികഴിപ്പിച്ചു
mlm_08822_01667603981	മിമിക്രിയിലൂടെയാണ് ദിലീപ് കലാരംഗത്ത് എത്തിയത്
mlm_07330_01030189247	അന്നത്തെ നേതാവ് മദൻ ലാൻ ഖുറാന ആയിരുന്നു
mlm_08777_02120971516	ദൈവ വിശ്വാസികൾ ആയിരുന്നു ഈ ജനത
mlm_02064_01753775667	അമേരിക്കയുടെ വിദേശനയങ്ങൾക്കും ശക്തമായ പ്രതിഷേധമുയർത്തുന്നു ച
mlm_00950_01289818698	മറ്റ് പലയിടത്തും ഈ പ്രശ്നം ഉണ്ട്
mlm_07330_01529844989	ദില്ലി സംസ്ഥാനത്തെ മൂന്നു മേഖലകളിൽ ഒന്നാണ് ന്യൂ ഡെൽഹി
mlm_02367_00848287873	ആദ്യമായി സർക്കാർ സംവിധാനം സുഗമമാക്കാൻ വേണ്ട നടപടികൾ കൈക്കൊണ്ടു
mlm_05535_00853165565	ആദ്യ കാലത്ത് ഹിന്ദി ചിത്രങ്ങൾ മാത്രമാണ് വിതരണം ചെയ്തിരുന്നത്
mlm_07330_00135744771	ആ സമയത്ത് ബർമ്മയിലെ സ്ഥിതിഗതികൾ ആകെ മാറി ബർമ്മ വിട്ടൊഴിയാൻ ജപ്പാൻ സേനകൾക്ക് ഉത്തരവ് കിട്ടി
mlm_02367_01093021398	അതിൽ ഒന്ന് സർക്കസ് കൂടാരത്തിലെ കോമാളിയായ കുള്ളന്റേതായിരുന്നു
mlm_06515_00842577544	ബ്ലെസ്സി സംവിധാനം ചെയ്ത രണ്ടാമത്തെ മോഹൻലാൽ ചിത്രമായിരുന്നു ഇത്
mlm_02064_01225425290	ദക്ഷിണാഫ്രിക്കയിൽ വച്ച് ഗാന്ധിജിക്കും കസ്തൂർബായ്ക്കും രണ്ട് ആൺകുട്ടികൾ പിറന്നു
mlm_00950_01575821403	അവർ ഓരോ വർഷവും പുതിയ പുതിയ ഭൂമിയിലേക്ക് കൃഷി മാറ്റുന്നവരാണ്‌.
mlm_07330_00246053505	അതുവഴി ഇന്ത്യയെ കാശ്മീർ പ്രശ്നത്തിൽ ഒത്തുതീർപ്പിനു സമ്മതിപ്പിക്കാം എന്നും പാകിസ്താൻ കരുതി
mlm_02745_00182651064	ബ്ലോക്ക് വേണം എന്നു തന്നെ എന്റെ അഭിപ്രായം
mlm_02367_00885210773	അതുകൊണ്ടാണ് ചന്ദ്രന്റെ ഒരു ഭാഗം മാത്രം നമുക്ക് കാണാൻ സാധിക്കുന്നത്
mlm_08822_02092805468	ആകെയുള്ള പതിനാറു റെയിൽവേ മേഖലകളിലോരോന്നിനും തലവനായി ഓരോ ജനറൽ മാനേജർ വീതമുണ്ട്
mlm_05535_00161873835	വള്ളസദ്യ വഴിപാട് നിരവധി ആചാര നിബിഡമായ ചടങ്ങുകളോടെയാണ് ആരംഭിക്കുന്നത്
mlm_08822_00571683082	പക്ഷെ അപ്പോൾ ഒരു പ്രശ്നം ഉണ്ട്
mlm_02064_00723055444	കോട്ടയം ആസ്ഥാനം ആക്കി ആണ് പത്രം പ്രവർത്തിക്കുന്നത്
mlm_09125_01422895507	അതിലെ പ്രക്രിയകൾ ഒക്കെ പതുക്കെ അവസാനിക്കുന്നു
mlm_02501_00712650698	തെക്കുപടിഞ്ഞാറോട്ട് പോവുക
mlm_03048_01378711635	അയ്യപ്പന്‍ എന്ന വാക്കിനാല്‍ താഴെപ്പറയുന്ന എന്തിനേയും വിവക്ഷിക്കാം
mlm_07330_01746003718	ആശയങ്ങളെ കഴിയുന്നത്ര കാച്ചിക്കുറുക്കിയതിനാൽ താരതമ്യേന വലിപ്പം കുറഞ്ഞവയായിരുന്നു അവരുടെ കവിതകൾ
mlm_02501_00754298237	അന്‍പത്ത് അടിയിൽ
mlm_09125_00604097573	അതിന്റെ സാന്നിദ്ധ്യം പകലും അസാന്നിദ്ധ്യം രാവും സൃഷ്ടിക്കുന്നതും അവൻ നിരീക്ഷിച്ചു
mlm_02367_01674297072	ഈ വാക്കിന്റെ ഏറ്റവും വ്യാപകമായ ഉപയോഗം ഈ അർത്ഥത്തിലാണ്
mlm_05535_00657437094	അവസാനമായി പഠിപ്പിക്കുന്നതാണ് ഈ അടവുകൾ
mlm_08777_01128692504	അവസാനം ചെ സാന്താ ക്ലാര ആക്രമിക്കാനായി തന്റെ ആത്മഹത്യാ സംഘത്തെ തയ്യാറാക്കി
mlm_08822_00401317037	ലോകത്തിലെ നീളം കൂടിയ നദികളിൽ ഒന്നാണ്
mlm_05535_01295218389	മനുഷ്യൻ ചന്ദ്രനിൽ പോയ ശേഷമാണ് ഈ ധാരണ മാറിയത്
mlm_03048_01500169397	മലയാള സിനിമയിലെ പ്രമുഖനായ ഹാസ്യനടൻ ആണ് ജഗതി എന്നറിയപ്പെടുന്ന ജഗതി ശ്രീകുമാർ
mlm_08777_01221626646	അതിൽ മിക്കവയും ഓരോ ചാറ്റ് പേജുകൾ ആണ്
mlm_04296_00852902687	അദ്ദേഹം ഒരേസമയം രചയിതാവും കഥാപാത്രവും സാക്ഷിയുമായി
mlm_03915_02090317728	എങ്കിലും എനിക്ക് ഒരു ചെറിയ സംശയം ഉണ്ട്
mlm_03915_01750962021	ഇത്തരം ഒരു സം‌വാദം ഇവിടെയും കാണാം
mlm_09171_00877258519	അസിൻ ആണ് കമലഹാസന്റെ നായിക ആയി അഭിനയിച്ചത്
mlm_00572_01678642179	ക്ഷേത്രം എന്ന വാക്കാൽ വിവക്ഷിക്കാവുന്ന ഒന്നിലധികം കാര്യങ്ങളുണ്ട്
mlm_03915_01086835534	ആനകൾ മൃഗശാലകളിലും ദേശീയോദ്യാനങ്ങളിലും പ്രദർശിപ്പിച്ചുവരുന്നു
mlm_02501_00501019959	മുന്നൂറ്‌ യാർഡിൽ
mlm_09125_01042703950	ആത്മവിശ്വാസം കൂടുതലായ പൂച്ചകൾ അതിന്റെ മുകളിൽ കയറി താഴെവീണ് അപകടം ഉണ്ടാകാതിരിക്കാനാണ് ഈ മുൻകരുതൽ
mlm_03993_00583991718	ആനക്കൊമ്പ് കച്ചവടം മൂലമുള്ള വംശനാശ ഭീഷണിയാണ്‌ പ്രധാനം
mlm_07330_00426716905	അശ്വതിനാളിനു മുന്നേ തന്നെ വിദൂരദേശങ്ങളിൽ നിന്നും നിരവധി പേർ കാവിലെത്തും
mlm_04296_00983231122	അന്റാർട്ടിക്കയുടെ ഭൂപ്രകൃതിയും അവിടുത്തെ ശിലാനിർമ്മിതികളും മിക്കവാറും അക്കാലങ്ങളിലാണ് രൂപം കൊണ്ടത്
mlm_03915_01648039257	അദ്ദേഹം അവ പകര്‍ത്തി എഴുതാന്‍ തുടങ്ങി
mlm_08777_01626055783	അച്ഛൻ മൊയ്സുദ്ദീൻ അമ്മ സീനത്തുന്നീസ
mlm_08822_01574616062	അച്ഛൻ അഞ്ചാം ക്ലാസുവരെയെ പഠിച്ചുള്ളൂ എങ്കിലും ആദർശധീരനായിരുന്നു
mlm_02367_01027362741	ചെയ്തു കഴിഞ്ഞു എങ്കിലും ചിത്രങ്ങളുടെ കാറ്റഗറി യന്ത്രം ഉപയോഗിച്ച് മാറ്റം വരുന്നില്ല
mlm_04296_02066090236	അസ്സഗീർ സൂഖ് തെക്ക് ഭാഗത്ത് സ്ഥിതി ചെയ്യുന്നു
mlm_09125_02004845903	പെരിയാർ തടാകം ഇതിന് തെക്കു ഭാഗത്തായി കാണപ്പെടുന്നു
mlm_02501_02145617150	പടിഞ്ഞാറോട്ട് പോവുക
mlm_02745_00300962804	അതാണ് എന്നെ ആശ്ചര്യപ്പെടുത്തുന്നത്
mlm_08777_00617838231	വളരെ നാൾ കഴിഞ്ഞ് വീണ്ടും ഒരു പുതിയ ഭാഗം കൂടി ചേർത്തു
mlm_02367_00507163731	അതിലൊന്ന് വലിയ കോയിക്കലെന്നും മറ്റേതു തേവാരത്തു കോയിക്കലെന്നും അറിയപ്പെട്ടു
mlm_00572_00637131321	ഇപ്പോൾ കേരളത്തിലെ മറ്റ് ഏഴ് ജില്ലകളിൽ കൂടി ഈ പദ്ധതി നിലവിലുണ്ട്
mlm_08777_01509480543	അഷ്ടകോണാകൃതിയിലുള്ള വിമാനവും മുഖപ്പിലെ കമാനവും ബിംബാലങ്കാരങ്ങളുടെ അഭാവവും ശ്രദ്ധേയമാണ്
mlm_03048_00468800799	ദേശീയ അവാര്‍ഡ് നാലു തവണ ലഭിച്ചു
mlm_05535_01033372766	ആറ്റിങ്ങൽ സ്വരൂപം തിരുവിതാംകൂറിന്റെ മാതൃഗൃഹമായി കണക്കാക്കപ്പെട്ടിരുന്നു
mlm_03915_01086985956	അദ്ദേഹം ഇതിഹാസമാണെന്നതിൽ സംശയമേയില്ല
mlm_02501_01762319065	ഒരു U-ടേണ്‍ എടുക്കുക
mlm_02367_00370874597	കേരളത്തിലെ മലപ്പുറം ജില്ലയിലുള്ള ഒരു ചെറിയ ഗ്രാമമാണ് തിരുനാവായ
mlm_03048_00903428341	അവസാനവർഷ ബിരുദ വിദ്യാർത്ഥിയാകാൻ അദ്ദേഹം അപേക്ഷ സമർപ്പിച്ചു
mlm_03048_00548812704	അതിനു ശേഷം ആണ് റോമൻ റിപ്പബ്ലിക്ക് എന്ന ആശയം ഉടലെടുത്തത്
mlm_02501_01805942822	നേരേ ഇടത്
mlm_08822_00713042825	അണ്ഡം എന്നറിയപ്പെടുന്ന ഇതിനുള്ളിലായി ഭൗതികാവശിഷ്ടം അടക്കം ചെയ്ത പേടകം സ്ഥാപിച്ചിരുന്നു
mlm_08822_00453985219	അന്നു തന്നെ യുദ്ധത്തിൽ മരിച്ച ചില പടയാളികളുടെ ഒപ്പമാണ് അദ്ദേഹത്തെ അടക്കം ചെയ്തത്
mlm_06515_00686697041	ആവശ്യമുള്ള വീതിയിൽ കല്ലുകൾ വെട്ടിയെടുത്ത് കടഞ്ഞ് പിന്നീട് കൊത്തുപണികൾ ചെയ്ത് ഭംഗിയാക്കിയവയാണിവ
mlm_03048_00469510026	അവര്‍ ഇവിടെ ഒരു കോട്ട പണിഞ്ഞു
mlm_00950_00019608110	മോഹൻദാസ് കരംചന്ദ് ഗാന്ധിയുടെ പിൻഗാമിയായി നെഹ്രു കണക്കാക്കപ്പെട്ടു.
mlm_03048_01592886084	അടികൾ ക്ഷേത്രത്തിൻറെ ചുമതല മൂന്ന് മഠങ്ങൾക്കായി പങ്കുവച്ചിരുന്നു
mlm_05535_00597391996	അധികാര കൈമാറ്റം നടത്താൻ അദ്ദേഹം നിർബന്ധിതനായി
mlm_03915_01244387498	ആസ്റ്ററുടെ പ്രസാധനനയങ്ങളിൽ ഓർവെലിന്റെ ശക്തമായ സ്വാധീനം പ്രകടമായിരുന്നു
mlm_00572_01530304739	അറേബ്യയിലെ ബാബിലോണിയയിലായിരുന്നു ഇബ്രാഹിം നബിയുടെ ജനനം
mlm_00269_00979261048	അത് അടിച്ചമർത്തുന്നതിൽ അദ്ദേഹം വിജയിച്ചു
mlm_03048_00023720303	അവർ ഒത്തു ചേർന്ന് ഒരു കൂട്ടായ്മ ആരംഭിച്ചു
mlm_03915_01589677258	അതുകൊണ്ട് ജാവയിൽ വൈറസുകൾ എഴുതുക തീരെ എളുപ്പമല്ല
mlm_04296_00518110660	അയാൾക്ക് വട്ടാണെന്ന് ഞാൻ പറഞ്ഞപ്പോൾ സുബോധത്തിൽ നിന്ന് ദൈവം എന്നെ രക്ഷിക്കട്ടെ എന്ന് അയാൾ പറഞ്ഞു
mlm_02064_00424098588	അവയാണ് പിന്നീട് അസ്തിത്വവാദമനശാസ്ത്രത്തിന് അടിസ്ഥാനമായത്
mlm_03048_01333239396	അത് പ്രകൃതിയെപറ്റി പഠിക്കാൻ അവസരം നൽകിക്കാണണം എന്ന് അദ്ദേഹം കരുതുന്നു
mlm_08777_00621537404	മിക്ക ഇന്ത്യൻ ഭാഷകളിലും ഭൗതികം എന്നാണ്
mlm_05535_02142300362	അരി കൊണ്ടുണ്ടാക്കുന്ന ഒരു ഭക്ഷണ വിഭവമാണ് ബിരിയാണി
mlm_02064_01326135149	സൗകര്യം പോലെ അതിൽ കൂടുതൽ വിവരങ്ങൾ ചേർക്കാൻ ഞാൻ ശ്രമിക്കാം
mlm_00572_00755441514	ചൈനയിൽ ഈ ചെടി അറിയപ്പെടുന്നത് സുവർണ്ണ ഓറഞ്ച് എന്ന പേരിലാണ്
mlm_09125_01550728152	അങ്ങനെ ആസാദുമായി വളരെ അടുത്തിടപഴകാൻ ഭഗത് സിംഗിന് അവസരം ലഭിച്ചു
mlm_02745_00387369031	അതിനുമുൻപ് ഇതൊരു ദ്രാവിഡക്ഷേത്രവും പിന്നീട് ബുദ്ധക്ഷേത്രവും ആയിരുന്നു
mlm_06515_00689649481	ആവശ്യമെങ്കിൽ മാപ്പിള മലയാളം എന്നൊരു ലേഖനം കൂടി ആവാം
mlm_09125_02006486751	നമുക്ക് കൊട്ടാരത്തിൽ ശങ്കുണ്ണി എന്നൊരു ലേഖനം നേരത്തേ തന്നെ ഉണ്ട്
mlm_00950_00891652835	സിമി ഇതു പാലക്കാട് ജില്ലയില്‍ ഉള്ള ഒരു ഡാം ആണ്
mlm_05535_01152646472	അടൂർ ഗോപാലകൃഷ്ണനാണ് ഈ ചിത്രം സംവിധാനം ചെയ്തത്
mlm_08822_01218714977	അതിനാൽ അഹിംസ എന്ന തത്ത്വത്തിന്റെ ഉപജ്ഞാതാവ് ഗാന്ധി അല്ല
mlm_02367_00603588525	അക്കാര്യം പരിഗണിച്ചാൽ മഹായാനത്തിന്റെ ഉപവിഭാഗമായി വജ്രയാനത്തെ കരുതാവുന്നതാണ്
mlm_09125_00602486427	പാർട്ടി എന്നീ പേരിലും ഈ വിഭാഗം ചിലയിടങ്ങളിൽ അറിയപ്പെടുന്നു
mlm_07330_00367443823	അതുകൊണ്ട് തന്നെ മാംസഭുക്ക് ആയിട്ടാണ് പൂച്ചയെ കണക്കാക്കുന്നത്
mlm_09125_00692108355	അതാണ് സംസം എന്ന ദിവ്യതീർത്ഥം എന്നാണു ഇസ്ലാമിക വിശ്വാസം
mlm_02367_01996467561	ഇവിടെ നിന്നാണ് പുസ്തകങ്ങളുടെ പേരുകൾ കിട്ടിയത്
mlm_05535_01508948753	അതിനുമുൻപ് ഇതൊരു ദ്രാവിഡീയക്ഷേത്രവും പിന്നീട് ബുദ്ധക്ഷേത്രവും ആയിരുന്നു
mlm_02064_01965141075	അവസാനത്തെ പന്ത്രണ്ട് മണിക്കൂറുകളോളം മാവോ കൃത്രിമ ഉപകരണങ്ങളുടെ സഹായത്താലാണ് ജീവൻ നിലനിർത്തിയിരുന്നത്
mlm_02367_00789917194	അപ്പോഴും തന്റെ ഗവേഷണവിവരങ്ങൾ അദ്ദേഹം അവളോട് പറഞ്ഞു
mlm_02501_00345913696	അന്‍പത്ത് മീറ്ററിൽ
mlm_03048_01845369116	ആ ശ്രമം പാഴായിപോയെങ്കിലും കാസ്ട്രോ തിരിച്ചു ഹവാനയിലേക്കു ചെന്നു
mlm_00950_01466115983	അമേരിക്കയും ക്യൂബയും തമ്മിലുള്ള ബന്ധം കൂടുതൽ വഷളാവാൻ തുടങ്ങി.
mlm_02367_00326732750	അതിനുശേഷം ഭാഗികഗ്രഹണങ്ങളും വലയഗ്രഹണങ്ങളും മാത്രമേ ഉണ്ടാവുകയുള്ളൂ
mlm_02501_01270707418	പാതയിൽ തുടരുക
mlm_08777_01478820435	അതിസൂക്ഷ്മമായ പണികൾക്ക് വിധേയമാക്കാവുന്നതാണ് മാർബിൽ
mlm_03915_00403701645	ഇതിന്റെ ആരംഭമാണ് വേദകാല ശൈലിയിൽ കാണുന്നത്
mlm_08777_00387985514	അപ്പസ്തോലനടപടികൾ അനുസരിച്ച് പൗലോസ് ഒരു റോമൻ പൗരനായിരുന്നു
mlm_02367_02028802006	അനുകരണ പ്രവർത്തനം മെച്ചപ്പെടുത്താൻ ഓരോ കാറിനും വിവിധ തരം വിശദീകരണ തലങ്ങൾ ലഭ്യമാണ്
mlm_05535_01043977312	സുന്നത്ത് എന്ന വാക്കാൽ വിവക്ഷിക്കാവുന്ന ഒന്നിലധികം കാര്യങ്ങളുണ്ട്
mlm_02501_01691528177	ഒന്നര മൈലിൽ
mlm_00572_02018224312	പുതിയ വിവരങ്ങൾ ചേർത്ത എല്ലാവർക്കും നന്ദി
mlm_05535_01666564277	അത്രയ്ക്കു തന്ത്രപരമായാണ് ഹാനിബാൾ ഒരോ നീക്കങ്ങളും ആസൂത്രണം ചെയ്തത്
mlm_09125_01090873636	അത്രയും സജ്ജമായിരുന്നില്ല വേണാട് സൈന്യം
mlm_00572_00283281029	പക്ഷേ സത്യൻ അഭിനയിച്ച ആ സിനിമ പുറത്തുവന്നില്ല
mlm_05535_01840501565	ആനകളുടെ കുട്ടിക്കാലം വളരെ കൂടുതലാണ്
mlm_02064_01527372355	കൊച്ചിൻ എന്നു തന്നെയാണ് ക്ലബ് അറിയപ്പെട്ടിരുന്നത്
mlm_05535_00250064994	ഭാരതീയ ഗണിത ശാസ്ത്ര സംബന്ധിയായ ലേഖനങ്ങൾ
mlm_08822_00357156461	ആദിമ ക്രൈസ്തവ സഭ എന്നോ മറ്റോ തലക്കെട്ട് മാറ്റാം
mlm_07330_01845114412	അത്യാധുനിക രീതിയിൽ മുഴുവൻ സേവന സൗകര്യങ്ങളും അടങ്ങുന്നതാണ് പുതിയ കെട്ടിടസമുച്ചയം
mlm_00950_00066543862	നെടുമുടി എന്ന പേരിൽ അറിയപ്പെടുന്ന നെടുമുടി വേണു
mlm_00572_00729453244	അതേസമയം മറ്റുള്ള പെൻഗ്വിനുകളെ അപേക്ഷിച്ച് വളരെ തെക്കായി മുട്ടയിടുന്ന പെൻഗ്വിനാണ് അഡേലി പെൻഗ്വിൻ
mlm_02367_01016362616	അറബി ഭാഷയിൽ സമ്പന്നമായൊരു യഹൂദസാഹിത്യം തന്നെ ഇക്കാലത്തുണ്ടായി
mlm_02501_01897660458	കവലയിൽ ആദ്യത്തെ എക്സിറ്റ് എടുക്കുക
mlm_03993_01391427462	അച്ഛനും ഫിദലുമായി ഊഷ്മളമായ ഒരു പിതൃ പുത്രബന്ധം ഉണ്ടായിരുന്നില്ല
mlm_05535_00591095846	വെള്ളി എന്ന വാക്കാൽ വിവക്ഷിക്കാവുന്ന ഒന്നിലധികം കാര്യങ്ങളുണ്ട്
mlm_07330_01549415575	നടൻ ദിലീപുമായിട്ടുള്ള വിവാഹത്തിനു ശേഷം മഞ്ജു വാര്യർ സിനിമ അഭിനയം നിർത്തി
mlm_03048_01553593311	അതിൽ കുറഞ്ഞ ഇടവേളവിട്ടുള്ള കുമ്പസാരം അഭിലഷണീയമാണെന്ന നിർദ്ദേശവും ഇതിനൊപ്പമുണ്ട്
mlm_00950_00193174500	അവിടെ ആരും തെറ്റ് എന്നൊന്നും പറഞ്ഞിട്ടില്ല
mlm_09125_01232133322	ആഴ്സണലിന്റെ പേരിൽ ധാരാളം ഇംഗ്ലീഷ് ഫുട്ബോൾ റെക്കോർഡുകളുമുണ്ട്
mlm_09125_01446875721	അവ പോളിപ്ലോയിഡുകളോ ട്രിപ്ലോയിടുകളോ ആയതാണ് ഇതിനു കാരണം
mlm_00950_02032539808	അഹ്‌സാബ് യുദ്ധത്തിന് മുൻകൈയ്യെടുത്തത് ബനുനളീർ എന്ന ജൂതഗോത്രമാണ്.
mlm_09125_00717553429	ആയിരത്തിതൊള്ളായിരത്തി എൺപത്തിനാലാകട്ടെ സ്വേച്ഛാധിപത്യത്തിന് കീഴിലുള്ള ജീവിതത്തിന്റെ ചിത്രീകരണമാണ്
mlm_09171_00791250428	അതിനു ശേഷം പതിനെട്ട് മാസം ആ പതിപ്പിന് സഹായങ്ങളും ലഭ്യമാണ്
mlm_02745_01598800611	അവസാനദിവസത്തെ കഥയിൽ കിരാതംകഥ നിർബന്ധമാണ്
mlm_00572_00416460439	അതിനാൽ ഡയറികൾക്ക് പല വ്യാഖ്യാനങ്ങളും നിലവിൽ വന്നിരിക്കുന്നു
mlm_09125_01109654742	അത്യാവശ്യം വേണ്ട അവസരങ്ങളില്ലല്ലാതെ ഔദ്യോഗിക വസ്ത്രം ധരിക്കാൻ മാവോ ഇഷ്ടപ്പെട്ടിരുന്നില്ല
mlm_04296_00487459629	അറബിക്കടലിന്റെ റാണി എന്നറിയപ്പെടുന്ന കൊച്ചി ഇന്ത്യയിലെ പ്രധാന തുറമുഖങ്ങളിലൊന്നാണ്
mlm_02501_01816089663	ട്രാഫിക് സർക്കിളിൽ പ്രവേശിക്കുക
mlm_00572_00785124492	ഇതു കൊണ്ട് നല്ല ഉപയോഗം ഉണ്ട്
mlm_00572_00972060647	അത് നമ്മെ സന്തുഷ്ടരുമാക്കുന്നു
mlm_08822_00579693975	ഭൗതികം എന്ന വാക്കിനാൽ താഴെപ്പറയുന്ന എന്തിനേയും വിവക്ഷിക്കാം
mlm_03048_01290910081	ആരിദ്‌ മേഖലകളിൽ നിന്നു വീശുന്ന തെക്കുപടിഞ്ഞാറൻ കാറ്റാണ്‌ മദീനയിലെ ഉയർന്ന താപനിലയ്ക്കു കാരണം
mlm_08777_01324633426	അരിയും ഉഴുന്നും പ്രത്യേക അളവിൽ കുതിർത്തരച്ച മാവ് ഉപയോഗിച്ചാണ് ദോശ ഉണ്ടാക്കുന്നത്
mlm_00950_00121795152	അച്ഛൻ ഒരു അക്കൗണ്ടന്റായിരുന്നു.
mlm_04296_02122817548	അതിനെ ഉയർത്തി സ്ഥാപിക്കുവാൻ പിന്നെയും ഇരുപത്തിയേഴ് ദിവസം വേണ്ടിവന്നു
mlm_09125_01954555387	സത്യം പറയുന്ന ഒരു മനുഷ്യന് വേഗതയുള്ള ഒരു കുതിര ആവശ്യമാണ്
mlm_00572_00102336694	അതിന്റെ ജനസമ്മതിമൂലം മിക്കവാറും എല്ലാവർഷവും അതിന്റെ ഒരു പുതിയപതിപ്പ് ഇറക്കേണ്ടിവന്നു
mlm_07330_00552452967	ഉദാഹരണത്തിന് ഇവിടെ ഞെക്കി ഒരു ലേഖനം കാണൂ
mlm_03915_00695366368	ആശയസം‌വദനത്തിന് ഉപയോഗിക്കുന്നത് അഭിനയഹസ്തങ്ങളാണ്
mlm_08777_02063373383	കേരള കർഷക തൊഴിലാളി ക്ഷേമനിധി ബോർഡ് തൃശ്ശൂർ
mlm_02064_01404585142	അവരുടെ വിയോഗം അദ്ദേഹത്തെ ദുഃഖവിവശനാക്കുകയും ചെയ്തു
mlm_02064_00199544001	ഒരു പുതിയ പ്രശ്നം ഞാൻ ഉണ്ടാക്കാൻ ആഗ്രഹിക്കുന്നില്ല
mlm_02745_02038880873	അടുത്ത തോ‌ൽ‌വി നാലാം ടെസ്റ്റിലായിരുന്നു
mlm_05535_00747656909	എന്നാൽ ഇപ്പോൾ ഒരുപാട് മാറ്റങ്ങൾ വന്നിട്ടുണ്ട്
mlm_02501_01614813980	എണ്ണൂറു അടിയിൽ
mlm_09125_00837567766	പഠനത്തിൽ അദ്ദേഹത്തിന് ഏറെ ഗുണം ചെയ്തു
mlm_08777_01893444159	മാഷെ എന്റെ കയ്യിൽ ഇത്രയും കിട്ടി
mlm_02367_01533370623	വർഷം തോറും നടക്കുന്ന നെഹ്രു ട്രോഫി വള്ളംകളി പ്രസിദ്ധമാണ്
mlm_03915_01570541178	അദ്ദേഹത്തിന്റെ ചിത്രങ്ങളും മറ്റും വിൽക്കുന്നത് അവർ തുടർന്നു
mlm_02367_01745675635	അവയിൽ നിന്ന് നമുക്ക് ജനങ്ങളെ പറ്റി മനസ്സിലാക്കാൻ സാധിക്കും
mlm_04296_00477964527	അബ്ദുമനാഫിന്റെ മകൻ സൌർ ജനിച്ച സ്ഥലമായതിനാലാണ് ഈ പ്രദേശത്തിന് പ്രസ്തുത പേര് ലഭിച്ചത്
mlm_06515_00345998326	അങ്ങനെയാണെങ്കിൽ ചികിത്സ എത്രയും പെട്ടെന്നു തന്നെ തുടങ്ങേണ്ടത് അത്യാവശ്യമാണ്
mlm_04296_00846093308	അങ്ങനെ മെച്ചപ്പെടുത്തിയ അവതരണരീതിയിലുള്ള ഈ നൃത്തരൂപമാണ്‌ ഭരതനാട്യം
mlm_08822_01109151143	അ മുതൽ ഔ വരെയുള്ള സ്വരങ്ങൾ തനിയേ നിന്നാൽ പൂജ്യത്തെ സൂചിപ്പിക്കുന്നു
mlm_00572_01381068758	അതിനാൽ ഇതു വലിയ പ്രശ്നം അല്ല
mlm_00950_00207191873	ആധുനിക ഭാരതത്തിലെ ആന്ധ്രാപ്രദേശ്, തമിഴ്‌നാട് എന്നീ സംസ്ഥാനങ്ങളെയാണ് ഹുയാൻസാങ്ങ് സൂചിപ്പിച്ചത്.
mlm_02367_00274953662	അവർ അധിവസിച്ച പ്രദേശത്തിന് ലാറ്റിയം എന്നു പേര് വന്നു
mlm_02064_00252098892	അവയിൽനിന്നു വ്യത്യസ്തമായ നിർമ്മാണരീതിയാണ് ഈ ശവകുടീരത്തിൽ കൈക്കൊണ്ടിട്ടുള്ളത്
mlm_02064_00682685691	സയ്യിദ് കുടുംബം എന്ന പേരിൽ ഇത് അറിയപ്പെടുന്നു
mlm_02367_00143603694	ആഗ്നസിന്റെ സ്വപ്നം തന്നെയായിരുന്നു ഇന്ത്യയിലേക്കു പോവുക എന്നത്
mlm_09171_01292778002	അമ്പതോളം കുട്ടികൾ അവിടെ പഠിക്കാനായി എത്തിയിരുന്നു
mlm_07330_01118025797	പ്രാതലായാണ് സാധാരണ വിളമ്പുന്നതെങ്കിലും വൈകീട്ടും ഇത് ഉപയോഗിക്കാറുണ്ട്
mlm_05535_00603886694	മംഗളം എന്ന വാക്കാൽ വിവക്ഷിക്കാവുന്ന ഒന്നിലധികം കാര്യങ്ങളുണ്ട്
mlm_00950_01244483764	ആഭരണങ്ങൾ, ഫാഷൻ വസ്ത്രങ്ങൾ, ഇലക്ട്രോണിക്സ് ഉപകരണങ്ങൾ, അടക്കം വിപുലമായ കച്ചവട സ്ഥാപനങ്ങൾ ഇവിടെയുണ്ട്.
mlm_03993_00048225524	ഇംഗ്ലണ്ടിൽ പോയ വർഷം തന്നെ അദ്ദേഹത്തിന് ആദ്യത്തെ കുട്ടി പിറന്നു ഹരിലാൽ ഗാന്ധി
mlm_07330_00087732474	അത് കാലടിയുടെ ഇംഗ്ലീഷ് ലേഖനത്തിൽ കണ്ടു
mlm_08822_00225541041	അത്ര പ്രാധാന്യമില്ലാത്ത വിവരങ്ങളും ആർക്കും നേരിട്ട് ലഭിക്കാവുന്നതാണ്
mlm_04296_01334138987	ആ ലക്കം മാസികയുടെ പുറംചിത്രവും മദർതെരേസയുടേതായിരുന്നു
mlm_07330_00419227763	അവയിൽ നിന്നാണ് അദ്ദേഹം പ്രചോദനം ഉൾക്കൊണ്ടത്
mlm_09171_01815721904	അവയിൽ ചിലതൊക്കെ ശരിയാണെന്ന് വരാം
mlm_00572_00939361445	അവിടെ അവർ യഹൂദാചാരവിശ്വാസങ്ങൾ അനുസരിച്ചുള്ള ജീവിതം പുനരാരംഭിച്ചു
mlm_09125_01999812803	കുറഞ്ഞ കാലം കൊണ്ട് അദ്ദേഹത്തിന്റെ ഭരണ പരിഷ്കാരങ്ങൾ ശ്രദ്ധിക്കപ്പെട്ടു
mlm_03915_00225071022	അപരിചിതമായ ശബ്ദം കേട്ട പൂച്ച ഭയന്നു
mlm_09125_01690641301	അവയെ ഒഴിവാക്കി അനുഭവങ്ങളുടെ സംസ്കരണം സാധ്യമല്ല
mlm_04296_00088760364	അക്രമനടപടികളോട് പ്രതിക്ഷേധിച്ച് സംസ്ഥാനതല സമരം തുടങ്ങി
mlm_02064_00295316775	അവിടെ മസ്ജിദ് ഇശ എന്ന പേരിൽ വിശാലമായ പള്ളിയും കുളിക്കുവാൻ മറ്റു സൌകര്യങ്ങളുമുണ്ട്
mlm_09125_01895711230	അതുകൊണ്ട് ജനങ്ങൾ അദ്ദേഹത്തെ ശക്തൻ തമ്പുരാൻ എന്നു വിളിച്ചു
mlm_03993_02088234657	അതിനാൽ ഓരോ സമയവും അല്പാല്പമായി ഹബിൾ താഴോട്ടു വന്നുകൊണ്ടിരിക്കുന്നു
mlm_02064_01477255854	അപ്പോൾ ഒരു ഗാർഹിക പ്രതിസന്ധിയുടെ നടുവിലായിരുന്നു ഡാർവിൻ
mlm_09171_01600658823	അവിടെ നിന്ന് അഫ്ഗാനിസ്ഥാനും സോവിയറ്റ് യൂണിയനും കടന്ന് ജർമ്മനിയിലെത്തി
mlm_06515_01421449660	ആകാശംമുട്ടെ വളർന്ന വാമനൻ തന്റെ കാൽപ്പാദം അളവുകോലാക്കി
mlm_03048_00990353920	അസ്സഗീർ സൂഖ് തെക്ക് ഭാഗത്ത് സ്ഥിതി ചെയ്യുന്നു
mlm_00572_01311837173	ക്രമേണ ഈ അവയവം പൂർണ്ണ രൂപം പ്രാപിച്ചു
mlm_08822_00894133781	സിമി ഇതു മംഗലം ഡാം ആണ്
mlm_02367_01895700361	അതിനു ശേഷം സർക്കാർ ഉത്തരവു പ്രകാരം എല്ലായിടത്തും തിരുവനന്തപുരം എന്നുതന്നെ ഉപയോഗിച്ചുപോരുന്നു
mlm_03048_01500350392	അത് ഉപയോഗിച്ചുള്ള ഒരു ഉദാഹരണം ഇവിടെ കാണാം
mlm_02367_01393393351	ആഫിക്കൻ അമേരിക്കൻ കഥാപാത്രങ്ങളെക്കുറിച്ച് നാം കാര്യമായൊന്നും കാണുന്നില്ല
mlm_08777_00915304978	അടുത്തകാലത്തായി ജനങ്ങൾ തിങ്ങിപ്പാർക്കുന്ന ഒട്ടനവധി പ്രദേശങ്ങൾ ഇവിടെ രൂപപ്പെട്ടിട്ടുണ്ട്
mlm_03993_01965715909	അന്ന് ഇൻഡ്യൻ ദേശീയതയുടെ നായകരായിരുന്ന നേതാക്കന്മാരെയെല്ലാം സന്ദർശിച്ചു
mlm_08822_01157464214	ലേഖനത്തിന്റെ ഇടക്ക് ഇംഗ്ലീഷ് പദങ്ങൾ ചേർക്കുന്നത് ശരിയല്ല
mlm_02367_01061943862	അവൻ രാജാവിന് വേവിച്ച ധാന്യം ഭക്ഷണമായി നൽകി
mlm_08777_00205112628	അതിനാൽ അദ്ദേഹം കൂടുതൽ സേനയെ ദില്ലിയിലേക്കയക്കാൻതന്നെ തീരുമാനിച്ചു
mlm_08822_01504112626	അതാണ് ഏറ്റവും കൂടുതൽ ഉപയോഗിക്കപ്പെടുന്ന പൂവ് എന്നു തോന്നുന്നു
mlm_02367_00473822452	ആകാശഗംഗയ്ക്ക് പുറമെ ഭൂമിയിൽ നിന്ന് നിരീക്ഷിക്കപ്പെട്ട ആദ്യ താരാപഥങ്ങളാണിവ
mlm_03915_00060593991	അവിടത്തെ സഭാസമ്മേളനത്തിന് മുൻപിൽ പൗലോസും ബർണ്ണബാസും തങ്ങളുടെ ദൗത്യാനുഭവങ്ങൾ വിശദീകരിച്ചു
mlm_09171_01966610312	അവരുടെ മുത്തച്ഛൻ ഒരു ആര്യന്റെ ജാരസന്തതിയായിരുന്നെന്നാണ് ഗ്രെറ്റൽ അവകാശപ്പെട്ടത്
mlm_08822_00158439002	ആനിമൽ ഫാം പ്രസിദ്ധീകൃതമായപ്പോൾ രണ്ടാം ലോകമഹായുദ്ധം അന്ത്യത്തോടടുക്കുകയായിരുന്നു
mlm_07330_02107285721	യൂറോപ്യൻ യൂണിയൻ അംഗമാണ് ഈ രാജ്യം
mlm_09171_01759887391	കൊല്ലം എന്ന വാക്കിനാൽ താഴെപ്പറയുന്ന എന്തിനേയും വിവക്ഷിക്കാം
mlm_02367_01652804843	ആനയുടെ ചെവികൾക്ക് വളരെ കട്ടികുറവാണ്
mlm_00572_02094051715	ആധുനിക ജ്യോതിശ്ശാസ്ത്രത്തെ ജ്യോതിഷവുമായി തെറ്റിദ്ധരിക്കാറുണ്ട്
mlm_02367_02073430729	അമ്പത്തി ഒമ്പത് കോട്ടകൾ ജൂതന്മാർ നേരത്തെ നിർമ്മിച്ചിട്ടുണ്ടായിരുന്നു
mlm_03048_01491127200	അമ്മ വ്യവസായപ്രമുഖനായ ജോഷിയാ വെഡ്ജ്‌വുഡിന്റെ മകളായിരുന്നു
mlm_00572_00774542851	അതിനായി താങ്കൾക്ക് താങ്കളുടെ പകർപ്പവകാശ ആശങ്കകൾ അറിയിപ്പായി ഇടാവുന്നതാണ്
mlm_02501_01791003204	വഴിയുപയോഗിക്കുക
mlm_00950_01691168174	ആനയെ പിന്നീട് മനുഷ്യൻ നാട്ടാനകളുടെ കൂടി സഹായത്താൽ കുഴിയിൽ നിന്നും കരയിലേക്ക് കയറ്റുന്നു.
mlm_09125_01475706515	ചില സ്ഥലങ്ങളിൽ ഭരണകൂടം നേരിട്ട് കൃഷി നടത്തി
mlm_03048_01079930355	അതു കൊണ്ടാണ്‌ ഇതിന്‌ പൊട്ടാസ്യം എന്ന പേര്‌ വന്നത്
mlm_05535_00944259057	യാക്കോബായ സഭ എന്ന പ്രയോഗം സാധാരണയായി സുറിയാനി ഓർത്തഡോക്സ് സഭയെ വിളിച്ചു വരുന്ന പേരാണ്
mlm_02501_00964931937	ഇടത് വഴിയിലേക്ക് തിരിയുക
mlm_09125_01054338881	അതിൽ ഉൾക്കൊണ്ടിരുന്ന വ്യക്തികൾ സോവിയറ്റ് കമ്മ്യൂണിസ്റ്റ് അനുഭാവ പ്രസ്താവനകൾ നടത്തിയിരുന്നു
mlm_08777_00423910573	ഖുർആൻ ആണ് ഈ മതത്തിന്റെ അടിസ്ഥാനം
mlm_08777_01770418244	അഞ്ചാം നിലക്ക് മുകളിൽ ഫൈബർ കൊണ്ടുള്ള പന്തലുകളാണ് ഒരുക്കിയിരിക്കുന്നത്
mlm_02064_01906043483	അതിനാൽ ഉള്ളടക്കത്തിനുള്ള മാനദണ്ഡങ്ങൾ ഇത്തരം താളുകളിൽ പാലിക്കേണ്ടതില്ല
mlm_08822_00675580659	അതിന്റെ ഭാഗമായി നിലവിലുള്ള ചിഹ്നത്തിന്റെ ഒരു പരിഷ്കൃതരൂപമാണ് ഷർട്ടുകളിൽ ഉപയോഗിച്ചത്
mlm_05535_00888721966	അതിനാൽ ഗർഭിണികൾ പൂച്ചകളുമായി അകലം പാലിക്കേണ്ടതാണ്
mlm_08777_00870767449	അനവധി പുരസ്കാരങ്ങളും പട്ടങ്ങളും ബിരുദങ്ങളും അദ്ദേഹത്തിനു ലഭിച്ചു
mlm_03048_00342473111	ആ വർഷം തന്നെ ഒക്‌ടോബറിൽ തീവ്രവാദിയാണെന്ന സംശയത്തിന്റെ പുറത്ത് ബോസിനെ അറസ്റ്റ് ചെയ്തു
mlm_00572_01710934989	കൃഷ്ണൻ നായർ എന്ന വാക്കാൽ വിവക്ഷിക്കാവുന്ന ഒന്നിലധികം കാര്യങ്ങളുണ്ട്
mlm_09125_01330020363	അദ്ദേഹം അറുപത്തി നാല് റണ്ണുകൾ വഴങ്ങി രണ്ട് വിക്കറ്റുകൾ നേടി
mlm_02064_02050446749	അഞ്ച് ദിവസമാണ് പ്രതീക്ഷിച്ചുന്ന യാത്രാസമയം
mlm_02501_00534635004	പ്രശ്നം വിവരിക്കുക
mlm_09125_01536456405	അദ്ദേഹത്തിന്റെ ആത്മകഥയിൽ ആൻഡ്രോയിഡിനെ മോഷണ മുതൽ എന്നാണ് വിശേഷിപ്പിച്ചിരിക്കുന്നത്
mlm_00950_00083236833	ആദ്യത്തേത് ആയിരത്തി തൊള്ളായിരത്തിയമ്പത്തിയാറ് ഓഗസ്റ്റ് പതിനഞ്ച്നു രൂപീകൃതമായ കേരള സാഹിത്യ അക്കാദമി യാണ്.
mlm_08822_01596937738	അതിന്റെ ഭാഗമായി ഇപ്പോൾ മക്കയിലെ മസ്ജിദുൽ ഹറം വടക്ക് മുറ്റം വികസനപദ്ധതി പൂർത്തിയായി വരുന്നുണ്ട്
mlm_00950_01945949072	അതിനോടനിബന്ധിച്ച് ഒരു വാരം സേവനവാരമായും കൊണ്ടാടുന്നു.
mlm_08777_00559446386	അവിശ്വസനീയമായ പിണ്ഡമാവും നക്ഷത്രങ്ങൾക്കുണ്ടാവുക
mlm_05535_01881725535	ഇത് സഹായി താളിൽ നൽകിയാൽ നന്നായിരിക്കും
mlm_08777_01951861989	ആഫ്രിക്കൻ രാജ്യമായ നൈജറിന്റേതും തിരശ്ചീനമായ മൂവർണ്ണ പതാകയാണ്
mlm_02745_00705633231	അപ്പോൾ ബോർണിയോയിലായിരുന്ന വാലേസിന്റെ സഹായവും ഡാർവിന് കിട്ടി
mlm_09171_00133313851	അദാത്ത് ലബൻ എന്ന തെക്ക് ഭാഗത്തുള്ള സ്ഥലമാണ് ഹറമിന്റെ മറ്റൊരു അതിർത്തി
mlm_02501_00853862144	എന്‍നൂര്‍ മീറ്ററിൽ
mlm_09171_00481612311	അവിടെ അദ്ദേഹം മിച്ചമുണ്ടായിരുന്ന ധനവും തുലച്ചു
mlm_03915_00212936014	അന്നുണ്ടായ രാഷ്ട്രീയ ധ്രുവീകരണത്തിൽ അൽബേനിയ മാത്രമാണ് ചൈനയുടെ ഭാഗത്തു നിന്നത്
mlm_08777_01790905686	ചിത്രത്തിനു അനുയോജ്യമായ ഒരു പേരു കൊടുക്കുക
mlm_09171_01293939236	അയൽക്കാരെക്കുറിച്ചുള്ള സ്കൗട്ടിന്റെയും ജെമിനിന്റെയും നിരീക്ഷണങ്ങൾ മിക്ക നിരൂപകർക്കും ഇഷ്ടപ്പെട്ടു
mlm_09171_01235959260	അന്നു രാത്രി അദ്ദേഹത്തിന്റെ ശരീരം അടക്കം ചെയ്തു
mlm_02367_01277245487	അംഗത്വം നീക്കം ചെയ്യുക എന്നത് സാധ്യമല്ല
mlm_07330_01168394821	അഞ്ച് മാസത്തോളം മദർ സുപ്പീരിയർ എന്ന സ്ഥാനത്തു നിന്നും ഒഴിഞ്ഞു നിന്നു
mlm_08777_01902382687	ഈ വിഷയത്തെക്കുറിച്ച് എനിക്ക് ഒന്നും അറിയില്ല
mlm_09125_00525581677	ഇതു നൂറ്റാണ്ടുകൾ പഴക്കം ഉള്ള ഒരു പുരാതന ക്ഷേത്രമാണ്
mlm_09125_01770976163	അവരിലൊരാളുടെ വീട്ടിൽ സ്പിനോസ താമസമാക്കി
mlm_03048_01034197441	അവരുടെ രോഗാവസ്ഥ അവസാന നാളുകളിലെ ഓർവെലിന്റെ അവിശ്വസ്തതയുടെ കാരണങ്ങളിലൊന്നാകാം
mlm_08822_01260254480	അദ്ദേഹത്തിന് ഒരു സഹോദരിയും ഉണ്ടായിരുന്നു
mlm_03915_01556046434	കണ്ണൂര്‍ കോട്ട എന്നും ഈ കോട്ട അറിയപ്പെടുന്നു
mlm_08822_01071675759	കേരളത്തിൽ പരക്കെ കാണപ്പെടുന്ന ഒരു ചെടി
mlm_03048_00464623988	അതിനു കാരണം ഒരിക്കലും വറ്റാത്ത ജലസ്രോതസ്സായ സംസം എന്ന നീരുറവയായിരുന്നു
mlm_03993_00469222843	ആകാശം ഇരുണ്ടിരുന്നു
mlm_02367_01590173140	അവരായിരുന്നു അദ്ദേഹത്തിന്റെ മുഖ്യപ്രചോദനം
mlm_02367_01361986513	അക്ബറുടെ കാലഘട്ടമായിരുന്നു മുഗളശൈലിയുടെ വികാസദശ
mlm_02064_00568983889	അവർക്കെല്ലാം റോമൻ പൗരാവകാശം അനുവദിച്ചാണ് സമരം അവസാനിപ്പിച്ചത്
mlm_02367_00269770685	ആത്മഹത്യ എപ്പോഴും യുക്തിരഹിതമാണെന്ന വിശ്വാസം ഇക്കൂട്ടർ തള്ളിക്കളഞ്ഞിരുന്നു
mlm_08777_00448564659	അറ്റ്‌ലാന്റിക് സമുദ്രത്തിൽ സമപ്രതലശൃംഖങ്ങൾ കുറവാണ്
mlm_08822_02085502567	അവയെക്കുറിച്ചറിയാൻ കൂലി നാനാർത്ഥങ്ങൾ എന്ന താൾ കാണുക
mlm_02501_00581573515	ട്രാഫിക് സർക്കിൾ കടക്കുക
mlm_07330_01192765896	മുംബൈ ഗവണ്മെന്റ് ലാ കോളെജിൽ നിന്ന് നിയമ ബിരുദവും പ്രതിഭ നേടി
mlm_00950_00913117678	അദ്ദേഹം തിരിച്ചും മാർത്താണ്ഡ വർമ്മയോട് വിധേയത്വം പുലർത്തി.
mlm_08777_00781183891	അത് തിരുവിതാംകൂർ രാജവംശത്തിന്റെ കലാ സാംസ്കാരിക പുരോഗമന നയങ്ങളിൽ നിന്നാണ് ഉണ്ടായത് എന്ന് പറയാം
mlm_00950_00337566177	അവിടെ ഭാർഗ്ഗവരാമ സങ്കല്പ ദീപപ്രതിഷ്ഠയാണ് തൊഴേണ്ടത്.
mlm_09171_01904678559	ഇതിനെ കറുത്ത ദ്രവ്യം എന്നു വിളിക്കുന്നു
mlm_08777_00006319502	അങ്ങനെ സംഭവിക്കുകയാണെങ്കിൽ ദൂരദർശിനി മുഴുവനും നശിച്ചുപോകാനിടയില്ല
mlm_03048_01389791594	അവയെക്കുറിച്ചറിയാന്‍ ജോര്‍ജ് ബുഷ് നാനാര്‍ത്ഥങ്ങള്‍ എന്ന താള്‍ കാണുക
mlm_02501_01139145924	ട്രെയിന്‍ പിടിക്കുക
mlm_09171_00739655469	അച്ചടിയുടെ മനോഹാരിത കണ്ട് അന്നത്തെ റസിഡന്റ് ന്യൂവാൾ അദ്ദേഹത്തെ അഭിനന്ദിച്ചു
mlm_03915_00324289029	സ്റ്റേറ്റ് ബാങ്ക് ഓഫ് ഇന്ത്യയുടെ ഒരു വലിയ ശാഖ ഫോര്‍ട്ട് റോഡില്‍ ഉണ്ട്
mlm_06515_01106828725	ഇങ്ങനെ ഒരു ലേഖനം വേണ്ട എന്നാണ് അഭിപ്രായം
mlm_06515_00406780401	പക്ഷേ പലരും അതു ചെയ്തു കണ്ടില്ല
mlm_03048_02133175211	പ്രസിദ്ധമായ നിരവധി വിദ്യാഭ്യാസ സ്ഥാപനങ്ങള്‍ കൊണ്ട് ഈ നഗരം പ്രശസ്തമാണ്
mlm_09171_01979980882	അവർക്കുവേണ്ടിയിരുന്നത് അധികാരവും പുകഴ്ച്ചയും മഹത്ത്വവും ആയിരുന്നു
mlm_02367_00084693886	മലയാളത്തിലെ ആദ്യത്തെ സ്വകാര്യ ടെലിവിഷൻ ചാനൽ
mlm_07330_00620606721	ഇത് തണുത്തതല്ല
mlm_00572_01621616207	അത് പിൻവലിക്കാനുള്ള അധികാരം മാർപ്പാപ്പയിൽ മാത്രം നിക്ഷിപ്തമാണ്
mlm_05535_01557358641	അവയെക്കുറിച്ചറിയാൻ നിറം നാനാർത്ഥങ്ങൾ എന്ന താൾ കാണുക
mlm_00950_01025633077	സുറിയാനി എന്ന വാക്കിനാല്‍ താഴെപ്പറയുന്ന എന്തിനേയും വിവക്ഷിക്കാം
mlm_08777_01030526102	ഈ താൾ ഭാരതീയ ഭാഷകൾ എന്ന താളുമായി ലയിപ്പിക്കുന്നതിന് ശുപാർശ ചെയ്തിരിക്കുന്നു
mlm_00572_02083528889	അന്നേദിവസം രാത്രി വില്ലുപാട്ട് എന്ന പുരാതന ഹൈന്ദവകലാരൂപം ക്ഷേത്രത്തിൽ അരങ്ങേറാറുണ്ട്
mlm_08822_00533134507	അന്ന് മോത്തിഹാരി ബ്രിട്ടീഷ് ഇന്ത്യയിലെ ബംഗാൾ പ്രസിഡൻസിയുടെ ഭാഗമായിരുന്നു
mlm_09171_00131621262	ഇതിനായി വിലയേറിയ ഉപകരണങ്ങൾ ഒന്നും ആവശ്യമില്ല
mlm_08777_00897458798	പൊതുവായ ഒരു ആരാധനാ സമ്പ്രദായം ഉണ്ടായിരുന്നില്ല
mlm_00950_01310262167	ഏറ്റവും കൂടുതലായി ഉപയോഗിക്കുന്ന ലോഹമാണ് ഇരുമ്പ്
mlm_07330_00159749706	വയലാർ എന്ന വാക്കിനാൽ താഴെപ്പറയുന്ന എന്തിനേയും വിവക്ഷിക്കാം
mlm_08822_02024374088	അവിടെ വെച്ച് ഫിദൽ റൗൾ കാസ്ട്രോയുടെ സുഹൃത്തു വഴി ചെഗുവേരയെ പരിചയപ്പെട്ടു
mlm_04296_01056153788	അവ ധാന്യവിളകളുടെ ഇടയിൽ കഴിയുന്ന കീടങ്ങളെ കൊന്ന് തിന്ന് കർഷകരെ സഹായിക്കുന്നു
mlm_07330_01782669921	അലങ്കാരങ്ങളിൽ കാണുന്ന മാറ്റമാണ് മറ്റൊരു പ്രത്യേകത
mlm_07330_00596830812	അവശേഷിച്ച ജീവിതകാലം അദ്ദേഹം ചെലവഴിച്ചത് ഹേഗിലാണ്
mlm_02367_00291957893	ഭൂമിയിൽ ഏറ്റവും കൂടുതലായി കാണപ്പെടുന്ന ലോഹമാണ് ഇരുമ്പ്
mlm_09125_01668664288	അവിടെ അദ്ദേഹം പതിനഞ്ചാമത്തെ വയസ്സുവരെ പഠിച്ചു
mlm_08777_01402611060	അതായത് ഏതുതരം തമോദ്വാരങ്ങളുടെ രൂപവത്കരണവും മൗലികതമോദ്വാരങ്ങളെ ഉപയോഗിച്ച് വിശദീകരിക്കാം
mlm_05535_02031969366	മംഗലാട്ട് മാഷെ ഇവിടെ നോക്കുക ചുവന്ന നിറത്തിൽ രേഖപ്പെടുത്തിയിട്ടുണ്ട്
mlm_00950_01563133018	ആദ്യത്തെ രണ്ടടിക്കു തന്നെ സ്വർഗ്ഗവും ഭൂമിയും പാതാളവും അളന്നെടുത്തു.
mlm_06515_01527168146	രാവിലെ കൃത്യം ആറ് മണിക്ക് ഒരു വലിയ വാർപ്പിൽ വെള്ളം ഒഴിച്ചു തിളപ്പിക്കുന്നു
mlm_03048_00654614452	അനാദി കാലം മുതൽക്കേ കുങ്കുമം ഔഷധസസ്യമായി ഉപയോഗിച്ചുവരുന്നു
mlm_07330_01581862801	അറ്റ്‌ലാന്റിക്കിന്റെ പടിഞ്ഞാറൻ ഭാഗങ്ങൾ കിഴക്കൻ ഭാഗങ്ങളേക്കാൾ ഊഷ്മളമാണ്
mlm_09171_00769748095	പ്രവീൺ ഇന്ന് നല്ല ഒരു പരിപാടി ചെയ്തു
mlm_00572_01731579190	അടുത്ത ദിവസം പ്രഭാതത്തിൽ ടൂർസിലെ വിശുദ്ധ മാർട്ടിന്റെ തിരുനാളിൽ അദ്ദേഹത്തെ ജ്ഞാനസ്നാനപ്പെടുത്തി
mlm_08822_01623275371	അഹിംസയിലൂന്നിയ സത്യാഗ്രഹം എന്ന സമര സിദ്ധാന്തത്തിലൂടെ ലോകമെമ്പാടും അദ്ദേഹം ശ്രദ്ധേയനായി
mlm_05535_01198408680	അവരിലുടെ ഗാന്ധി ഹിന്ദുത്വം ബുദ്ധമതം ബ്രാഹ്മണ സാഹിത്യം തുടങ്ങിയവ പഠിക്കാൻ ഇടയായി
mlm_08777_00841544263	ഇതിനു ഹീലിയം ഫ്ലാഷ് എന്നു പറയുന്നു
mlm_03915_00036434878	അതുകൊണ്ടു തന്നെ മുംബൈ വളരെ ഉയര്‍ന്ന ജീവിത നിലവാരം പുലര്‍ത്തുന്ന നഗരങ്ങളില്‍ ഒന്നാണ്‌
mlm_06515_00528230142	ആ വാദം അലസമനസ്സുകളുടെ തലയിണ ആണെന്നായിരുന്നു അദ്ദേഹത്തിന്റെ പക്ഷം
mlm_09171_00724982022	അതുകൊണ്ട് ജാവ കാലഹരണപ്പെട്ട് പോകാനിടയില്ല
mlm_02501_01934843377	ഇടത് തിരിയുക
mlm_08777_00395180223	അതിൽ നിന്ന് വെളിയിൽ കൊണ്ടുവരാനുള്ള സുഹൃത്തുക്കളുടെ ശ്രമത്തിന് അദ്ദേഹം വഴങ്ങിയില്ല
mlm_05535_02056920895	പല ധാന്യങ്ങളും ശ്രീലങ്കക്കാർ ഇടിയപ്പത്തിൽ ചേർക്കുന്നു
mlm_08822_00842735233	അദ്ദേഹം ഇംഗ്ലീഷ് മലയാളം തമിഴ് സംസ്കൃതം എന്നീ ഭാഷകളിൽ പ്രാവീണ്യം നേടി
mlm_02064_02065587666	പിതാവ് കേശവൻ ആശാൻ മാതാവ് മണി അമ്മ
mlm_09125_00684281760	അതിനെ തുടർന്ന് ബുദ്ധമതം ക്ഷയോന്മുഖമായ ഒരു കാലഘട്ടത്തിലേക്ക് പ്രവേശിച്ചു
mlm_03048_00165002846	ഷിജു ഞാന്‍ എന്നെ തന്നെ മറന്നു പോകുന്നു
mlm_08777_00138744426	അതും സ്വീകാര്യമല്ലെങ്കിൽ കോടതിയെ സമീപിക്കാനും അവസരമുണ്ട്
mlm_07330_00039113030	അന്ന് ചാവെസിനു ലഭിച്ചത് അറുപത്തി മൂന്ന് ശതമാനം വോട്ടായിരുന്നു
mlm_03048_00427091987	അന്തരീക്ഷതാപനില ഉയരുന്നതോടെ മദീനയിൽ പൊതുജീവിതം കുടുതൽ ദുസ്സഹമാകുന്നു
mlm_07330_01473067721	അവ രക്തത്തിലെ ജലത്തിന്റെ അംശം കുറയ്ക്കുന്നത് വഴിയാണ് രക്തസമ്മർദ്ദം നിയന്ത്രിക്കുന്നത്
mlm_03915_01032243232	അത്തരം ഏറ്റുപറയൽ അനുരഞ്ജനപ്രക്രിയയുടെ ഭാഗമാണ്
mlm_03915_00073461420	ആദ്യ നന്നാക്കൽ ദൗത്യം ആയിരത്തി തൊള്ളായിരത്തി തൊണ്ണൂറ്റി മൂന്ന് ഡിസംബറിൽ ഹബിളിന്റെ ചിത്രീകരണ വൈകല്യം ശരിയാക്കിയതാണ്
mlm_05535_00612058275	അൻസ്വാറുകൾ ഭൂവുടമകളും സ്വത്തുടമകളുമായിരുന്നു
mlm_04296_00048798411	അമിതപോഷണം മൂലമുണ്ടാകുന്ന കളകളുടെ വളർച്ച മറ്റുജീവജാതകളുടെ നിലനില്പിന് ഭീഷണിയാകുന്നു
mlm_08777_02097825715	ഈ ഗൾഫ് മലയാളി എഴുതിയ ലേഖനങ്ങൾ കാണുക
mlm_02745_01437215916	അമൃതം‌ ഗമയ എന്ന ചിത്രത്തിലെ ഡോക്ടറുടെ കഥാപാത്രം ഇതിലൊന്നാണ്
mlm_08777_00419055554	അനുഭവ പരിചയവും ഇത്തരക്കാർക്ക് കുറവായിരിക്കും
mlm_08777_00000837886	അതിനുള്ള പണം അവർ തന്നെ സ്വയം കണ്ടെത്തുകയായിരുന്നു
mlm_07330_00083502701	ആരോഗ്യരംഗം പൂർണ്ണമായും സൗജന്യമായി
mlm_09171_01066796582	ഇന്ന് രാവിലെ മുതൽ കുഴപ്പമില്ല എന്ന് തോന്നുന്നു
mlm_08822_00228285481	ആൻഡമാനിലെ മിക്ക ദ്വീപുകളും കൊടുംകാടുകളാണ്
mlm_03048_00570245158	ഇതേ പേരിലുള്ള വാദ്യോപകരണത്തെക്കുറിച്ചറിയാൻ ദയവായി നെയ് കാണുക
mlm_05535_00025376692	അവസാനം റോം തിരിച്ചടിക്കുകയും ഹാനിബാൾ പിൻവാങ്ങുകയും ചെയ്തു
mlm_07330_01137464726	ഇതുവരെ തിരഞ്ഞെടുത്ത ചിത്രങ്ങൾ ഇവിടെ കാണാം
mlm_08822_01721502640	അതിനാൽ ഗണപതിപ്രതിഷ്ഠ സ്വയംഭൂവാണ്
mlm_09171_01690817362	ഇംഗ്ലീഷ് ഭാഷയിൽ ബിരുദാനന്തര ബിരുദം നേടിയിട്ടുണ്ട്
mlm_08822_01142787744	ആകെ വെറും ആയിരത്തിയഞ്ഞൂറ് എണ്ണം മാത്രമേ ഉള്ളൂ എന്നാണ് അവരുടെ കണക്കുകൾ
mlm_08822_01973906214	അദ്ദേഹത്തിനെ പറ്റിയുള്ള കൂടുതൽ വിവരങ്ങൾ ലഭ്യമല്ല
mlm_03048_00454543654	കൂടാതെ മറ്റ് ധാരാളം വിദ്യാഭ്യാസ സ്ഥാപനങ്ങള്‍ ഇവിടെയുണ്ട്
mlm_03048_00261202179	അവസാനം അദ്ദേഹം ക്രിക്കറ്റ് തിരെഞ്ഞെടുത്തു
mlm_03048_01840585687	അതു പോലെ കെട്ടു പിണയാത്ത പാദരക്ഷകളും ധരിക്കണം
mlm_07330_01936456987	ന്യായം എന്ന വാക്കിനാൽ താഴെപ്പറയുന്ന എന്തിനേയും വിവക്ഷിക്കാം
mlm_09125_00849412473	അവർ നേരിടുന്ന ചില പ്രശ്നങ്ങൾ ആണ് ഞാൻ മുകളിൽ ലിസ്റ്റ് ചെയ്തത്
mlm_00572_02112894358	ജോൺ നേതൃത്വം നൽകിയ മന്ത്രിസഭ നിലവിൽ വന്നു
mlm_02367_00461316919	ഇതിന് പിന്നാലെ പൂർണ്ണ രാഷ്ട്രീയ നിയന്ത്രണം കമ്പനി ഏറ്റെടുത്തു
mlm_09171_01845584824	അകത്ത് കൊത്തി വച്ചിരിക്കുന്ന കല്ലുകൾ മാർബിൾ ജാസ്പർ ജേഡ് എന്നിവ ഉപയോഗിച്ചാണ്
mlm_09171_00695603891	എങ്കിലും മനസ്സിൽ തോന്നുന്നത് പറയാതെ വയ്യ
mlm_03915_00747371038	അതിനെപ്പറ്റി അസ്‌ഹറുദ്ദീൻ ഇങ്ങനെ പറഞ്ഞു അദ്ദേഹം ജയിക്കുകയില്ല
mlm_09125_01163630334	ഈ ഗ്രാമം തളിപ്പറമ്പ് താലൂക്കിൽ ഉൾപ്പെടുന്നു
mlm_08822_00624251925	അദ്ദേഹം വൻ ഭൂസ്വത്ത് ഈ ക്ഷേത്രത്തിനു നൽകി
mlm_02064_00817369238	അതോടെ നിങ്ങളുടെ ഒഴിവാകൽ പ്രക്രിയ പൂർണ്ണമാകുന്നു
mlm_02064_00238463288	അദ്ദേഹത്തിന്റെ ഏറ്റവും വലിയ കവിതാ സമുച്ചയമാണത്
mlm_06515_00842089912	അവർ അവ നന്നായി മനസ്സിലാക്കുകയും ചെയ്തിരുന്നു
mlm_03915_00049172569	അതുപോലെ അനേകം എസ് ഇ ഐ സി എം എം ഐ ലെവെൽ അഞ്ച് കമ്പനികളുടെയും ആസ്ഥാനമാണിവിടം
mlm_09125_01592629936	അതിനു ശേഷം നാലു മുതൽ പതിനൊന്നു വരെ ഇളം തണ്ടുകൾ മണ്ണിനു പുറത്തേക്കു വരുന്നു
mlm_00572_01696385522	അടിസ്ഥാന സൗകര്യ വികസനത്തിലായിരുന്നു ഇക്കാലയളവിൽ മോദി ശ്രദ്ധിച്ചത്
mlm_03915_01605886460	എറ്റവും പുതുമുഖം എന്നു വേണമെങ്കില്‍ പറയാം
mlm_02745_00851182583	അതിനു ശേഷം ജ്യേഷ്ഠന്മാരെപ്പോലെ ലണ്ടൻഡെറിയിലെ ഫോയൽ കോളേജിൽ ചേർന്നു
mlm_09171_01002199219	കർണാടക സംസ്ഥാനത്തിന്റെ പഴയ പേര് മൈസൂർ എന്നായിരുന്നു
mlm_02367_01388921807	അദ്ദേഹം ചരിത്രകാരന്മാർക്കിടയിൽ ആഗസ്ത് ചക്രവർത്തി എന്നാണ് അറിയപ്പെടുന്നത്
mlm_05535_00690800945	അതായത് നിർമ്മാണരേഖ എപ്പോഴും ലഭ്യമാണ്
mlm_03993_01918660941	അന്നു മലയാള അച്ചടിശാലകളൊന്നും ഇവിടെ ഉണ്ടായിരുന്നില്ല
mlm_08777_00883938904	അർക്കിയ കാർബൺ നൈട്രജൻ സൾഫർ തുടങ്ങിയ മൂലകങ്ങളുടെ പുനർചംക്രമണം പല ആവാസവ്യവസ്ഥയിൽ നടത്തുന്നു
mlm_09125_00085729688	കേരളത്തിലെ ഒരു ജില്ല തലസ്ഥാനം കോട്ടയം നഗരം
mlm_02064_00297529963	അതിനടുത്തെങ്ങോ അഗസ്തോസിന്റെ പിതാവ് മരിച്ചു
mlm_09125_01152290946	അതോടെ ആഢംബരജീവിതം ഉപേക്ഷിച്ച് അദ്ദേഹം സന്യാസം സ്വീകരിച്ചു
mlm_09171_00282686309	അതിനെ പ്രത്യേകിച്ച് വേറേ മാനദണ്ഡങ്ങൾ ഒന്നും ഇല്ല
mlm_07330_00377092773	അവയെക്കുറിച്ചറിയാൻ അറബി നാനാർത്ഥങ്ങൾ എന്ന താൾ കാണുക
mlm_09125_00997049660	സമ്പ്രദായം പാരമ്പര്യം എന്നീ വാക്കുകൾ ഉപയോഗിക്കാം
mlm_03048_00686137830	ആഷസ് നേടിയ മനഃസുഖം അധിക കാലം നിലനിർത്താൻ ഓസ്ട്രേലിയയ്ക്കായില്ല
mlm_07330_00260572686	അത്തരം ദിവസങ്ങളിൽ കടലാസിൽ എഴുതിയാണ് അദ്ദേഹം ആശയവിനിമയം നടത്തിയിരുന്നത്
mlm_03048_00927527571	അൻപത്തിയേഴാം വയസ്സിൽ ആയിരത്തി മുപ്പത്തിയേഴ് ജൂണിൽ ആ പ്രതിഭ ഇഹലോകം വെടിഞ്ഞു
mlm_02745_00273549713	അവയെക്കുറിച്ചറിയാന്‍ പ്രതിരോധം നാനാര്‍ത്ഥങ്ങള്‍ എന്ന താള്‍ കാണുക
mlm_06515_02072759616	അത് കൊണ്ട് മക്കയുടെ പ്രബുദ്ധമായ സംസ്കാരവും അതിൽ നിഴലിച്ചു കാണുന്നുണ്ട്
mlm_09125_01916588582	ചേര രാജാക്കന്മാരിൽ നിന്നുമാകാം പേർ വന്നതെന്നാണ് മറ്റൊരു അഭിപ്രായം
mlm_03915_01694393085	അറ്റ്‌ലാന്റിക്ക്കിന്റെ പൂർവതീരങ്ങളിൽ ഈ ആവൃത്തി കൃത്യമായും പാലിക്കപ്പെട്ടു കാണുന്നു
mlm_05535_00316231264	അതിൽ കുറഞ്ഞതോന്നുകൊണ്ടും അവർ തൃപ്തരാകുമായിരുന്നില്ല
mlm_09171_02122542278	അതുവരെയുണ്ടായിരുന്ന ഇസ്ലാമികശൈലി പ്രധാനമായും പേർഷ്യൻ കലയുടെ പുനരാവിഷ്കരണമായിരുന്നു
mlm_00572_01733256123	അറബി എന്ന വാക്കാൽ വിവക്ഷിക്കാവുന്ന ഒന്നിലധികം കാര്യങ്ങളുണ്ട്
mlm_09125_01808046186	അതുകൊണ്ട് തന്നെ ഈ ഭാഗത്തുള്ള ത്വക്കിൽ പിടിച്ചാൽ പൂച്ച വളരെ അടക്കവും ഒതുക്കവും കാണിക്കും
mlm_09125_00595805025	ഇത് തണ്ണീർത്തടങ്ങളുടെ സ്വാഭാവിക പരിസ്ഥിതിയെ തകിടംമറിക്കുന്നു
mlm_08822_01176404451	അതിനു കിഴക്കും പടിഞ്ഞാറും ഓരോ കവാടങ്ങളുണ്ട്
mlm_08822_00480950664	അതിനാൽ നൈട്രജൻ തന്മാത്രയെ മറ്റു സംയുക്തങ്ങളാക്കി മാറ്റുന്നത് എളുപ്പമല്ല
mlm_07330_01354743272	ആദിത്യവർമ്മ മരിച്ചപ്പോൾ കിരീടാവകാശികളായി പുരുഷന്മാർ ഉണ്ടായിരുന്നില്ല
mlm_03048_01825973348	ആദമിനു വിധേയയായി കഴിഞ്ഞ ഒരു മാതൃകാഭാര്യ യായി അവൾ പ്രത്യക്ഷപ്പെടുന്നു
mlm_02367_01702714692	ഉപവാസം എന്ന വാക്കിനാൽ താഴെപ്പറയുന്ന എന്തിനേയും വിവക്ഷിക്കാം
mlm_00572_00068259088	ആനയുടെ കുടമണികൾ അഴിച്ചുവെച്ച് ചങ്ങല ശബ്ദമുണ്ടാക്കാതിരിക്കുവാൻ മുറുക്കി കെട്ടിയാണ് എഴുന്നള്ളിക്കുന്നത്
mlm_02367_00187764919	അയനാന്തങ്ങൾ കൃത്യമായി കാണിക്കുന്ന ശിലാനിർമ്മിതികളും ലോകത്തിന്റെ പലഭാഗത്തും നിർമ്മിക്കപ്പെട്ടു
mlm_08822_00180731607	ആലപ്പുഴ ജില്ലയിലെ ഒരു പട്ടണം ആണ് ചെങ്ങന്നൂർ
mlm_08777_01239264589	അതുപോലെ തന്നെ പാരിഷ് സംബന്ധമായ പ്രവർത്തനങ്ങളിൽ അതീവ താൽപര്യവുമുണ്ടായിരുന്നു ഈ കുട്ടിക്ക്
mlm_03048_01534590898	അതുകൊണ്ട് സൈന്യത്തിന്റെ പാതി ഫിറോസ്പൂരിൽ തങ്ങിയിരുന്നു
mlm_06515_00847789503	അന്ന് ഖദീജക്ക് നാൽപത് വയസ്സായിരുന്നു പ്രായം
mlm_02745_00970253496	ഭാരതപ്പുഴയുടെ തീരത്ത് സ്ഥിതി ചെയ്യുന്ന പട്ടണമാണ് ഒറ്റപ്പാലം
mlm_02064_00611561084	അതേസമയം മൈക്രോസോഫ്റ്റിന്റെ സ്വന്തമായ പ്രത്യേകതകളെ അത് പിന്തുണക്കുകയും ചെയ്തിരുന്നു
mlm_03048_02127722474	കെ_letter ആർ_letter നാരായണൻ ഇന്ത്യയുടെ പത്താമത്തെ രാഷ്ട്രപതിയായിരുന്നു
mlm_00572_00303114192	കൂടുതൽ ലേഖനങ്ങളിൽ തിരുത്തലുകൾ ഉണ്ട്
mlm_08777_00674304243	എന്റെ അഭിപ്രായം പറഞ്ഞു എന്നു മാത്രം
mlm_08822_01186805893	അതുകൊണ്ടുതന്നെ കോമൺവെൽത്ത് രാജ്യങ്ങളിലാണ് ക്രിക്കറ്റിനു പ്രചാരമുള്ളത്
mlm_03048_00463000272	ആ പണം അമ്മയുടെ കയ്യിലേക്ക് കൊടുത്തു
mlm_00572_02134888318	അദ്ദേഹം ധർമ്മരാജ എന്നാണറിയപ്പെട്ടിരുന്നത്
mlm_07330_00972131193	അവരുമായി ഒരു കൂടിക്കാഴ്ച ഇതിന് ആവശ്യമായിരുന്നു
mlm_02367_00990043486	അവരെയെല്ലാം പിടികൂടി പരസ്യമായി തൂക്കിക്കൊല്ലുകയായിരുന്നു
mlm_09125_00225290741	അവർക്കിടയിൽ പെട്ടെന്ന് സൗഹൃദം രൂപപ്പെട്ടു ജോൺണോട് അവർ ഒരു കുടുംബാംഗത്തോടെന്നപോലെ പെരുമാറി
mlm_02064_01318592005	അവ പരസ്പരം ഭ്രമണം ചെയ്തുകൊണ്ടിരിക്കും
mlm_03048_02016759203	അടിമവ്യവസ്ഥയെ ന്യായീകരിക്കാൻ അദ്ദേഹം ബൈബിളിലെ പഴയനിയമത്തെ ആശ്രയിച്ചു
mlm_03048_02101674775	ബംഗാളി എന്ന വാക്കിനാല്‍ താഴെപ്പറയുന്ന എന്തിനേയും വിവക്ഷിക്കാം
mlm_00572_01944198433	അധികം വൈകാതെ സുസജ്ജമായ സേനയെ ഒരുക്കിക്കൊണ്ട് മാർത്താണ്ടവർമ്മ യുദ്ധത്തിനെത്തി
mlm_00572_02082396579	ആ സംശയം സ്ഥിരീകരിക്കുന്ന ഒരു റിപ്പോർട്ട് അദ്ദേഹത്തിന് കിട്ടി
mlm_05535_00342806305	അസ്റ്ററോയ്ഡുകൾ മിക്കവാറും ഇരപിടിയന്മാരാണ്
mlm_07330_00098123271	അവിടെയായിരുന്നു ജനങ്ങൾ അധികവും താമസിച്ചിരുന്നത്
mlm_02367_00877784431	അമേരിക്കയുടെ സുരക്ഷിതത്വത്തിനു നേരെയുള്ള വെല്ലുവിളി അവർ പുറംലോകത്തെ അറിയിച്ചു
mlm_08822_01777165394	പൊതുവായ വിവരങ്ങൾ ഇവിടെ ഞെക്കിയാൽ കാണാം
mlm_02745_01403009479	അച്ഛൻ ജാനകിനാഥ് ബോസ് ഒരു പ്രശസ്ത വക്കീലായിരുന്നു അമ്മ പ്രഭാവതി
mlm_02745_01698344238	അക്കാലത്ത്‌ മനുഷ്യരെല്ലാവരും ഒരുപോലെയായിരുന്നു
mlm_05535_00597691903	അക്കാലത്ത് തഞ്ചാവൂർ ഭരിച്ചിരുന്നത് മറാഠാ രാജാക്കന്മാരായിരുന്നു
mlm_02367_02123164332	ആർ നായർ എന്ന പേരാണ് ഉപയോഗിച്ചിരുന്നത്
mlm_09171_01653407568	അതിനാൽ അവ കൂടിച്ചേർന്ന് ഒറ്റ താരാപഥമായി മാറുന്നു
mlm_09125_00465125470	ആനയുടെ ഭാരം കാരണം പാദങ്ങൾക്ക് വീതി കൂടുതലായിരിക്കും
mlm_00572_01334845068	അഫ്ഗാനിസ്താനിലെ ബ്രിട്ടീഷ് ഇടപെടൽ ദോഷം മാത്രമേ ചെയ്യൂ എന്നും അദ്ദേഹം കരുതി
mlm_08822_01773001816	തെറ്റാണെന്ന് തോന്നുന്ന ഭാഗങ്ങൾ തിരുത്തി എഴുതൂ
mlm_05535_00263996103	അത് കർശനവും ശിക്ഷകൾ നിറഞ്ഞതും അച്ചടക്കത്തിലൂന്നിയതും ആയിരുന്നു
mlm_03048_00642809821	അതായത് സമവാക്യങ്ങളിലെ ചില പദങ്ങളുടെ വില ഷ്വാർസ്ചൈൽഡ് ആരത്തിൽ അനന്തമായി മാറി
mlm_09171_00870296392	അവയിൽ ചിലതിന്റെ കാര്യത്തിൽ പൗലോസാണു രചയിതാവ് എന്ന അവകാശവാദം ചോദ്യംചെയ്യപ്പെട്ടിട്ടുണ്ട്
mlm_07330_01785898348	അതോടെ സ്രഷ്ടാക്കളുടെ ശ്രദ്ധ പുതിയമേഖലയിലേക്കു തിരിഞ്ഞു
mlm_00572_02089452638	ഈ ക്ഷേത്രത്തിലെ പ്രതിഷ്ഠ കൃഷ്ണൻ ആണ്
mlm_02501_00107169929	ലക്ഷ്യസ്ഥാനത്തേക്ക് നിങ്ങൾ എത്തിച്ചേരും.
mlm_00950_01210154181	അതുവരെയുള്ള കണക്കു വച്ചു നോക്കിയാൽ ഇതൊരു റിക്കോർഡാണ്.
mlm_07330_01907862882	ആഭ്യന്തര ഉത്പാദനത്തിന്റെ വളർച്ചാ സൂചികയിലും വൻകുതിച്ചു ചാട്ടം കാണാനാകുന്നുണ്ട്
mlm_00572_01136706301	ജേക്കബ് പറഞ്ഞ താൾ ഞാൻ വായിച്ചു
mlm_09125_01088240052	ഞാൻ കുറെ ഒക്കെ തിരുത്തി എഴുതിയിട്ടുണ്ട്
mlm_05535_01289685655	ആനകൾ എന്നും സഞ്ചരിക്കുന്ന വഴികളുടെ ഓരത്തായിരിക്കും ഇത്തരം കുഴികൾ കുഴിക്കുക
mlm_05535_02025449926	അന്നാണ് വലിയ പെരുന്നാൾ അഥവാ ഈദുൽ അദ്ഹ ആചരിയ്ക്കുന്നത്
mlm_09125_00009067061	അതിമനുഷ്യനെ നീച്ച അവസാനമനുഷ്യനുമായി താരതമ്യം ചെയ്യുന്നു
mlm_09171_01031176762	കായികസംസ്കാരം ഇല്ലാത്തവരാണ് ഇന്ത്യക്കാരെന്ന് ആയിരുന്നു ബിന്ദ്രയുടെ അഭിപ്രായ പ്രകടനം
mlm_05535_01593349201	അതിൽ പരിസ്ഥിതിസംരക്ഷണത്തിന് പത്ത് ടി എം സി വേണം
mlm_08777_00251291801	അത് കൊണ്ട് തന്നെ ബദർ യുദ്ധത്തിൽ പിതാവും പുത്രനും ജ്യേഷ്ഠനും അനുജനും പരസ്പരം ഏറ്റുമുട്ടി
mlm_03048_01411816021	അവരെപ്പോലെയുള്ളവരെക്കുറിച്ച് മുൻകാലങ്ങളിൽ കേട്ടുകേൾവി പോലും ഉണ്ടായിരുന്നില്ല എന്ന് അദ്ദേഹം എഴുതി
mlm_08777_01924194875	അത് അപ്പോഴും പൂർത്തിയാകാത്ത കവിതയായിരുന്നു
mlm_06515_00785841739	കാർത്തിക നാൾ മുതൽ എട്ടു ദിവസം നടത്തുന്നു
mlm_03048_00680739566	അതില്‍ ഒരു കാരണം ഞാന്‍ പറയാം
mlm_09125_01433312303	എനിക്ക് അങ്ങനെ തോന്നി എന്നല്ല കേട്ടോ
mlm_08822_01291193576	കാരണം അവരുടെ ലിപി തന്നെ ലാറ്റിൻ ആണ്
mlm_08822_00113135156	താങ്കൾ ചേർത്ത പരസ്യം നീക്കം ചെയ്തിട്ടുണ്ട്
mlm_00572_00068275705	അദ്ദേഹം ഒരിക്കലും വിവാഹിതനായില്ല
mlm_02064_00825528081	പിന്നീട് അദ്ദേഹം വിവിധ സ്ഥലങ്ങൾ സന്ദർശിച്ചു
mlm_02501_01128873301	മൂന് കിലോമീറ്ററിൽ
mlm_05535_01288711279	അത് ഒരു തീർത്ഥാടനയാത്രയായാണ് അദ്ദേഹം വിശേഷിപ്പിച്ചത്
mlm_07330_01932729119	അതിൽ അദ്ദേഹം ഇത്തരം ഒന്നിന്റെ രണ്ട് ഗുണങ്ങളാണ് എടുത്തു പറഞ്ഞിരുന്നത്
mlm_07330_00284604836	കൃഷ്ണൻ നായർ നാനാർത്ഥങ്ങൾ എന്ന താൾ കാണുക
mlm_06515_01717331913	കേരള കാർട്ടൂൺ അക്കാദമിയുടെ വൈസ് ചെയർമാൻ
mlm_04296_01183188870	അപൂർവമായി ലഭിക്കുന്ന മഴയിൽ റോഡില്‍ വെള്ളം കെട്ടിനിൽക്കുന്നു
mlm_03048_00726216498	അത് ചരിത്രം എന്ന തലക്കെട്ടില്‍ അല്ലല്ലോ കൊടുത്തിരിക്കുന്നത്
mlm_02064_00322544847	ആദ്യ കാഴ്ചയിൽ തന്നെ ഫെദിലീനു ചെ ഗുവേരയെ ഇഷ്ടമായി
mlm_02367_01274104063	അതുപോലെ ബോൾ ബാറ്റ്സ്മാന് എത്തിപ്പിടിക്കാവുന്ന അകലത്തിലായിരിക്കണം എറിയേണ്ടത്
mlm_09171_00500519406	അവയിൽ പലതും അതാതു രാജ്യങ്ങളുടെ പേരിലാണ് അറിയപ്പെടുന്നത്
mlm_02064_01066749057	ഇത് തമിഴ്‌നാട്ടിലെ മറ്റു സംസ്ഥാനങ്ങൾക്കു പുറമേ കേരളത്തിലേക്കും കയറ്റി അയക്കപ്പെടുന്നുണ്ട്
mlm_07330_00896204356	അതോടൊപ്പം മറ്റൊരു റെക്കോർഡ് കൂടി മെസ്സിയെ തേടിയെത്തും
mlm_02745_01304736535	അറബ് ലോകത്തെ ഏറ്റവും പ്രധാനപ്പെട്ട വിനോദ സഞ്ചാര കേന്ദ്രമാകാനുള്ള തയാറെടുപ്പിലാണ് സൗദി അറേബ്യ
mlm_09171_00721816663	ആധുനിക വൈദ്യശാസ്ത്രം റെയിൽ ഗതാഗതം എന്നിവ അടക്കമുള്ള ശാസ്ത്രനേട്ടങ്ങളെ അദ്ദേഹം തിന്മയായാണ് കണ്ടത്
mlm_03048_01096156488	അതിനിടയിൽ അദ്ദേഹത്തിന്റെ താത്പര്യം തത്ത്വചിന്തയിലേക്കും സാഹിത്യത്തിലേക്കും തിരിഞ്ഞു
mlm_00572_01405516716	അഞ്ച് ശതമാനത്തോളം താരാപഥങ്ങൾ മാത്രമേ പ്രപഞ്ചത്തിൽ ഒറ്റപ്പെട്ടതായി കണ്ടെത്തിയിട്ടുള്ളൂ
mlm_02367_01660339630	അവർണ്ണരുടെ അവസ്ഥ അവരുടെ മുജ്ജന്മപാപത്തിന്റെ ഫലമാണെന്നായിരുന്നു യാഥാസ്ഥിതികരുടെ നിലപാട്
mlm_03048_01127915055	അൽ ഇത്തിഹാദ്‌ അൽ അഹ്‌ലി എന്നിവ ജിദ്ദയിലെ അറിയപ്പെടുന്ന ക്ലബ്ബുകളാണ്
mlm_00950_00598389229	അവയില് ഏകദ്ദേശം രണ്ടായിരത്തോളം എണ്ണം ഇപ്പോഴും നിലനിൽക്കുന്നു.
mlm_02745_00956360657	ഇവിടെ ചില വിവരങ്ങളും ഒരു പുതിയ ചിത്രവും ചേര്‍ത്തിരിക്കുന്നു
mlm_03915_01036589075	ഇവിടത്തെ പ്രധാന ഉത്സവം ഓണം ആണ്
mlm_05535_00194520604	കോട്ടയം ജില്ലയിലെ ഒരു പ്രധാന പട്ടണം ആണ് വൈക്കം
mlm_00269_01036485567	ഉപവാസം എന്ന വാക്കാൽ വിവക്ഷിക്കാവുന്ന ഒന്നിലധികം കാര്യങ്ങളുണ്ട്
mlm_03915_01824769622	അതിനാലാണ് ദക്ഷിണാഫ്രിക്കയെ ഗാന്ധിജിയുടെ രാഷ്ട്രീയ പരീക്ഷണ ശാല എന്നു വിശേഷിപ്പിക്കുന്നത്
mlm_00572_00303708741	ജഗതി എന്ന വാക്കാൽ വിവക്ഷിക്കാവുന്ന ഒന്നിലധികം കാര്യങ്ങളുണ്ട്
mlm_03048_00670305927	കേരളത്തിലെ കണ്ണൂര്‍ ജില്ലയിലെ ഒരു ചെറിയ പട്ടണമാണ് മട്ടന്നൂര്‍
mlm_05535_01403317632	അവരുടെ തന്നെ ഗൃഹാതുരത്വവും പിതാവിന്റെ തീരുമാനവും ഇതിന്റെ കാരണങ്ങളായി പറയപ്പെടുന്നു
mlm_02064_01476021317	അറഫാ സംഗമം ആണു ഹജ്ജിന്റെ മുഖ്യ ആചാരം
mlm_08777_01354881682	തെളിവ് ചേർത്തത് വലിയ പ്രശ്നം കാണുന്നില്ല
mlm_08822_00009002584	ഇന്ത്യയുടെ തെക്കുപടിഞ്ഞാറെ അറ്റത്തുള്ള സംസ്ഥാനമാണ് കേരളം
mlm_09171_00754332336	ഇതിൽ ഒരു വരി പോലും എഴുതാൻ ലേഖനം തുടങ്ങിയ ആൾ ശ്രമിച്ചു കാണുന്നില്ല
mlm_03993_00074827551	കേരളത്തിലെ ഇടുക്കി ജില്ലയിലാണ് ഇത് സ്ഥിതി ചെയ്യുന്നത്
mlm_02064_01505316464	അദ്ദേഹത്തിന്റെ ഉൽക്കർഷേച്ഛുവായ മൂത്തമകൻ എഡ്വേർഡും അഭിഭാഷകനായിരുന്നു
mlm_03915_01575924168	പുതിയ ഒരു തെളിവ് ലഭിക്കും വരെ മാത്രം
mlm_03915_01784705944	അടിയുറച്ച ദൈവവിശ്വാസം അദ്ദേഹത്തിനുണ്ടായിരുന്നു
mlm_00950_01084615210	ഇതിനു പുറമേ അനവധി ചെറുകിട വ്യവസായ സ്ഥാപനങ്ങളും ജില്ലയില്‍ പ്രവര്‍ത്തിക്കുന്നു
mlm_02501_00385595706	അറുനൂറ് അടിയിൽ
mlm_03915_00677358878	അവയുപയോഗിച്ച് ഒരോ നക്ഷത്രത്തിന്റെയും കൃത്യമായ സ്ഥാനം മനസ്സിലാക്കാം
mlm_05535_00486989988	ഒട്ടനവധി കമ്യൂണിസ്റ്റ് തൊഴിലാളി നേതാക്കൾ ഉയർന്നു വന്നിട്ടുണ്ട്
mlm_03048_01252050437	അവ പൊടിപടലങ്ങൾക്കും വാതകങ്ങൾക്കുമിടയിൽ ഗ്യാലക്സികളായി നിലകൊള്ളുന്നു
mlm_08777_00797322378	ആകെ ഇല്ലാതെയുള്ളത് സുഗന്ധമാണ്
mlm_02367_00452378338	ആ സീസണിന്റെ അവസാനം ചാമ്പ്യൻസ് ലീഗ് കിരീടത്തോടെയായിരുന്നു
mlm_08777_02108513845	മലബാർ പ്രദേശങ്ങളിൽ മാപ്പിള എന്നും ഉപയോഗിച്ചു കാണാറുണ്ട്
mlm_00572_02001065666	അതിനാൽ ബെയ്‌ലി സ്വന്തമായി ഒരു അച്ചടിയന്ത്രം ഉണ്ടാക്കാൻ തീരുമാനിക്കുകയായിരുന്നു
mlm_07330_01422959216	അതിനെക്കുറിച്ച് തന്നെയായി അദ്ദേഹം മിക്കവാറും ഒന്നും എഴുതിയിട്ടില്ല
mlm_03048_02038938963	ആളുകൾ സൈക്കിളുകൾ മോട്ടോർ സൈക്കിളുകൾ സ്കൂട്ടറുകൾ കാറുകൾ മുതലായവയും ഉപയോഗിക്കുന്നു
mlm_03048_01588320537	അവയിൽ തിയ്യതി രേഖപ്പെടുത്തി നൽകാൻ ടിക്കറ്റ് കൗണ്ടറുകളിൽ പ്രത്യേകം പഞ്ചിങ് പ്രസ്സുകൾ ഉണ്ടായിരുന്നു
mlm_00950_00529917137	ഇതോടെ രണ്ടാം ദിവസത്തെ പരിപാടികള്‍ അവസാനിക്കുന്നു
mlm_09171_01735673164	അഷ്ടഭുജാകൃതിയിലുള്ള രണ്ടു ഗോപുരങ്ങളും ഇടയ്ക്കൊരു കമാനവുമുള്ളതാണ് ഈ പ്രവേശനദ്വാരം
mlm_08777_01460795193	എന്നിട്ട് അത് ചെയ്ത ഉപയോക്താവിന്റെ സംവാദം താളിൽ ഒരു സന്ദേശം നൽകുക
mlm_03915_00191642531	ജീവകം എന്ന വാക്കാല്‍ വിവക്ഷിക്കാവുന്ന ഒന്നിലധികം കാര്യങ്ങളുണ്ട്
mlm_00572_01374001012	ഭാരതപ്പുഴയുടെ തീരത്തുള്ള ഒരു പുരാതനമായ ക്ഷേത്രമാണ് തിരുനാവായ ക്ഷേത്രം
mlm_00950_01962062304	അതിനു ശേഷം ജിണ്ടാൽ തന്റെ ഓഫീസിനു മുകളിൽ ഇന്ത്യൻ പതാക പ്രദർശിപ്പിക്കുകയും ചെയ്തു.
mlm_03048_01999428730	കോഴിക്കോട് ആണ് അടുത്തുള്ള മറ്റൊരു വിമാനത്താവളം
mlm_00950_00715235915	പിന്നെ ഇത് എങ്ങനെ എല്ലാവര്‍ക്കും കാണാന്‍ സാധിക്കും
mlm_05535_00655578591	അങ്ങനെ ഒരു വഴി ഉള്ളതായി അറിവില്ല
mlm_02367_01022661431	അഞ്ചു വർഷം കൂടുമ്പോൾ മാത്രമാണ് ഒരു വ്യക്തിക്ക് ഹജ്ജിനു അനുമതി നൽകുക
mlm_09171_01147633980	പ്രധാനതാളിലെ ചുവന്നകണ്ണികള് കഴിവതും ഒഴിവാക്കുക
mlm_04296_01110545776	അമേരിക്ക ലോകത്താകമാനം പാവ സർക്കാരുകളെ സൃഷ്ടിച്ചു വരുന്ന ഒരു സമയമായിരുന്നു
mlm_08822_01516164269	അബ്രഹാമികമതങ്ങൾ ആത്മഹത്യയെ പാപമായാണ് കണക്കാക്കുന്നത്
mlm_02064_02047614107	അവർ നീലഗിരി സർദാർ എന്ന സ്ഥാനപ്പേർ ഉപയോഗിച്ചു വന്നു
mlm_02367_01704551118	അവർ അദ്ദേഹത്തെ സ്നേഹത്തോടെ ബെഞ്ചമിനച്ചൻ എന്ന് വിളിച്ചിരുന്നു
mlm_09171_00052213401	ഈ ലേഖനത്തിന്റെ ഇംഗ്ലീഷ് പതിപ്പ് ഇത് ആണോ എന്ന് ദയവായി പറയുക
mlm_07330_01272374268	ഇവയ്ക്ക് അവർ മഠം എന്നാണ് വിളിക്കുന്നത്
mlm_05535_00211147881	ഫ്രഞ്ച് അറബി എന്നിവയാണ് ഔദ്യോഗിക ഭാഷകൾ
mlm_02367_01131581644	അമേരിക്കൻ ഇന്ത്യക്കാർ ന്യൂനപക്ഷമായി ചുരുക്കപ്പെടുകയും ചെയ്തു
mlm_09171_00262468693	ഇപ്പോൾ പേജിന്റെ നീളം വളരെ കൂടുതൽ ആണ്
mlm_05535_01691348112	അതിൽ കൂടുതൽ ഭൂമി കൈവശം വെക്കാൻ പാടില്ല എന്ന നിയമം കർശനമാക്കി
mlm_08777_00658770758	അതോടേ ചിന്നയായി റോമിന്റെ ഏക കോൺസുൾ
mlm_00269_01712021905	ഒരു പൊതുവായ പേരാണ് സാമാന്യ നാമം
mlm_00572_01803350951	അന്ന് ശക്തൻ തമ്പുരാന്റെ ഭരണമായിരുന്നു
mlm_03915_01510723943	ഇവര്‍ ധാരാളം പേരെ മത പരിവര്‍ത്തനം ചെയ്തു
mlm_08822_00089015956	അദ്ദേഹം എപ്പോഴും ഏറെ പുസ്തകങ്ങൾക്കുനടുവിൽ തിരക്കിലായിരുന്നു
mlm_02501_01508189830	തെക്കുകിഴക്കോട്ട് പോവുക
mlm_00572_01010359092	അടുത്ത ദൗത്യം ഹബിളിന്റെ ഉപയോഗ കാലഘട്ടത്തിനു ശേഷം അതിനെ ഭ്രമണപഥത്തിൽ നിന്നും നീക്കുന്നതിനായിരിക്കും
mlm_00572_01604888337	മലയാള ഭാഷയെക്കുറിച്ച് ആദ്യമായി പഠനം നടത്തുന്നത് പാശ്ചാത്യ ഭാഷാ ചരിത്രകാരനായ കാൾഡ്വെൽ ആണ്
mlm_00572_00966444155	അവിടെ കഴിഞ്ഞ സമയത്ത് അദ്ദേഹത്തെ ഒരു റോമൻ കത്തോലിക്കാ പുരോഹിതൻ സന്ദർശിച്ചു
mlm_03915_00477058853	ആദ്യ ഏഴു മാസങ്ങളിൽ നീലത്തിമിംഗിലത്തിന്റെ കുഞ്ഞ് ദിനവും നാന്നൂറ് ലിറ്റര്‍ പാൽ വീതം കുടിക്കുന്നു
mlm_00572_01023882709	ടെലിവിഷൻ സീരിയലുകളിലും തിലകൻ അഭിനയിച്ചിരുന്നു
mlm_07330_00375406630	ഈ ലേഖനത്തിൽ എവിടെ തെളിവ് ഉള്ളത്
mlm_08822_01925252390	ആഫ്രിക്കൻ ആനകളും ഏഷ്യൻ ആനകളും രണ്ട് വ്യത്യസ്ത വംശങ്ങളാണ്
mlm_08777_01905372637	അവസാനം പറഞ്ഞ വിഭാഗത്തിലെ പ്രഥമഗണനീയമായിട്ടുള്ളത് തൊഴിൽജന്യ ആസ്മയാണ്
mlm_08822_00695300618	ആധുനിക സൗദി അറേബ്യ നിലവിൽ വന്നത് മുതൽ സമ്പൂർണ രാജ ഭരണമാണ് രാജ്യത്തെ ഭരണക്രമം
mlm_03915_00118652125	അതോടെ പനിവിട്ട സെനറ്റർ ക്രമേണ സുഖം പ്രാപിച്ചു
mlm_09125_00665806864	യൂറോപ്പിലെ പ്രധാനപ്പെട്ട വിനോദ സഞ്ചാര കേന്ദ്രങ്ങളിൽ ഒന്നാണിത്
mlm_00950_02005078712	വിവാദം ഉണ്ടായത് ഗ്രന്ഥം പ്രസിദ്ധീകരിച്ച ശേഷം അല്ലേ
mlm_07330_00015521570	ആദ്യ രണ്ടു ദിവസം മൂവരും ഒളിവിൽ കഴിഞ്ഞു
mlm_03915_00976842095	അതിനുശേഷം ഉച്ചപൂജനേരം ആനയൂട്ടും വൈകുന്നേരം ദീപാരാധനക്കുമുൻപായി തേങ്ങായെറിയല്‍ വഴിപാടും നടത്താറുണ്ട്
mlm_03048_00825815182	അതിനാൽ ഓരോ അഞ്ച് വർഷവും ഈ മുന്നണികളുടെ സർക്കാരുകൾ മാറി മാറി വരുന്നു
mlm_02501_01127914537	കവലയിൽ രണ്ടാമത്തെ എക്സിറ്റ് എടുക്കുക
mlm_08822_00813879136	മോഹൻദാസിന് ഏഴു വയസ്സുള്ളപ്പോൾ അച്ഛൻ പോർബന്ദർ വിട്ട് രാജ്കോട്ടിൽ ജോലി സ്വീകരിച്ചു
mlm_07330_01729151166	അവിടത്തെ രാഷ്ട്രീയപ്രതിനിധിയായിരുന്ന മേജർ എഫ് മാക്കിസണെ സഹായിക്കുകയായിരുന്നു അദ്ദേഹത്തിന്റെ ചുമതല
mlm_06515_00555984239	അടുപ്പിച്ച് രണ്ടു തവണ അദ്ദേഹം ഇന്ത്യൻ നാഷണൽ കോൺഗ്രസിന്റെ പ്രസിഡന്റായി തെരഞ്ഞെടുക്കപ്പെട്ടിട്ടുണ്ട്
mlm_09125_01933285547	ബൈബിൾ പരിഭാഷ ആണ് കേരളത്തിൽ കത്തോലിക്കാ സഭ ഉപയോഗിക്കുന്നത്
mlm_02367_02057257715	അജിത്തിനെ കൂടാതെ സച്ചിന് നിതിൻ എന്നൊരു സഹോദരനും സവിത എന്നൊരു സഹോദരിയുമുണ്ട്
mlm_03915_01585909423	അക്കൊല്ലം ഏപ്രിലിൽ ഒരു കൂട്ടം വ്യവസായ നയതന്ത്ര പ്രതിനിധികളുമായി കാസ്ട്രോ ഒരു ലോക പര്യടനം നടത്തി
mlm_08777_02110823478	ശിക്ഷ ശ്രുതി എന്ന വാക്കാൽ വിവക്ഷിക്കാവുന്ന ഒന്നിലധികം കാര്യങ്ങളുണ്ട്
mlm_08822_01385553885	അശോകന്റെ ചെറുമകനായ സമ്പ്രതി ജൈനമതം സ്വീകരിച്ച് ജൈനമതത്തിന്റെ പ്രചാരത്തേയും സഹായിച്ചു
mlm_02367_01474966092	അദ്ദേഹത്തിന്റെ സഹോദരൻ മരിച്ചത് ആ ദിവസമായിരുന്നു
mlm_03048_01627055893	അല്ലെങ്കിൽ സർക്കാർ ഏറ്റെടുക്കണം എന്ന നിയമം കൂടി വന്നു
mlm_02367_01595023740	ആദ്യതലമുറ ഉപകരണങ്ങളും സാമ്പത്തികസഹായവും ഇ എസ് എ നൽകാമെന്നേറ്റു
mlm_06515_01151141674	അതിന്റെ മേൽക്കൂര ഈത്തപ്പനയോല മേഞ്ഞതും ചുമരുകൾ ചുട്ട ഇഷ്ടിക കട്ട കൊണ്ട് പടുത്തതുമായിരുന്നു
mlm_05535_01009901582	ആഗ്രാകോട്ടപോലെ തന്നെയാണ് ഇവയുടെയും സംവിധാനരീതികൾ
mlm_07330_01796856221	ആ ലോകകപ്പിലെ ഗോൾ നേടുന്ന ഏറ്റവും പ്രായം കുറഞ്ഞ കളിക്കാരനും മറ്റാരുമായിരുന്നില്ല
mlm_07330_01683767395	അദ്ദേഹത്തിന് മതകാര്യങ്ങളിൽ ഒന്നും അത്ര പിടിപാടുണ്ടായിരുന്നില്ല
mlm_07330_00943577272	അതുകൊണ്ട് തത്ത്വമീമാംസയിലെ വലിയ പ്രശ്നങ്ങളുടെ പരിഹാരം അപ്രാപ്യമായിത്തന്നെയിരിക്കും
mlm_00572_01625040386	അക്കാലത്ത് ക്രിസ്തീയ മതത്തിനോടു കാണിച്ചിരുന്ന സഹിഷ്ണൂതക്ക് ഇത് ഉത്തമോദാഹരണമാണ്
mlm_03915_00152696657	ഈ നഗരം ഇന്ത്യയുടെ സാമ്പത്തിക തലസ്ഥാനം കൂടിയാണ്‌
mlm_09125_01600666131	അപ്പോഴേക്കും ഇന്റർനെറ്റിന് ഒരു പൂർണ്ണത കൈവന്നിരുന്നു
mlm_05535_02097453411	അങ്ങനെ കിട്ടിയ റോയൽറ്റി ആയിരുന്നു ഓർവെലിന്റെ ആദ്യത്തെ കാര്യമായ വരുമാനം
mlm_05535_00914486025	ഇതില് ഒരു പൊതുവായ തീരുമാനം എടുക്കാന്‍ പറ്റില്യ
mlm_05535_00442749033	ലേഖനം നല്ല ഒരു ആശയം ആണ്
mlm_03993_00800740086	അശോകനുശേഷം മഗധയ്ക്ക് ബലക്ഷയം നേരിട്ടു
mlm_07330_01549303093	അറഫാ പള്ളിയെന്നും ഹസ്രത്ത് ഇബ്രാഹീമിന്റെ പള്ളിയെന്നും ഇതിനു പേരുണ്ട്
mlm_05535_01935126417	വീരകേരളന്റെ നാടായതിനാൽ കേരളം എന്ന പേർ വന്നു എന്നും ഒരു വിശ്വാസം ഉണ്ട്
mlm_03048_01970710380	അതുപോലെ വെള്ള മാർബിളിൽ കറുപ്പും ഇരുണ്ടതുമായ കൊത്തുപണികൾ കൊണ്ട് മനോഹരമാക്കിയിരിക്കുന്നത്
mlm_09125_01123129613	അങ്ങനെ വൈദ്യുതധാര വർദ്ധിക്കുന്നു
mlm_09171_00382629932	അതോടെ സന്ദർശകരുടെ എണ്ണത്തിന് പരിധിയില്ലാതെ ആയി
mlm_05535_02093312825	അനുഗ്രഹീതൻ എന്നർത്ഥമുള്ള അദ്ദേഹത്തിന്റെ പേരിന്റെ ആദ്യഭാഗം ലത്തീനിൽ ബെനഡിക്ട് എന്നാണ്
mlm_03993_01916195548	അമ്പലത്തിനെ ചുറ്റിപ്പറ്റിയാണു അന്നമട ഗ്രാമത്തിന്റെ വളർച്ച
mlm_09125_00492330252	ഇനി ഈ പ്രവർത്തനം കുറച്ചു വേഗത്തിൽ ചെയ്യുക
mlm_05535_01075090272	അങ്ങനെയുള്ള ഒരു സമുഹത്തിൽ ഒരോ വ്യക്തിയും സ്വയം ഭരിക്കുകയും അടക്കുകയും വേണം
mlm_03048_00386572367	അദ്ദേഹത്തിന്റെ യോദ്ധാക്കൾ കൂടുതലും മരിച്ചത് ആനകളുമായി ഏറ്റുമുട്ടിയായിരുന്നു
mlm_00950_01316278542	അവരെല്ലാം ഇരുമ്പ്, ഉരുക്ക് വ്യവസായങ്ങളിൽ പണിയെടുക്കാൻ നിർബന്ധിതരായി.
mlm_06515_01675913891	ഈ താഴെ കാണുന്ന രാജ്യങ്ങളുടെ പേരുകൾ തെറ്റാണ്
mlm_05535_00640621761	അലാസ്കയും ഹാവായിയും ഉൾപ്പെടേ ആകെ വിസ്തൃതി തൊണ്ണൂറ്റിയാറ് ലക്ഷത്തിയിരുപത്തിയൊമ്പത്തിയായിരത്തി തൊണ്ണൂറ്റിയൊന്ന്ചതുരശ്ര കിലോമീറ്റർ
mlm_00572_00313809596	അർത്ഥം അയക്കപ്പെട്ടവൻ എന്നാണ്
mlm_04296_01189064349	അഭിനേതാക്കളായി തിരഞ്ഞെടുത്തത്‌ രണ്ടാംനിര നടീനടൻമാരെയായിരുന്നു
mlm_09171_00911927158	അങ്ങനെ അദ്ദേഹം സ്വന്തം രാജ്യത്തിൽ തന്നെ വെറുക്കപ്പെട്ടവനായി
mlm_02745_00986956658	അശോകന്റെ ശിലാശാസനങ്ങളാണ്‌ ഇന്ത്യയിലെ സംരക്ഷിക്കപ്പെട്ടിരിക്കുന്ന ഏറ്റവും പുരാതനമായ ചരിത്രരേഖകൾ
mlm_00572_01790946955	അങ്ങനെ തിരുവിതാംകൂർ സൈന്യം ഡി ലനോയുടെ കീഴിൽ അജയ്യമായിത്തീർന്നു
mlm_03048_00844163364	മറ്റുള്ളവരുടെ സ്വഭാവം നമ്മുക്ക് മാറ്റാന്‍ സാധിക്കില്ല
mlm_00572_02029899676	അതിനു വേറേ അർത്ഥം ഉണ്ടെങ്കിൽ പറയൂ മാഷേ
mlm_00572_00905113024	അവർക്ക് താമസിക്കാനിടം നൽകിയും തിമിരശസ്ത്രക്രിയയുടെ ചെലവ് വഹിച്ചും ജോൺസൺ അവരെ സഹായിക്കാൻ ശ്രമിച്ചു
mlm_05535_00881952647	അശ്വമേധം പോലുള്ള യാഗങ്ങളിലും രാജസൂയം പോലുള്ള യജ്ഞങ്ങളിലും നൃത്തം ഒരു പ്രധാന ചടങ്ങായിരുന്നു
mlm_09125_00723263297	എന്തോ എന്റെ കമ്പ്യൂട്ടറിൽ രണ്ടും ഒരേ പോലെ ആണ് കാണുന്നത്
mlm_04296_00895836901	ആസ്മ ഏതെങ്കിലും പ്രത്യേക ജനവിഭാഗങ്ങളെ കൂടുതലായി ബാധിക്കുന്നുവെന്ന് സാമാന്യവൽക്കരിക്കാനാവില്ല
mlm_07330_01881753854	ആശാരിയും മറ്റുള്ളവരും ചേർന്ന് മണ്ണിട്ട് കുഴിയിൽ കൊടിമരം ഉറപ്പിക്കുന്നു
mlm_03993_02031108203	അതിനാലാണ് ദക്ഷിണാഫ്രിക്കയെ ഗാന്ധിജിയുടെ രാഷ്ട്രീയ പരീക്ഷണ ശാല എന്നു വിശേഷിപ്പിക്കുന്നത്
mlm_09125_01321142007	കൂടുതലായും സംസ്കൃതം ആയിരുന്നു ഇങ്ങനെ ഉപയോഗിച്ചിരുന്നത്
mlm_04296_01302440008	അത്രയും ആത്മബന്ധം തന്റെ കുതിരക്കാരനുമായി ഉണ്ടായിരുന്നു
mlm_03993_02018654447	ആയിരക്കണക്കിന് ആരാധകർ പണം നൽകി
mlm_09125_01856679537	അവ നിറങ്ങൾ കൊടുത്ത് ഭംഗിയാക്കിയിരിക്കുന്നു
mlm_03915_01280811288	അതിനാൽ അവർക്ക് അവർ പഠിക്കേണ്ട കാര്യങ്ങൾ പഠിക്കാൻ മുതിർന്നവരെ ആശ്രയിച്ചേ മതിയാകൂ
mlm_00950_00076570250	അതോടൊപ്പം മറ്റ് താരാപഥങ്ങൾ ഉണ്ടെന്നും മനസ്സിലായി.
mlm_08822_00570721296	ഈ ലേഖനം കോഴിക്കോട് എന്ന താളുമായി ലയിപ്പിക്കുന്നതിന് ശുപാർശ ചെയ്തിരിക്കുന്നു
mlm_02501_00786356152	കവലയിൽ അഞ്ചാമത്തെ എക്സിറ്റ് എടുക്കുക
mlm_07330_01430852365	അപ്പോൾ കൾ ചേർക്കാൻ ന്യായം കാണുന്നില്ല
mlm_09125_00499192170	അധിനിവേശപ്രദേശങ്ങൾ അധിനിവേശരാജ്യത്തിന്റെ നിയമവ്യവസ്ഥയുടെ ഭാഗമായാണ് പട്ടികയിൽ കണക്കാക്കിയിട്ടുള്ളത്
mlm_02064_01650309955	അവയെക്കുറിച്ചറിയാൻ മംഗളം നാനാർത്ഥങ്ങൾ എന്ന താൾ കാണുക
mlm_03048_01107696127	അതുകൊണ്ടുതന്നെയാണ് ഈ വിജയത്തിൽ ചെഗുവേരയ്ക്ക് ചരിത്രകാരന്മാർ ഒരു പങ്ക് നല്കുന്നത്
mlm_00572_00507508867	ആനയെ മെരുക്കിയെടുക്കൽ മാസങ്ങൾ നീണ്ട പ്രവൃത്തിയാണ്
mlm_03048_00367763757	ആ സീസണിൽ ബാർസലോണ മൂന്ന് കിരീടങ്ങൾ നേടിയപ്പോൾ ടീമിന്റെ പ്രധാന ആയുധം മെസ്സി ആയിരുന്നു
mlm_00572_00329719180	അവർക്ക് മൂന്നോ നാലോ മക്കൾ ഉണ്ടായിരുന്നു
mlm_00572_00843293062	വള്ളത്തോൾ നഗർ എന്നാണ് ഈ റെയിൽവേ സ്റ്റേഷൻ നാമകരണം ചെയ്തിരിക്കുന്നത്
mlm_00950_01328908821	അതുകൊണ്ട് വിവാഹം വരെയുള്ള കാലത്തേയ്ക്കായി അദ്ദേഹം മറ്റൊരു വെപ്പാട്ടിയെ കണ്ടെത്തി.
mlm_03915_00879514950	അതിനാൽ തന്നെ രോഗി മുൻപെടുത്തിട്ടുള്ള നെഞ്ചിന്റെ എക്സ്റേകൾ രോഗനിർണയത്തിൽ പ്രധാനമാണ്‌
mlm_04296_01123151858	അതിനദ്ദേഹം ദൈർഘ്യം കുറഞ്ഞ ജീവിതകാലമാണ്‌ ഞാൻ ഇഷ്ടപ്പെടുന്നത് എന്ന മറുപടിയാണ് നൽകിയത്
mlm_07330_00852575826	അനവധി ദേശീയ അന്തർദേശീയ കായികമേളകൾക്ക് ഡെൽഹി ആതിഥേയത്വം വഹിച്ചിട്ടുണ്ട്
mlm_06515_01901792373	അക്കാലം വരെ ന്യൂട്രോൺ നക്ഷത്രങ്ങളും സിദ്ധാന്തങ്ങളിൽ മാത്രം നിലവിലുണ്ടായിരുന്നവയായിരുന്നു
mlm_08822_01949174828	അമേരിക്കയിൽ നീച്ചയുടെ രചനകൾ വാൾട്ടർ കൗഫ്മാന്റെ പരിഭാഷയിൽ പരക്കെ ലഭ്യമായി
mlm_07330_01828727628	വിഷ്ണു എന്ന വാക്കാൽ വിവക്ഷിക്കാവുന്ന ഒന്നിലധികം കാര്യങ്ങളുണ്ട്
mlm_03048_00674421750	കാരണം മലയാളം പേരുകള്‍ ആര്‍ക്കും അറിയില്ല
mlm_09125_00126461498	അത് പലപ്പോഴും എന്തെങ്കിലും പരീക്ഷണം ആവാം
mlm_00572_00808307145	അത്ര ശക്തിയിലാണ് സച്ചിൻ പന്തടിച്ച് തെറിപ്പിക്കുന്നത്
mlm_00572_00178838930	കേരള സാഹിത്യ അക്കാദമി കേന്ദ്ര സാഹിത്യ അക്കാദമി പുരസ്കാരങ്ങൾ അദ്ദേഹത്തിനു ലഭിച്ചിട്ടുണ്ട്
mlm_03915_00690312908	അശോകനുശേഷം മഗധയ്ക്ക് ബലക്ഷയം നേരിട്ടു
mlm_03915_00691848178	അത് പോലെ യെമനി മന്തിയും ഒരു പ്രധാന ഭക്ഷണമാണ്
mlm_00950_00253704754	അടിമത്തത്തെച്ചൊല്ലിയാണ് അമേരിക്കയിൽ ആദ്യത്തെ ആഭ്യന്തര യുദ്ധം പൊട്ടിപ്പുറപ്പെടുന്നത്.
mlm_05535_01301586536	അത് കിട്ടിയാൽ ഞാൻ തന്നെ തുടങ്ങാം
mlm_07330_00686482874	ഏറ്റവും അടുത്ത പട്ടണം കോഴിക്കോട് പട്ടണമാണ്
mlm_02367_01810698709	ആ താളിൽ ഈ വിവരങ്ങൾ ചേർത്ത് ഒരു ആമുഖം ഉണ്ടാക്കുകയും ചെയ്യാം
mlm_03048_00228894037	അങ്ങനെയുള്ള ഒരു സേനയാവണം ഈ ആക്രമണത്തിനു വേണ്ടതെന്ന് കാസ്ട്രോയക്കു നിർബന്ധമുണ്ടായിരുന്നു
mlm_03993_01754484596	അത് പ്രബുദ്ധമായ ഒരു അരാജകാവസ്ഥയാണ്
mlm_03048_00358341760	അഞ്ച്‌ ആൺകുട്ടികളും നാല്‌ പെൺകുട്ടികളും അടങ്ങുന്ന ഒരു കുടുംബത്തിൽ ആയിരുന്നു സാലിം അലി ജനിച്ചത്‌
mlm_02064_00688897926	ആഫ്രിക്കൻ ആനകളുടെ ചെവിയും വലുതായിരിക്കും
mlm_02501_02049753491	നേരേ തുടരുക
mlm_00269_01144501806	ദശാബ്ദങ്ങൾ കടന്നുപോയിട്ടും മലയാള ചലച്ചിത്ര രംഗത്ത് ഒരു പാഠപുസ്തകമായി സത്യൻ ഇന്നും ജീവിക്കുന്നു
mlm_08822_02130891560	കോട്ടയം എന്ന വാക്കിനാൽ താഴെപ്പറയുന്ന എന്തിനേയും വിവക്ഷിക്കാം
mlm_02745_00819484438	അതോടെ സൗദ് രാജകുടുംബം സാവധാനം ലോക നേതാക്കൾക്കൊപ്പം സ്ഥാനം പിടിച്ചു
mlm_04296_01282866593	ആദത്തിന്റെ മുന്നറിയിപ്പിനെ അവഗണിച്ച് തോട്ടത്തിൽ ഒറ്റയ്ക്ക് വേലചെയ്യാൻ അവൾ താത്പര്യം കാട്ടി
mlm_04296_00653704527	അമ്മ വ്യവസായപ്രമുഖനായ ജോഷിയാ വെഡ്ജ്‌വുഡിന്റെ മകളായിരുന്നു
mlm_09171_01208514720	അന്ന് അദ്ദേഹത്തിന് അറുപത്തിയഞ്ച് വയസ്സുണ്ടായിരുന്നു
mlm_08822_02113283326	അങ്ങനെ രണ്ടാം ലോകമഹായുദ്ധം അവസാനിച്ചു
mlm_00950_01531215476	അല്ലെങ്കിൽ അതിനുള്ള ഒരുക്കുങ്ങൾ നടത്തുന്നുണ്ടായിരുന്നു.
mlm_07330_01001984853	കോട്ടയം ജില്ലയിലെ കിഴക്കൻ മലയോര മേഖലയിലെ ഒരു പ്രധാന പട്ടണമാണ് പാലാ
mlm_03048_00950502182	മഹാനായ അശോകന്‍ ഈ രാജവംശത്തിന്റെ ഭാഗമായി
mlm_00572_00426338419	എന്നിട്ടും എന്ത് കൊണ്ട് ഇങ്ങനെ സംഭവിച്ചു എന്ന് പറയുക
mlm_06515_01189366111	ആ സുഖവാസകേന്ദ്രങ്ങൾ ഇന്നും സംരക്ഷിക്കപ്പെട്ടു വരുന്നു
mlm_03915_01928075250	അപകടം മുൻകൂട്ടി കണ്ട ബ്രിട്ടൻ പിന്മാറാൻ തീരുമാനിച്ചു
mlm_02501_01840169342	വടക്കുകിഴക്കോട്ട് പോവുക
mlm_09171_01333446775	വിക്ടർ എന്ന ഉച്ചാരണം ഫ്രഞ്ച് അല്ല
mlm_03915_00328689429	വസ്തുതകള്‍ പറയുക മാത്രം ചെയ്താല്‍ മതി
mlm_03915_01350822114	അതോടെ അമ്പലത്തിനു ചുറ്റുമുള്ള എല്ലാ ആലിന്മേലും ഗോപുരത്തിലും കൊടിക്കൂറകൾ കെട്ടുന്നു
mlm_02745_00261650042	അമേരിക്ക ഒരിക്കലും യഥാർത്ഥത്തിലുള്ള പരിഷ്കരണം താല്പര്യപ്പെട്ടിരുന്നില്ല
mlm_03993_00999672702	ആശീർവാദ് സിനിമാസിന്റെ നിർമ്മാണത്തിൽ ആദ്യമായി പുറത്തിറങ്ങിയ ചിത്രമാണ് നരസിംഹം
mlm_07330_00790772767	എന്തായാലും ഇപ്പോൾ ഒരുപാട് സംശയം ആണ് ഈ കാര്യങ്ങളിൽ
mlm_09125_01429580558	അതുകൊണ്ട് തലക്കെട്ട് മാറ്റണം എന്നാണെന്റെ അഭിപ്രായം
mlm_00950_01959692761	ഇല്ലെങ്കില്‍ കുറച്ച് സഹായ ലിങ്കുകള്‍ തരാം
mlm_00572_00018909168	അത് കൂടാതെ പത്തൊമ്പതാം നൂറ്റാണ്ടിൽ ഭീമമായ കവാടങ്ങളോട് കൂടിയ നാല് വൻ കോട്ടകൾ കൂടി നിർമിച്ചു
mlm_03048_00750897944	അദ്ദേഹം അറിയപ്പെടുന്ന ഒരു കവി ആയിരുന്നു
mlm_03048_01011171797	ഇന്ത്യയിലെ എഴുപത്തിയഞ്ച് ശതമാനം ജനങ്ങളുടേയും പ്രധാന ഭക്ഷണമാണ്‌ അരി
mlm_08822_01353318153	അതുകൊണ്ട് ജോണിന് ഫെബ്രുവരി വരെ കാത്തിരിക്കേണ്ടിവന്നു
mlm_03993_00486368728	അതിന്റെ വികസിതദശയിൽ ഏതാണ്ട് മുപ്പതോളം ക്ഷേത്രങ്ങൾ പണിതീർത്തിട്ടുണ്ട്
mlm_00950_01216529003	കേരളത്തിലെ സ്ഥലങ്ങള്‍ എന്ന പേരില്‍ പുതിയ ഫലകം ഉണ്ടാക്കി.
mlm_00950_00514721169	അഭിനയഹസ്തം, നൃത്തഹസ്തം എന്നിങ്ങനെ മുദ്രകൾ രണ്ട് തരത്തിലുണ്ട്.
mlm_09125_00873170757	അതു പോലെ പ്രകാശത്തിന്റെ ഉത്സവം എന്നറിയപ്പെടുന്ന ദീപാവലിയും ഇവിടെ ആഘോഷിക്കുന്നു
mlm_09125_01104839574	അനാഥരായ ആ കുട്ടികളെ മക്കളില്ലായിരുന്ന അമ്മാവനായിരുന്നു പിന്നീട് വളർത്തിയത്
mlm_02367_01526506572	അവളുടെ ചുറ്റുമുള്ള വിദ്യാർത്ഥികൾ പരീക്ഷയെ പറ്റി സംസാരിക്കുകയായിരുന്നു
mlm_09125_00399526158	എന്താണ് ഈ ലേഖനത്തിന്റെ വിഷയം എന്നു മനസ്സിലായില്ല
mlm_03993_00057253715	അപകടം മുൻകൂട്ടി കണ്ട ബ്രിട്ടൻ പിന്മാറാൻ തീരുമാനിച്ചു
mlm_00572_01472411300	ആദ്യ പന്തുമുതൽ അവസാന പന്തുവരെ ഒരേ ലാഘവത്തോടെ കളിക്കാൻ സച്ചിനു കഴിയും
mlm_07330_00958306161	എന്താണ് ഈ പരിപാടി എന്നു മനസ്സിലായില്ല
mlm_03915_01675342425	അകത്തെ അറ എട്ട് വശങ്ങളുള്ള ഒരു അറയാണ്
mlm_02064_00015708753	അതേ പ്രവീൺ എനിക്കും അങ്ങനെ തോന്നുന്നു
mlm_03993_00555627427	അവർ ഒരു പ്രത്യേക മതവിഭാഗത്തിൽപ്പെടുകയോ ഒരു പ്രവാചകനെ വിശ്വസിക്കുകയോ ചെയ്തിരുന്നില്ല
mlm_09125_01348736670	അതിന് മുൻപ് ഇവിടങ്ങളിൽ ഉണ്ടായിരുന്നത് അനേകം നാട്ടുരാജ്യങ്ങളായിരുന്നു
mlm_08822_01815169176	ഇത് തമിഴ് നാട്ടിലെ സേലത്തുനിന്നും ആരംഭിച്ച് കേരളത്തിലൂടെ തമിഴ് നാട്ടിലെ കന്യാകുമാരി വരെ പോകുന്നു
mlm_07330_01894202402	മുന്ന് എഴുതിയത് ഒന്നു കൂടെ വായിച്ചു നോക്കുക
mlm_05535_00553359503	പകർപ്പവകാശം എന്ന ലേഖനത്തിൽ താങ്കൾ വരുത്തിയ മാറ്റങ്ങൾ കണ്ടു
mlm_08777_00326140681	അവിടെ ഒരു കാര്യാലയവും സ്ഥാപിച്ചു
mlm_08822_00095601161	അലി ബിൻ ഹുസൈൻ രാജാവിന്റെ സൈന്യം ജിദ്ദയിൽ വന്നു നജദി സേനക്കെതിരെ ഏറ്റു മുട്ടി വിജയം കൈവരിച്ചു
mlm_03915_00273519383	അണുബാധ മാത്രമല്ല മറ്റ് പല ഘടകങ്ങളും ശ്വാസകോശത്തിൽ വരുന്ന ഇത്തരം മാറ്റങ്ങൾക്ക് കാരണമാകാറുണ്ട്
mlm_02064_01520783193	അതില്‍ പറയുന്ന പ്രകാരമുള്ള പ്രസ്താവനയാണ്.
mlm_00572_00378196705	ആ വർഷത്തെ കണക്കു പ്രകാരം ഉന്നതവിദ്യാഭ്യാസത്തിനായി നൂറ്റിയഞ്ച് കോളേജുകളാണ് ലഭ്യമായിട്ടുള്ളത്
mlm_03048_00900798481	അതിവേഗ ഗതാഗത സം‌വിധാനമായ ബാംഗ്ലൂർ മെട്രോയുടെ നിർമ്മാണം പുരോഗമിച്ചു കൊണ്ടിരിക്കുകയാണ്‌
mlm_08777_00291045306	ഒന്ന് പഴയ ഏതെങ്കിലും ഉപഭോക്താവിന്റെ താളിൽ നോക്കൂ
mlm_02745_00488902807	ആനിമൽ ഫാം വിപ്ലവാനന്തര റഷ്യയിലെ സംഭവവികാസങ്ങൾ പ്രതിഫലിപ്പിക്കുന്നതായി കരുതപ്പെടുന്നു
mlm_02367_01337854498	എന്തായാലും ഈ ഫോട്ടോ അവിടെ ഉപയോഗിക്കാൻ പറ്റില്ല
mlm_09171_00298941268	അദ്ദേഹത്തിന് സ്വന്തം ആനകളെകൊണ്ട് നാശനഷ്ടമുണ്ടാവുകയും ചെയ്തു
mlm_09171_00589753888	ആദ്യ ടെസ്റ്റിൽ ഓസ്ട്രേലിയ പത്ത് വിക്കറ്റിന് പരാജയപ്പെട്ടു
mlm_02367_01105488547	തിരുവനന്തപുരം ഒരു പ്രമുഖ വിദ്യാഭ്യാസ കേന്ദ്രമാണ്
mlm_03048_00833393244	ഭരതന്‍ എന്ന വാക്കാല്‍ വിവക്ഷിക്കാവുന്ന ഒന്നിലധികം കാര്യങ്ങളുണ്ട്
mlm_06515_01008543620	അവർക്കു ധരിക്കാൻ മാന്യമായ വസ്ത്രങ്ങൾ ലഭിച്ചു
mlm_09125_01348822681	ആവശ്യത്തിനനുസരിച്ച് വെള്ളവും വൈദ്യുതിയും എ എൻ സി വാഗ്ദാനം ചെയ്തിരുന്നു
mlm_03915_00969482975	അലഞ്ഞ് തിരിയുന്ന പൂച്ചകൾക്ക് പോലും ഭക്ഷണം കൊടുക്കാൻ അയാള്‍ തയ്യാറായിരുന്നു
mlm_09171_01540698537	അഭിനന്ദനങ്ങൾ ഈ നക്ഷത്ര ബഹുമതി നൽകിയത് ജിഗേഷ്
mlm_02367_01681891879	അദ്ദേഹത്തിന്റെ രാഷ്ട്രീയാഗ്രഹങ്ങൾ വീണ്ടും പുനരുജ്ജീവിക്കപ്പെട്ടു
mlm_06515_00591927166	അവിടെ നിന്ന് തിരുവിതാംകൂർ സേന വടക്കോട്ട് ലക്ഷ്യമിട്ടു
mlm_02367_01023660012	അവിടേയും കുഷ്ടരോഗി പരിചരണമായിരുന്നു പ്രവർത്തനം
mlm_00572_02022424563	അറബികവി ആയിരുന്ന അബ്ദുൽ ഹാലിം റദ്വയുടെ മൂവായിരത്തിയഞ്ഞൂറിൽ കൂടുതൽ ചിത്രങ്ങളാണ് ഇവിടെയുള്ളത്
mlm_03915_01379723801	ആനയുടെ ഉത്പത്തിവിവരങ്ങളും ഗജചികിത്സാക്രമങ്ങളും മറ്റും അടങ്ങിയ ഒരു സംസ്കൃത ഗ്രന്ഥമാണ് മാതംഗലീല
mlm_03048_01630218409	അതുപോലെ ആ സീരീസിൽ ആയിരത്തിലധികം റൺസും
mlm_02367_00233303639	കേരളത്തിലെ മലപ്പുറം ജില്ലയിലെ ഒരു പട്ടണമാണ് പൊന്നാനി
mlm_00950_00863065622	അവ പ്രസിദ്ധീകരിക്കാതിരിക്കുന്നതായിരിക്കും ഭേദം എന്നാണ് അദ്ദേഹം ഉപദേശിച്ചത്.
mlm_08822_01333576548	മാഷെ ഇവർ മാത്രമല്ല വേറെയും ആളുകൾ വന്നിട്ടുണ്ട്
mlm_02367_00531917852	അവർക്കിടയിലുള്ള ബന്ധത്തിന്റെ സ്വഭാവം ബൈബിളിലെ ചിത്രീകരണത്തിൽ തെളിയുന്നതിനേക്കാൾ സങ്കീർണ്ണമാണ്
mlm_09125_01146197752	സിമി അവിടെ കുറച്ചു എഴുതുകയും ചെയ്തിരുന്നു
mlm_08777_00864117137	അഭിനയ ക്രിയകളിലൂടെയാണ് കഥാപാത്രത്തിന്റെ സ്വഭാവം പ്രേക്ഷകരെ മനസ്സിലാക്കിതരുന്നത്
mlm_07330_00512291653	പുതുമുഖം പേജിൽ സഹായം വേണമെന്നു കണ്ടു
mlm_00950_01941906361	അക്കാലത്ത് മഥുര ഒരു വലിയ കലാകേന്ദ്രമായിരുന്നു.
mlm_02501_00990445321	വലത് നേരിയ
mlm_05535_01608105936	ഇവിടെയും താങ്കളുടെ നല്ല സംഭാവനകൾ ഏറെ പ്രതീക്ഷിക്കുന്നു
mlm_09171_01538531001	മൈസൂർ കർണാടക സംസ്ഥാനത്തെ ഒരു പട്ടണം
mlm_02064_01217825423	അതോടുകൂടി അദ്ദേഹത്തിൻറെ ആരോഗ്യത്തെ കുറിച്ചുള്ള ഊഹാപോഹങ്ങൾ പരന്നു
mlm_05535_02020775189	ഇന്ന് തിങ്കളാഴ്ചയാണ്
mlm_07330_00485631772	കോഴിക്കോട് നഗരം എന്ന താൾ ഈ ലേഖനവുമായി ലയിപ്പിക്കുന്നതിന് ശുപാർശ ചെയ്തിരിക്കുന്നു
mlm_08822_00280615750	അന്നു മുതൽ ഇന്നു വരെയും ഇതൊരു കമ്മ്യൂണിസ്റ്റ് ശക്തി കേന്ദ്രമാണ്
mlm_05535_00380561869	വിശുദ്ധ ജലം എന്നാണ് ഈ വാക്കിന്റെ അർത്ഥം
mlm_09171_00665140542	അല്ലാത്തപക്ഷം അത് ഒരു വൈഡാകുന്നു
mlm_08822_00018550066	ഞങ്ങൾ അവിടെ മൂന്ന് മാസം താമസിച്ചു
mlm_08822_00476452911	അറുന്നൂറോളം നെല്ലിനങ്ങൾ കേരളത്തിൽ കൃഷിചെയ്യുന്നുണ്ട്
mlm_09171_01257297628	താമസിയാതെ സർവ്വകലാശാലയിൽ നിന്നും അദ്ദേഹത്തെ പുറത്താക്കി
mlm_09125_01463856826	അയൽ രാജ്യങ്ങളുമായി ചേര രാജാക്കന്മാർ തുടർച്ചയായി യുദ്ധം ചെയ്തിരുന്നു
mlm_08777_01038279342	അവർക്ക് നിരവധി ലക്ഷ്യങ്ങൾ ഭേദിക്കേണ്ടതുണ്ടായിരുന്നു
mlm_07330_00671504524	ദേവസ്വം ഭരണം സർക്കാർ നേരിട്ടു നടത്താൻ തുടങ്ങി
mlm_07330_00571428249	ഹിന്ദുസ്ഥാൻ എന്ന പേര് രൂപം കൊണ്ടത് ഈ നദിയിൽ നിന്നാണ്
mlm_07330_01736595366	ഇംഗ്ലീഷ് സാഹിത്യത്തിൽ മാസ്റ്റർ ബിരുദവും നേടി
mlm_02367_01776609899	ഈ ലേഖനത്തിൽ കുറെ ഭാഗങ്ങളിൽ കരുതപ്പെടുന്നു എന്ന് കാണുന്നു
mlm_02501_01122135815	അഞ്ഞൂര്‍ അടിയിൽ
mlm_03915_01696775763	ഈ ലേഖനം ബൈബിള്‍ എന്ന ലേഖനവുമായി ലയിപ്പിക്കാന്‍ ശുപാര്‍ശ ചെയ്തിരിക്കുന്നു
mlm_09125_00574678202	ബംഗാളി എന്ന വാക്കാൽ വിവക്ഷിക്കാവുന്ന ഒന്നിലധികം കാര്യങ്ങളുണ്ട്
mlm_05535_00731408921	കേരളത്തിലെ കായലുകളിലും മറ്റും സാധാരണ കണ്ടുവരാറുള്ള ഒരു തരം വള്ളമാണ് കെട്ടുവള്ളം
mlm_00572_01066165445	പ്രസാധകർ പ്രസിദ്ധീകരിച്ച വർഷം എന്നിവ കൊടുക്കണം
mlm_09125_01488351908	അടിമകളും സമരത്തിൽ പങ്കു ചേർന്നു
mlm_00572_01086807299	ആ സമയത്തു തന്നെയായിരുന്നു രജനീകാന്ത് അഭിനയിച്ച ചന്ദ്രമുഖി എന്ന സിനിമയും പുറത്തിറങ്ങുന്നത്
mlm_00572_00457047834	അത്താഴപൂജക്ക് ശേഷം അശ്വതീപൂജ എന്ന പേരിൽ രഹസ്യമായ മറ്റൊരു ചടങ്ങൂകൂടി നടത്തപ്പെടുന്നു
mlm_08777_00031514151	ആംസ്റ്റർഡാമിലാണ് ബറൂക്ക് സ്പിനോസ ജനിച്ചത്
mlm_05535_00927962414	ആദ്യമായായിരുന്നു മെസ്സി ഈ പുരസ്കാരം കരസ്ഥമാക്കിയത്
mlm_00572_00647576748	കൂടുതലും അറബി നാമങ്ങൾ ആയിരുന്നു ഉപയോഗിച്ചിരുന്നത്
mlm_09125_01657903603	അത് പര്യാപ്തമാണ്
mlm_09171_00297557441	അതായത് ആനകളുടെ ജനസംഖ്യ കൂടിയിരിക്കുന്നു
mlm_09125_01338281953	അമേരിക്കയുമായുള്ള വൻതോതിലുള്ള വ്യാപാരമാണ് അടിസ്ഥാന നാണയമായി ഡോളറിനെ നിലനിർത്തുന്നത്
mlm_03048_01410241880	അതായത് കഥാപാത്രത്തിനു അനുസരിച്ചുള്ള വേഷം അണിയുന്നില്ല
mlm_02064_00024112669	അതിനൊപ്പം വ്യതിരിക്തമായൊരു ചരിത്രവീക്ഷണവും ദൈവസങ്കല്പവും അദ്ദേഹം അവതരിപ്പിക്കുന്നു
mlm_09171_01853640794	ഇടുക്കി ജില്ലയുടെ ഭാഗമായ ഒരു ചെറിയ പട്ടണമാണ് മൂന്നാർ
mlm_05535_00450786418	എന്റെ കയ്യിൽ ഇല്ല എന്നാണ് തോന്നുന്നത്
mlm_00269_01592501514	അപ്പോൾ ഇങ്ങനെയുള്ള വിവരം എനിക്ക് വേണ്ട
mlm_08777_01989168854	പത്തു വർഷത്തോളം ആ പദവി വഹിച്ചു
mlm_03048_02061750757	ആരാധകനായ യുവവൈദ്യൻ ജോർജ്ജ് ഹെർമൻ ഷുള്ളർ അപ്പോൾ അദ്ദേഹത്തോടൊപ്പമുണ്ടായിരുന്നു
mlm_06515_01478954989	ചെയ്തു കഴിഞ്ഞു തലക്കെട്ട് മാറ്റി സാലിം അലി എന്നാക്കി
mlm_08777_00062340975	അത് അമർത്തിയാൽ എഴുത്തുപകരണം സജ്ജമാക്കുവാനുള്ള കണ്ണി ലഭിക്കും
mlm_02745_00299083964	കോട്ടയം ജില്ലയിലെ ഒരു ഗ്രാമമാണ്‌ നെടുംകുന്നം
mlm_08777_01039110023	കൂടുതൽ വിവരങ്ങൾക്ക് ഈ ചർച്ച കാണുക
mlm_00950_02025229880	ജോര്‍ജ് ബുഷ് എന്ന വാക്കാല്‍ വിവക്ഷിക്കാവുന്ന ഒന്നിലധികം കാര്യങ്ങളുണ്ട്
mlm_05535_00706324595	അതിനു ശേഷമുള്ള കുറെ കാലം ദ്വീപിന്റെ ചരിത്രം അജ്ഞാതമാണ്
mlm_08822_02081411827	അവിടെനിന്ന് സ്റ്റീമറിൽ കറാച്ചിയിലേക്ക് തിരിച്ചു
mlm_02745_01078845603	ക്രിക്കറ്റ് ലോകകപ്പ് എന്ന വിഷയത്തെക്കുറിച്ച് അറിയണമെങ്കില്‍ ക്രിക്കറ്റ് ലോകകപ്പ് എന്ന താള്‍ കാണുക
mlm_05535_00051585645	ഇന്ത്യയുടെ വ്യാവസായിക തലസ്ഥാനം എന്ന പേരിലും അറിയപ്പെടുന്നു
mlm_06515_01971142097	അയൽക്കാർക്കും വേലക്കാർക്കുമെല്ലാം അതിൽ അവകാശമുണ്ട്
mlm_03048_01443223544	മഹാഭാരതം ലേഖനം വളരെ നിലവാരം പുലര്‍ത്തുന്ന ഒന്നായിരുന്നു
mlm_03048_01255796973	അന്ന് നിരവധി ഉപദ്രവങ്ങൾ ജനങ്ങൾക്കുണ്ടായിട്ടുണ്ട്
mlm_00572_01615923624	കാരണം എന്റെ കയ്യിൽ ഈ ഒരു പുസ്തകം മാത്രമേ ഉള്ളൂ
mlm_02367_01643853431	ആഫ്രിക്കൻ നാഷണൽ കോൺഗ്രസ്സിന്റെ യുവജനസംഘടനയായ യൂത്ത് ലീഗിന്റെ സ്ഥാപകരിൽ പ്രമുഖനായിരുന്നു മണ്ടേല
mlm_00950_01446686679	ആഗോള സുറിയാനി സഭയുടെ ഭാഗമാണ് ഈ സഭ
mlm_03915_00997739121	റോമന്‍ കത്തോലിക്കാ മതം ആണ് പ്രധാന മതം
mlm_09125_01478293842	കേരള ത്തിലെ പത്തനംതിട്ട ജില്ലയിലുള്ള ഒരു പട്ടണമാണ് അടൂർ
mlm_07330_00963106193	ശിവന്റെ മകൻ ആണ് അയ്യപ്പൻ എന്നാണ് വിശ്വാസം
mlm_09125_01598550488	അമേരിക്കൻനിയന്ത്രിത ഭരണത്തിനെതിരെയുള്ള ഈ മുന്നേറ്റങ്ങൾ പക്ഷേ വിജയം കണ്ടില്ല
mlm_02064_00236256985	ആസ്മാ രോഗനിർണയത്തിന്റെ ഒരു പ്രധാന പടിയായും പ്രേരിത നിശ്വാസ വ്യാപ്തത്തെ ഉപയോഗിക്കാം
mlm_02064_00647561614	അന്ന് കേരളത്തിൽ പൊതുവായ ഒരു സാഹിത്യ ഗദ്യഭാഷ ഇല്ലാത്തതായിരുന്നു പ്രധാന പ്രശ്നം
mlm_02367_02088634401	കന്നട ലിപി ഉപയോഗിച്ചാണ് ഈ ഭാഷ എഴുതുന്നത്
mlm_02501_01769652234	ഇരുന്നൂറ്‌ മീറ്ററിൽ
mlm_02745_00542877725	അവർക്ക് താമസം ഒരുക്കിയിരുന്നത് ചാലക്കുടിപ്പുഴയുടെ തീരങ്ങളിലായിരുന്നു
mlm_09125_01767099268	അതോടൊപ്പം ഇന്ത്യയിൽ എങ്ങും ആയിരക്കണക്കിനാളുകൾ പങ്കെടുത്ത നിയമലംഘന സമരങ്ങൾ അരങ്ങേറി
mlm_07330_00178734302	ഈ താൾ പൗരസ്ത്യ ഓർത്തഡോക്സ് സഭ എന്ന് മതി
mlm_03048_00088062784	അമേരിക്കയുടെ ശത്രുരാജ്യമായ ഇറാനുമായി നയതന്ത്ര ബന്ധങ്ങൾ ആരംഭിച്ചു
mlm_00950_01223775641	എനിക്ക് അതിനെ കുറിച്ച് കൂടുതല്‍ അറിയില്ല
mlm_04296_01568157524	അനേകം പുരസ്കരങ്ങളും പുസ്തകത്തെയും രചയിതാവിനെയും തേടിവന്നിട്ടുണ്ട്
mlm_07330_00472645443	അത് പിന്നീട് തിരുവിതാംകൂർ നടത്തിയ ജൈത്രയാത്രകളിൽ വളരെ സഹായിച്ചു
mlm_00572_01225389395	അമേരിക്കയിലും യൂറോപ്യൻ നാടുകളിലും ഈ ഐതിഹ്യമാണ് തലമുറകളായി നിലനിൽക്കുന്നത്
mlm_03993_01724176927	ആ വർഷം തന്നെയാണ് കത്തിടപാടുകൾ നടത്തുന്നതിനു തപാലാപ്പീസ് മദീനയിൽ സ്ഥാപിച്ചത്
mlm_03915_01981840244	അവ ധാന്യവിളകളുടെ ഇടയിൽ കഴിയുന്ന കീടങ്ങളെ കൊന്ന് തിന്ന് കർഷകരെ സഹായിക്കുന്നു
mlm_03048_00777651823	അന്ന്‌ മലകളും കുന്നുകളുമായിരുന്നു അടയാളങ്ങൾ
mlm_07330_01135590387	ഇപ്പോൾ പാലക്കാട് ആണ് ഏറ്റവും വലിയ ജില്ല എന്നാണ് എന്റെ അറിവ്
mlm_07330_00157435994	അസ്ഥിഫലകങ്ങളുടെ വിന്യാസം വിവിധ വർഗങ്ങളിൽ വ്യത്യസ്തമാണ്
mlm_09125_01299332589	അപ്പസ്തോലൻ എന്നത് ഗ്രീക്കു പദമാണ്
mlm_03993_00284980059	ആധുനികതയുടെ പര്യായം എന്നതുപോലെ ലിഫ്റ്റ് സംവിധാനവും ഇതിനുള്ളിൽ ഉണ്ട്
mlm_09125_00653157057	അവയെക്കുറിച്ചറിയാന്‍ ജഗതി നാനാര്‍ത്ഥങ്ങള്‍ എന്ന താള് കാണുക
mlm_02367_00541121228	അവയെക്കുറിച്ചറിയാൻ മധു നാനാർത്ഥങ്ങൾ എന്ന താൾ കാണുക
mlm_05535_00339353701	ചെറിയ ഒരു ഉദാഹരണം താഴെ കൊടുക്കുന്നു
mlm_04296_01880304286	അവരുടെ കല ദൃശ്യവും ചലച്ചിത്രസമാനമായ ഒഴുക്കുള്ളതുമാണ്‌
mlm_03993_01612466265	അതിൽ തന്നെ കൂടുതൽ സുന്നി മുസ്ലിങ്ങളും ചെറിയ വിഭാഗം ഷിയാ മുസ്ലിങ്ങളും
mlm_02367_01132130251	കൊല്ലം ജില്ലയിലെ ഒരു ചെറിയ ഗ്രാമമാണ്
mlm_03915_01236631902	അപ്പോൾ തന്നെ പാപവും മരണവും നരകം ഉപേക്ഷിച്ച് ഭൂമിയിലെത്തി
mlm_02367_01113201086	അവരുടെ അവകാശങ്ങൾക്കു വേണ്ടി ജോലി ബഹിഷ്കരണം ആരംഭിച്ചു
mlm_03915_00334765172	അദ്ദേഹം പുറമേ തന്നെ അസംതൃപ്തനായി കാണപ്പെട്ടു
mlm_09125_01900811532	ആക്രമണത്തിനു ശേഷം അമേരിക്കൻ പൗരന്മാരുടെ ദേശസ്നേഹം മുമ്പെങ്ങുമില്ലാത്ത വിധം വർദ്ധിച്ചു
mlm_09125_01425919809	അപ്പോഴേക്കും തന്റെ സംഘാംങ്ങളിലെ ആറു പേർ യുദ്ധത്തിൽ മരണപ്പെട്ടിരുന്നു
mlm_09171_01811941984	ആദ്യ കളിയിൽ തന്നെ പുറത്താകാതെ മുപ്പത്തിയേഴ് റൺസും ഇരുപത്തിയൊമ്പത് റൺസും നേടി
mlm_05535_01915754418	അവയ്ക്ക് ധാരാളം അനുയായികളും ഉണ്ടായി
mlm_02064_01935763203	എനിക്ക് അടി തുടങ്ങാൻ താല്പര്യം ഇല്ല
mlm_03915_01584258373	സ്വന്തം എന്നു പറയാന്‍ കുറച്ച് വ്യത്യാസം മാത്രം
mlm_00572_01783802337	അതിനെ അയാൾ അതിന്റെ വഴിക്ക് വിട്ടു
mlm_08777_01317031556	അതിനാൽ വിശ്വസനീയമായ സ്രോതസ്സുകൾ പരിശോധനായോഗ്യത നൽകാനായി ഇത്തരം താളുകളിൽ നൽകേണ്ടതില്ല
mlm_08777_01735914946	അതിനെ ചുറ്റി നാല് പ്രാഥമിക ശാഖകൾ കാമ്പിൽ നിന്ന് പുറപ്പെടുന്നു
mlm_08822_01337298837	ആൻഡമാനിലെ ആദിവാസികളിൽ ഇന്ന് വളരെക്കുറച്ചുമാത്രമേ അവശേഷിക്കുന്നുള്ളൂ
mlm_02501_01111794198	രണ്ട്‌ കിലോമീറ്ററിൽ
mlm_02367_01609876404	എന്നെ പാർട്ടിയിൽ നിന്ന് പുറത്താക്കിയവരിൽ വിശ്വാസമില്ല
mlm_08777_00963519876	ബൈബിൾ ആണ് ഇവരുടെ വിശുദ്ധ ഗ്രന്ഥം
mlm_09171_00875935628	അവന് നീന്താൻ കഴിയും
mlm_07330_01840809814	അവരെ അറസ്റ്റ് ചെയ്ത് ജയിലിലടച്ചപ്പോൾ ലഹള പൊട്ടിപ്പുറപ്പെട്ടു
mlm_09125_01552876430	അങ്ങനെ പ്രകൃതി ശാസ്ത്രത്തിൽ അദ്ദേഹത്തിന് താല്പര്യമുണ്ടായി
mlm_09125_00790697177	അറ്റ്‌ലാന്റിക്കിന്റെ തീരക്കടലുകൾ വിസർജ്യങ്ങൾ കലർന്നും അടിഞ്ഞും മലിനമായിത്തീർന്നിരിക്കുന്നു
mlm_00572_00501147115	അമേരിക്ക നൂറ്റിയെൺപത്തി മൂന്ന് യുദ്ധക്കപ്പലുകളുപയോഗിച്ച് ക്യൂബക്കു ചുറ്റും ഒരു പ്രതിരോധവലയം തീർത്തു
mlm_08822_01756353895	ഈ പ്രദേശത്ത് ഒരു പുരാതന ഗ്രാമത്തിന്റെ അവശിഷ്ടങ്ങൾ ഇപ്പോഴും കാണാം
mlm_05535_01687600539	ആമസോൺ നദിയുടെ തീരത്തുകൂടെ ആയിരുന്നു ഈ യാത്ര മിക്കവാറും
mlm_02367_00320199313	അടുത്ത പരമ്പരക്കുള്ള ഇന്ത്യൻ ടീമിൽ സച്ചിനെ തിരഞ്ഞെടുത്തു
mlm_02367_00472458330	എന്തായാലും പ്രശ്നങ്ങൾ ഒക്കെ ലിസ്റ്റ് ചെയ്യൂ
mlm_04296_01052546221	മന്ത്രിയെ കണ്ടപ്പോഴോ ഒപ്പമൊരു ഫോട്ടോ എടുക്കണമെന്നായി ആവശ്യം
mlm_03993_00841219738	അതികഠിനമായ പേശി വേദന കാരണം തന്നെ ഒന്ന് മുടി ചീകാനോ മുഖം വടിക്കാനൊ അദ്ദേഹത്തിനായില്ല
mlm_08822_01982218249	അതിനാൽ പോരാട്ടം ആരംഭിച്ചപ്പോൾ തന്നെ പല രാജ്യങ്ങളും യുദ്ധം അവസാനിപ്പിക്കണം എന്നാഗ്രഹിച്ചിരുന്നു
mlm_00572_02117656333	അവയുടെ വ്യാഖ്യാനത്തേയും പ്രാധാന്യത്തേയും കുറിച്ച് ഭിന്നാഭിപ്രായങ്ങളുണ്ട്
mlm_03915_00372225570	ഈ ലേഖനം ആറാട്ടുപുഴ പൂരം എന്ന താളുമായി ലയിപ്പിക്കുന്നതിന്‌ ശുപാര്‍ശ ചെയ്തിരിക്കുന്നു
mlm_00950_01562793042	അഞ്ചുതെങ്ങിൽ കോട്ട വന്നതിനു ശേഷമാണു കേരളത്തിൽ ബ്രിട്ടീഷ്‌ ആധിപത്യം ആരംഭിക്കുന്നത്.
mlm_00950_01144511473	ഞാന്‍ ഈ താളില്‍ എന്റെ അഭിപ്രായം രേഖപ്പെടുത്തിയിട്ടുണ്ട്
mlm_03915_01693327981	അഭിനിവേശങ്ങളും വ്യത്യസ്തമായ വ്യക്തിത്വങ്ങളും ഉള്ളവരായാണ്‌ അദ്ദേഹം അവരെ ചിത്രീകരിക്കുന്നത്‌
mlm_09171_00955830405	അവരെ വ്യക്തിപരമായ തലത്തിൽ മനസ്സിലാക്കാൻ സാധിക്കുകയില്ല
mlm_07330_01420550161	അഫ്ഗാനിസ്താനിലെ ദോസ്ത് മുഹമ്മദ് ഖാനുമായി ഒരു ഉടമ്പടിയിലെത്താൻ അദ്ദേഹത്തിനായി
mlm_02367_00364292286	അബ്രാഹം തന്നെ മറ്റുള്ളവർ മനസ്സിലാക്കണമെന്ന് ആഗ്രഹിക്കുമ്പോഴാണ് പ്രശ്നം വരുന്നത്
mlm_02367_01224770528	അതിരുവിട്ട ആത്മവിശ്വാസം അയാൾക്ക് തുടരെ വിനയാകുന്നു
mlm_00572_01958144618	അദ്ദേഹത്തിന്റെ ടീം അറിയപ്പെട്ടത് അപരാജിതർ എന്നായിരുന്നു
mlm_00950_01895718294	അവരെ പാർപ്പിക്കാൻ പോർട്ട് ബ്ലെയറിൽ ഒരു തടവറ പണിയാൻ ബ്രിട്ടീഷുകാർ തീരുമാനിച്ചു.
mlm_08777_00484154734	അലർജി ഉണ്ടാക്കാത്തതരം പൂച്ചകളെ ഉണ്ടാക്കാൻ ഇപ്പോൾ ഗവേഷണങ്ങളും നടക്കുന്നുണ്ട്
mlm_00950_01697006109	അതിനെ രക്ഷപെടുത്താനായി അദ്ദേഹം കടം വാങ്ങാൻ തുടങ്ങി.
mlm_02064_00672070712	ഞാൻ കാണുമ്പോൾ മുതലേ ഇതു തന്നെയാണ്
mlm_03048_00845619438	അതിൽ രാമപുരത്തു വാര്യർ കുഞ്ചൻ നമ്പ്യാർ തുടങ്ങിയ മഹാകവികളും ഉണ്ടായിരുന്നു
mlm_09125_00892936667	അന്നുതന്നെ ദിവസവും നിശ്ചയിക്കും
mlm_09125_01593112938	ആകാശമാർഗ്ഗത്തിലൂടെയുള്ള ആക്രമണമായിരുന്നു അവർ നടത്തിയത്
mlm_00950_01681949138	ഇത് ചാലക്കുടി പുഴയുടെ തീരത്താണ് സ്ഥിതിചെയ്യുന്നത്
mlm_02367_01750062205	അതിലെ വാക്കുകളുടെ പട്ടികയിലെ ചില വാക്കുകളും നീക്കം ചെയ്യേണ്ടി വന്നു
mlm_02064_01393389233	അവയെക്കുറിച്ചറിയാൻ റോമാ സാമ്രാജ്യം നാനാർത്ഥങ്ങൾ എന്ന താൾ കാണുക
mlm_00572_00149809232	എന്നാൽ സിമി ഒന്നു ശ്രമിച്ചു നോക്കൂ
mlm_09125_00193968329	അമ്മ അന്നാ റെജീനാ പോർട്ടർ ജർമ്മനിയിലെ ന്യൂറംബർഗ്ഗിൽ നിന്നായിരുന്നു
mlm_03915_01626860822	ആദ്യത്തെ കത്തിനൊപ്പം അയച്ചുകൊടുത്ത നാല് കവിതകൾ വായിച്ച ഹിഗിൻസിന് അവ അത്രയൊന്നും ഇഷ്ടപ്പെട്ടില്ല
mlm_03993_00494693740	അതിൽ രാമപുരത്തു വാര്യർ കുഞ്ചൻ നമ്പ്യാർ തുടങ്ങിയ മഹാകവികളും ഉണ്ടായിരുന്നു
mlm_05535_00533459952	നല്ല ഒരു ഉപകരണം ആണ് അത്
mlm_09125_01166767364	അതിനു വേണ്ടി അവരുടെ മുമ്പിൽ യാചിക്കേണ്ടതില്ല
mlm_05535_00710808384	അതുകൊണ്ട് തന്നെ അവിടങ്ങളിലുള്ള മറ്റ് ജീവികൾക്ക് പൂച്ചകളോട് അധികം പേടിയുണ്ടാകാറില്ല
mlm_00572_01806631906	അദ്ദേഹത്തിന്റെ കൃതികളിൽ സിംഹഭാഗവും പഞ്ചാബിനെയും അപ്ഗാനിസ്ഥാനെയും കേന്ദ്രീകരിച്ചാണ്
mlm_03915_00633338789	അവൾ ഒറ്റയ്ക്കായപ്പോൾ അറിവിന്റെ വൃക്ഷത്തിൽ നിന്നു ഭക്ഷിക്കാൻ സാത്താൻ അവളെ പ്രേരിപ്പിച്ചു
mlm_08822_01522370384	മൂലം എന്ന വാക്കാൽ വിവക്ഷിക്കാവുന്ന ഒന്നിലധികം കാര്യങ്ങളുണ്ട്
mlm_02064_01970708369	അതിന്റെ മുഖചിത്രം ഡിസൈൻ ചെയ്യുന്നതിനു പുറമേ അതിലെ പല ചിത്രീകരണങ്ങളും അദ്ദേഹം നടത്തി
mlm_02501_00007536002	നൂടി അന്‍പത്ത് മീറ്ററിൽ
mlm_03048_01536731117	അതിനുശേഷം താങ്കള്‍ക്ക് ചിത്രം അപ്‌ലോഡ് ചെയ്യാന്‍ സാധിക്കും
mlm_03915_02135935980	അവിടെ അഗസ്തീനോസ് ഏറെക്കാലം ഹിപ്പോ രൂപതയുടെ മെത്രാനായിരിരുന്നു
mlm_02064_01548752943	ഇതിന്റെ മേൽ ഈ കാര്യത്തിൽ സംവാദം ആവശ്യമില്ല
mlm_02367_00125288639	തർപ്പണം എന്ന പദത്തിന്റെ അർത്ഥം നോക്കാം
mlm_07330_00362817502	ഈ ലേഖനം എന്താണെന്ന് വ്യക്തമല്ല എന്നതാണ് വിഷയം
mlm_08777_00901144721	ഞാൻ ഒരു പക്ഷിയായിരുന്നെങ്കിൽ എനിക്ക് നിന്റെ അടുത്തേക്ക് പറന്നു വരാമായിരുന്നു
mlm_02064_01141263741	ഇംഗ്ലീഷ് എന്ന വാക്കിനാൽ താഴെപ്പറയുന്ന എന്തിനേയും വിശേഷിപ്പിക്കാം
mlm_04296_00763031990	അദ്ദേഹത്തിന്റെ കൈയും കാലും കെട്ടിയിട്ടിരുന്നിട്ടുപോലും
mlm_09125_00050908368	അവിടെ നയം ഉണ്ടെങ്കിൽ ചിത്രം നമുക്ക് മാറ്റാം
mlm_07330_01420609977	അവിടെ സൂര്യരമാലാഖയായ ഊറിയേൽ അയാൾക്ക് ഭൂമിയിലേയ്ക്കുള്ള വഴി കാണിച്ചുകൊടുക്കുന്നു
mlm_02367_01365198627	അർജന്റീന ബ്രസീൽ പെറു ചിലി തുടങ്ങിയ നഗരങ്ങളിൽ എല്ലാം ഇടതുപക്ഷ കക്ഷികൾ അധികാരത്തിൽ വന്നു
mlm_04296_01387705059	അവരൊന്നിച്ച് കവിതകൾ വായിക്കുകയും എഴുതുകയും മറ്റു ബൗദ്ധിക സാഹസങ്ങളിൽ ഏർപ്പെടുകയും ചെയ്തു
mlm_03993_02035596939	ആധുനികവൽക്കരണവും രാജ്യത്തെ വിദേശികളുടെ വർദ്ധനവുമായിരുന്നു ഇതിന്റെ കാരണം
mlm_07330_01144472620	യീസ്റ്റിനു പകരം തെങ്ങിൻ കള്ളോ പനങ്കള്ളോ ചേർത്ത് ഉണ്ടാക്കുന്ന കള്ളപ്പം മധ്യകേരളത്തിൽ സുലഭമാണ്
mlm_09171_00660777580	കന്നി മാസം കന്നി എന്ന മലയാള മാസം
mlm_06515_00281564772	അതായിരുന്നു ജോർഡാന്റെ ഓസ്ട്രേലിയക്കെതിരായുള്ള ആദ്യ മത്സരപരിചയം
mlm_09171_01615503463	അവസാനത്തെ പ്രക്രിയ ഇരുമ്പ് ഉല്പാദനമാണ്
mlm_07330_00192839112	അനേകം ക്ഷേത്രങ്ങളുടെ ഭാഗങ്ങൾ ഇവയിലുണ്ട്
mlm_02064_01099207141	അതുമൂലം കഠിനരീതിയിലുള്ള വിദ്യാഭാസമാണ് അദ്ദേഹത്തിന് ലഭിച്ചത്
mlm_02745_00611294766	അസുര ചക്രവർത്തിയായ മഹാബലിയുടെ ചരിത്രമാണ്‌ ഓണത്താർ പാട്ടിന്റെ ഉള്ളടക്കം
mlm_09125_01236298316	അമേരിക്കയുടെ സഹായത്തോടെയാണ് ബാറ്റിസ്റ്റ ഈ നീക്കം നടത്തിയത്
mlm_00572_02122767487	ആഭ്യന്തര വ്യോമഗതാഗത ടെർമിനലും ഈ വിമാനത്താവളത്തിന്റെ മറ്റൊരു ഭാഗത്താണ്
mlm_03048_00398493440	ആ സമയത്ത് വിവിധ പത്രമാസികകൾക്കുവേണ്ടി സിംഗ് ലേഖനങ്ങളെഴുതുമായിരുന്നു
mlm_09125_01403663574	അന്ത്യകർമങ്ങൾക്കായി ഇന്ത്യയിലേക്ക് മടങ്ങിയതിനാൽ സിംബാബ്വേക്കെതിരേയുള്ള മത്സരം സച്ചിന് നഷ്ടപ്പെട്ടു
mlm_09125_01619927790	ഇതിന്റെ പേരിൽ ഒരു തർക്കം ഞാൻ തീരെ ആഗ്രഹിക്കുന്നില്ല
mlm_09171_02101052319	അത്തരം തെളിവുകൾ ഉള്ള ഭാഗമാണ് ഞാൻ നീക്കം ചെയ്തത്
mlm_02367_01582829696	അവർക്ക് നൽകുന്ന ബലിയാണ് ശ്രീബലി അഥവാ ശീവേലി അത്രെ
mlm_03993_00364267360	അവിടെ അഗസ്തീനോസ് ഏറെക്കാലം ഹിപ്പോ രൂപതയുടെ മെത്രാനായിരിരുന്നു
mlm_09171_00383010516	അവരുടെ സാക്ഷരതയും വിദ്യാഭ്യാസനിലവാരവും ഉയർത്തുന്നതിൽ കാര്യമായ പങ്കു വഹിച്ചു
mlm_05535_01937556961	ആധുനികകാലത്തെ സുരക്ഷാ ക്യാമറകൾ വല്യേട്ടനെ അനുസ്മരിപ്പിച്ചേക്കാം
mlm_03048_00857204130	അഞ്ച് മുതൽ എട്ട് വരെയും പണ്ട് താലപ്പൊലി ഉണ്ടായിരുന്നു
mlm_00572_01548966368	ഇനിയും ഒരുപാട് നല്ല ലേഖനങ്ങൾ പ്രതീക്ഷിക്കുന്നു
mlm_02064_00623458318	ആയിടക്ക് കാസ്ട്രോ കാറൽ മാർക്സിന്റെ ചിന്തകളിൽ ആകൃഷ്ടനായിത്തുടങ്ങി
mlm_06515_00971994214	അലങ്കാരങ്ങൾ പ്രധാനമായും മൂന്നു രീതിയിലാണ് ചെയ്തിരിക്കുന്നത്
mlm_02501_00511188167	ഇന്റർചെയ്ഞ്ച് എടുക്കുക
mlm_08822_01675246195	അവനെ പരീക്ഷണമുറികളിലേക്കു കൊണ്ടുപോയി ഭാരതത്തിലെ നിരവധി പക്ഷികളെ പരിചയപ്പെടുത്തി
mlm_08822_00918359609	അവയെക്കുറിച്ചറിയാൻ ഓട് നാനാർത്ഥങ്ങൾ എന്ന താൾ കാണുക
mlm_00572_00209997688	ആഘോഷങ്ങളിൽ പലതും പ്രാചീനകാലത്തെ പാരമ്പര്യം പേറുന്നവയാണ്
mlm_07330_01063236715	അതിനാൽ രാസഘടന അളക്കുന്നവഴിയാണ് നക്ഷത്രത്തിന്റെ വയസ്സ് നിശ്ചയിക്കാറ്
mlm_09171_01114059842	അവിടന്ന് അവർ മടങ്ങി വന്നപ്പോഴേക്കും കീർക്കെഗാഡ് മരിച്ചിരുന്നു
mlm_00572_01721894363	അതിന്റെ കൂടെ ഇംഗ്ലീഷ് അക്ഷരങ്ങളുടെ അച്ചുകളും ഉണ്ടായിരുന്നു
mlm_03048_00511869701	അക്കാലത്ത് സഞ്ചാരികളും കച്ചവടക്കാരും ഒരു വിശ്രമ കേന്ദ്രമെന്ന നിലയിൽ മക്കയെ ഉപയോഗിച്ചിരുന്നു
mlm_03915_00990122362	അണുക്കളെ തിരിച്ചറിയാൻ സഹായിക്കുന്ന ചില മാംസ്യങ്ങളാണ് ഈ ഭക്ഷണക്രിയയെ സഹായിക്കുന്നത്
mlm_02501_00242939549	ഇരുനൂറ്‌ അടിയിൽ
mlm_03915_01949057478	അതുവരെ വരമൊഴി എന്ന ലേഖനം കാണുക
mlm_02501_00230367815	പകുതി മൈലിൽ
mlm_04296_01676989915	അകത്തേ അറയുടെ നാലു വശത്തായി നാലു ആർച്ചുകൾ സ്ഥിതി ചെയ്യുന്നു
mlm_00572_00929205070	അവർ കാര്യമായ കാവലുകളില്ലാത്ത പട്ടാള ബാരക്കുകൾ ആക്രമിച്ചു
mlm_02367_01176494616	അത്തരമൊരു മാറ്റം ആണ് ക്യൂബയിൽ നടപ്പാക്കാൻ ചെ സ്വപ്നം കണ്ടിരുന്നത്
mlm_00572_01517698331	അഭ്യസ്തവിദ്യരല്ലാത്തവർക്കും തൊഴിൽ സാധ്യതകൾ വർദ്ധിച്ചതോടെ ഈ ഒഴുക്കിന് ശക്തി പ്രാപിച്ചു
mlm_02367_00852194922	അറ്റ്‌ലാന്റിക്കിന്റെ തെക്കും വടക്കും അതിരുകൾ വ്യക്തമായി നിർവചിക്കപ്പെട്ടിട്ടില്ല
mlm_02367_01193189735	ഒരു ചിത്രം കൂടി ചേർത്താൽ വളരെ നന്നായിരുന്നു
mlm_09171_00926845031	ഇപ്പോൾ വളരെയധികം ചിത്രങ്ങൾ ഓരോ ദിവസവും വരുന്നുണ്ട്
mlm_05535_00972188071	കേരളത്തിലെ പാലക്കാട് ജില്ലയിലെ ഒരു ചെറിയ ഗ്രാമമാണ് കൊല്ലങ്കോട്
mlm_03048_00299355646	ഇപ്പോഴും ഇദ്ദേഹം ഈ നിലയില്‍ തുടരുന്നു
mlm_00572_00608488076	ആതുരസേവനത്തിനിടെ അദ്ദേഹത്തിന് പ്ലേഗ് രോഗം ബാധിച്ചു
mlm_09171_00987980003	കവിത എഴുതുന്ന വ്യക്തിയെ കവി എന്നു വിളിക്കുന്നു
mlm_03048_02075390322	അല്പം മാത്രം കുറ്റിപ്പുല്ലേ കാണുകയുള്ളൂ
mlm_00572_00860706657	അവൻ പാടിക്കൊണ്ടേയിരിക്കുന്നു
mlm_00950_00184340549	വേല എന്ന മലയാള പദത്തിന്റെ അര്‍ത്ഥം ഉത്സവം എന്നാണ്
mlm_00950_00203225985	ഇതൊരു തടിമേശയാണ്.
mlm_02745_01418569306	രണ്ടു ലേഖനങ്ങളും രണ്ടായി തന്നെ മതി
mlm_05535_01069162453	ആറ്റിങ്ങൽ റാണിമാർ പാരമ്പര്യമായി വേണാട്ടു രാജകുടുംബത്തിലെ തലമുതിർന്ന വനിതാംഗങ്ങൾ ആയിരുന്നു
mlm_09171_00402778717	അന്റാർട്ടിക്കയിലെ കാലാവസ്ഥ സാധാരണ ജീവജാലങ്ങൾക്ക് തീരെ അനുയോജ്യമല്ല
mlm_02501_01254248681	നൂറ് അടിയിൽ
mlm_07330_01833157112	എന്നാൽ അവരുടെ മുഴുവൻ ചരിത്രവും നമുക്ക് ലഭ്യമല്ല
mlm_03048_01380782019	അവിടെ കുടുംബസ്വത്തിന്റെ ഭാഗമായ ടങ്ങ്സ്ടൻ ഖനികളിൽ അദ്ദേഹം ജോലിചെയ്തു
mlm_03048_00588713109	അവിടെയുണ്ടായിരുന്ന ഒരു കിണറിന്റെ പേരാണ്‌ ഹുദൈബിയ
mlm_00572_00830927601	ആ വർഷത്തെ ലോകകപ്പിനിടയിൽ സച്ചിന്റെ പിതാവ് പ്രൊഫസർ രമേശ് തെൻഡുൽക്കർ അന്തരിച്ചു
mlm_06515_00157689804	ആത്മാവിന്റെ വരങ്ങളെക്കുറിച്ചുള്ള പൗലോസിന്റെ അഭിപ്രായങ്ങൾ വൈവിദ്ധ്യവും പ്രത്യേകതകളും നിറഞ്ഞതാണ്
mlm_00950_02025045945	അത്തരത്തിലുള്ള നിരവധി കിണറുകൾ ചരിത്ര ശേഷിപ്പുകളായി ഇവിടെ അവശേഷിക്കുന്നുണ്ട്.
mlm_03993_00692555929	അദ്ദേഹത്തിന്റെ ജീവിതകാലത്തെക്കുറിച്ച് വ്യത്യസ്തമായ അഭിപ്രായങ്ങളുണ്ട്
mlm_06515_01107579590	അവയെക്കുറിച്ചറിയാൻ രൂപ നാനാർത്ഥങ്ങൾ എന്ന താൾ കാണുക
mlm_00572_00475010802	കോളേജ് എന്നിവ ഇവിടെയാണ് സ്ഥിതി ചെയ്യുന്നത്
mlm_02501_02098924919	ഇടതുവശത്തുള്ള ഇന്റർചെയ്ഞ്ച് എടുക്കുക
mlm_05535_01064560578	ആരെങ്കിലും ആ പൊതുനിലപാട് സ്വീകരിച്ചില്ലെന്നത് സമ്മാനിതനാവാനുള്ള കാരണമല്ല
mlm_05535_01188773262	എനിക്ക് നിങ്ങൾക്ക് ടൌണിലേക്ക് ഒരു ലിഫ്റ്റ് തരാൻ കഴിയും
mlm_02064_00458169248	ഇതു കൂടാതെ സാധാരണ ജനങ്ങളെ പ്രതിനിധീകരിക്കുന്ന ഒരു സഭ ഉണ്ടായിരുന്നു
mlm_02064_00724773627	അദ്ദേഹം നൂറ്റിയിരുപത്തിയേഴ് റൺസുകൾ വാരിക്കൂട്ടി
mlm_09171_00210937037	അദ്ദേഹം ആദ്യത്തെ പഞ്ചവത്സര പദ്ധതി അവതരിപ്പിച്ചു
mlm_09125_00606939795	ഈ താളിൽ നിങ്ങൾക്ക് ആവശ്യമായ ഉപകരണങ്ങൾ കിട്ടും
mlm_09125_01927940384	അവർക്ക് യോഗ്യത കുറവാണ് എന്നായിരുന്നു കാരണം പറഞ്ഞിരുന്നത്
mlm_00572_00026458183	അറിയപ്പെട്ട ചരിത്രപ്രകാരം മക്കയിൽ ജനങ്ങൾ സ്ഥിരതാമസമാരംഭിച്ചത് ഇസ്മാഈലിന്റെ കാലം മുതൽക്കാണ്
mlm_00950_01848249306	അതിനാൽ ഭ്രമണം ചെയ്യുന്ന വസ്തുവിനു ചുറ്റുമുള്ള മറ്റു വസ്തുക്കളും ഇതിനോടൊപ്പം ചലിക്കാൻ തുടങ്ങുന്നു.
mlm_08777_00055123146	അതിൽ ഒന്നിന്റെ കൈകൾ ചെഗുവേരയെപ്പോലെ ഛേദിച്ചിരുന്നു
mlm_05535_01075357688	അതേ വർഷം നാസയുടെ കാലിഫോർണിയയിലുള്ള ഗവേഷണ കേന്ദ്രത്തിൽ ജോലിക്കു ചേർന്നു
mlm_00572_01698038888	അയാൾ ലുക്രേത്തിയ എന്ന ഉന്നതകുലജാതയായ സ്ത്രീയെ ബലാത്സംഗം ചെയ്തു
mlm_06515_01672056611	ഈ ലേഖനം ഇസ്ലാം എന്ന താളുമായി ലയിപ്പിക്കുന്നതിന് ശുപാർശ ചെയ്യുന്നു
mlm_03048_01709173581	ആരണ്യർക്ക് ശേഷം റേ സമകാലീന ബംഗാളി യാഥാർത്ഥ്യങ്ങളിലേയ്ക്ക് ശ്രദ്ധയൂന്നി
mlm_03048_02133808817	അയിത്തം തീണ്ടൽ തൊട്ടുകൂടായ്മ അടിമത്തം ഊഴിയം തുടങ്ങി നിരവധി അനാചാരങ്ങൾ നിലനിന്നിരുന്നു
mlm_09171_00292470318	ലിജു ദയവായി എല്ലാ ലേഖനങ്ങളും ശരിയായ റെഫറൻസ് കൊടുത്ത് ചെയ്യുക
mlm_03915_00880213894	അത്യാധുനിക സുരക്ഷാ മുൻകരുതലുകളാണ് മെട്രോ നിർമ്മാണത്തിലും ഉപയോഗത്തിലും സ്വീകരിച്ചിരിക്കുന്നത്
mlm_08777_01592984085	എന്റെ കയ്യിൽ അത്തരം പേരിലുള്ള ഒന്നും ഇല്ല
mlm_09125_00331011492	കൊല്ലം എന്ന വാക്കാൽ വിവക്ഷിക്കാവുന്ന ഒന്നിലധികം കാര്യങ്ങളുണ്ട്
mlm_04296_00716818997	അദ്ദേഹത്തിന്റെ നിരവധി സ്മാരകങ്ങൾ ഇറാനിലുണ്ട്
mlm_09171_01312959856	പ്രിയ സുഹൃത്തേ താങ്കൾ ഈ താളിൽ നൽകിയ മറുപടി ശ്രദ്ധിച്ചു
mlm_00572_00717606100	അതിനാൽ പത്രങ്ങൾ അദ്ദേഹത്തിനെതിരായി ധാരാളം കഥകൾ പ്രസിദ്ധീകരിച്ചു
mlm_09125_00659406919	അതെ ഇതു തന്നെയാണ് ഞാനും പറയുന്നത്
mlm_00950_00764056319	അവരുടെ തലകൾ പുണ്യ നഗരമായ മെക്കയുടെ വശത്തിലേക്കാണ് തിരിച്ചു വച്ചിരിക്കുന്നത്.
mlm_08777_01815072439	ജാതി എന്ന വാക്കാൽ വിവക്ഷിക്കാവുന്ന ഒന്നിലധികം കാര്യങ്ങളുണ്ട്
mlm_03993_00433194637	അതിനുശേഷം ഈ പ്രവാഹങ്ങൾ ദക്ഷിണ അറ്റ്‌ലാന്റിക് കടന്ന് മറ്റു സമുദ്രങ്ങളിലേക്ക് ഒഴുകുന്നു
mlm_05535_00841448594	പക്ഷെ അതേ പേരിൽ ഒരു റീഡയറക്ട് പേജ് നിലവിൽ ഉണ്ട്
mlm_08777_01142549632	അടുത്ത സന്ദർശനം വൈക്കം സത്യാഗ്രഹത്തോടനുബന്ധിച്ച് ആയിരുന്നു
mlm_09125_01454637215	ആഴംകുറഞ്ഞ സമുദ്രഭാഗങ്ങളിൽ മാത്രം കാണപ്പെടുന്നവയാണിവ
mlm_04296_01428210548	ആദിവാസികളെ ഒഴിച്ചാൽ ഇവിടെ താമസിക്കുന്നവർ ഇന്ത്യയിലെ വിവിധ ദേശങ്ങളിൽ നിന്നും കുടിയേറിയവരാണ്‌
mlm_00950_01912724831	ആഫ്രിക്കൻ ആനകളിൽ ആണാനയ്ക്കും പെണ്ണാനയ്ക്കും വളരെ വലിയ കൊമ്പുകൾ ഉണ്ടായിരിക്കും.
mlm_09171_01935841379	ജനങ്ങൾ അധികവും ഹിന്ദു ക്രിസ്ത്യൻ വിഭാഗങ്ങളിൽ പെടുന്നു
mlm_08777_00165489796	അവിടെയുള്ള ഒരു വൃക്ഷത്തിന്റെ ചുവട്ടിൽ വെച്ചായിരുന്നു മുഹമ്മദ് നബി പ്രതിജ്ഞയെടുത്തത്
mlm_08777_01108804466	കണ്ണൂർ ജില്ലയിലെ മട്ടന്നൂർ എന്ന ചെറിയ ഗ്രാമത്തിലാണ് അദ്ദേഹം ജനിച്ചത്
mlm_04296_00989011643	ആൺതിമിംഗിലങ്ങൾ എട്ടു മുതൽ പത്ത് വയസ്സുവരെ ആകുമ്പോഴേക്കും പ്രായപൂർത്തിയാകുന്നു
mlm_07330_01652219875	ഇതിൽ എന്റെ ഒരു ചെറിയ ഒരു അപേക്ഷ കൂടി സമർപ്പിക്കുന്നു
mlm_03048_00321277160	അവയെക്കുറിച്ചറിയാന്‍ കന്നി നാനാര്‍ത്ഥങ്ങള്‍ എന്ന താള്‍ കാണുക
mlm_03048_01365449484	ആഫ്രിക്കൻ ആനകൾക്ക് തുമ്പിക്കൈയുടെ അറ്റത്ത് വിരൽ പോലെ രണ്ട് അറ്റങ്ങൾ ഉണ്ടാകാറുണ്ട്
mlm_03915_00491179348	കൂടുതല്‍ വിവരങ്ങള്‍ ഈ താളില്‍ നിന്നു ലഭിക്കും
mlm_02367_00922504930	അങ്ങനെ ക്ലബ്ബിനായി ഗോൾ നേടുന്ന ഏറ്റവും പ്രായം കുറഞ്ഞ കളിക്കാരൻ എന്ന റെക്കോർഡ് അദ്ദേഹം സ്വന്തമാക്കി
mlm_05535_00231240090	രണ്ടാമത്തെ ആൾ പുത്രൻ എന്ന് വിളിക്കപ്പെടുന്നു
mlm_03048_01494810191	അപവർത്തനം മൂലം ഈ വലിപ്പം അൽപം വർദ്ധിക്കുന്നു
mlm_02745_01696811250	ആഫ്രിക്കൻ ആനകൾ അസുഖം വന്നാലോ മുറിവേറ്റാലോ മാത്രമേ നിലത്ത് കിടക്കാറുള്ളൂ
mlm_02064_00180017645	അമേരിക്ക ക്യൂബക്കെതിരേ ഒരു ജൈവയുദ്ധത്തിനു തയ്യാറെടുക്കുകയാണെന്ന് കാസ്ട്രോ ആരോപിച്ചു
mlm_09125_00962124963	അതുകൊണ്ടുണ്ടായ നാനാത്വം വാസ്തുവിദ്യയിൽ കാണുന്നുമുണ്ട്
mlm_09125_00014901738	അടുത്തുവരുന്ന അന്ത്യത്തെ അദ്ദേഹം വിശ്വാസിയുടെ നിർമ്മമതയോടെ സമീപിച്ചു
mlm_00572_00484513905	എല്ലാ താളുകളും ഇന്നു രാത്രിയിൽ മാറ്റാം
mlm_00950_01374119841	അവിടെ വിശാലമായ ഒരു വെണ്ണക്കൽ മണ്ഡപം പണിയുകയുണ്ടായി.
mlm_02367_00432469164	കാരണം മലയാളത്തിൽ ഉപയോഗിക്കുന്ന പദം അതാണ്
mlm_00269_00528069532	തലശ്ശേരി ബ്രണ്ണൻ കോളേജിൽ നിന്ന് മലയാള സാഹിത്യത്തിൽ മാസ്റ്റർ ബിരുദം നേടി
mlm_09125_01648335173	അതിൽ ഗോൾ നേടാൻ മെസ്സിക്ക് കഴിഞ്ഞു
mlm_03915_00553320229	അതായത് കാർഷികവിഭവങ്ങൾ ഉപയോഗിച്ചുള്ള മൂല്യവർദ്ധിത ഉൽപ്പന്നങ്ങളുടെ ഉല്പാദനം കേരളത്തിൽ കുറവാണ്
mlm_02064_01727249127	അതുകൊണ്ടുതന്നെ സ്വാന്ത്രപൂർവ്വ ഭാരതത്തിന്റെ ഈ നിറം വർണ്ണവിവേചനത്തിന്റെ അടയാളമായിരുന്നു
mlm_08822_00962656262	എല്ലാ വർഷവും ഫെബ്രുവരി മാർച്ച് കാലയളവിൽ ആണ് ഈ ഉത്സവം നടക്കുന്നത്
mlm_03048_01642852490	അനേകമായിരം ചിത്രങ്ങളും പ്രതിമകളും അന്നത്തെ ഭരണാധിപന്മാരുടെ മേൽനോട്ടത്തിൽ ഉണ്ടാക്കപ്പെട്ടു
mlm_08822_00277954159	നമുക്ക് സമയമില്ല
mlm_06515_01720496764	അയാളുടെ അമ്മ യഹൂദയും പിതാവ് ഗ്രീക്കുകാരനും ആയിരുന്നു
mlm_03048_00011462628	പിന്നെ ഒരു കാര്യം പറയാന്‍ മറന്നു
mlm_05535_01123404227	പിറന്നാൾ സമിതി നല്ലൊരു ആശയം തന്നെ
mlm_02501_01917168112	ചെറുതായി വലതേക്ക് വഴിതിരിയുക
mlm_00950_01931601029	അതിനാൽ മെർക്കുറി ആറ്റവും ഇലക്ട്രോണും തമ്മിലുള്ള ഘട്ടനം അനിലാസ്തികമാകാൻ ഏറെ സാധ്യതയുണ്ട്.
mlm_07330_01665578801	അവരെല്ലാം വിശ്വസിച്ചിരുന്നത് ഗ്രേറ്റ് ലീപ് ഫോർവേഡ് ഒരു വൻ വിജയമായിരുന്നു എന്നാണ്
mlm_03048_00835889295	അതുപോലെ മുൻ കാലങ്ങളിൽ ഏഴ് ദിവസത്തെ താലപ്പൊലി ഉണ്ടായിരുന്നുവത്രെ
mlm_05535_01909531977	ജഗതി എന്ന വാക്കിനാൽ താഴെപ്പറയുന്ന എന്തിനേയും വിവക്ഷിക്കാം
mlm_03048_01571767016	അവയിൽ പ്രധാനമായിരുന്നു തൊഴിലാളി സംഘടനകളുമായി ബന്ധപ്പെട്ടത്
mlm_04296_01187982851	അയിത്തം തീണ്ടൽ തൊട്ടുകൂടായ്മ അടിമത്തം ഊഴിയം തുടങ്ങി നിരവധി അനാചാരങ്ങൾ നിലനിന്നിരുന്നു
mlm_06515_01956439727	അർജന്റീനിയയിലെ അർബുദരോഗവിദഗ്ദനായ ഡോക്ടർ കസാപ് ഈ സംശയത്തെ അടിസ്ഥാനരഹിതം എന്നു പറഞ്ഞ് നിഷേധിക്കുന്നു
mlm_02745_01112320948	അമേരിക്ക സ്വാതന്ത്ര്യവും വേഗത്തിൽ പണക്കാരനാകാനുള്ള സൗകര്യവും അവർക്ക് ഒരുക്കിക്കൊടുത്തു
mlm_09125_00148105585	പ്രധാന താളിൽ കണ്ണി കൊടുക്കുക തന്നെ വേണം
mlm_02745_00470279462	ഇതു പിന്നീടു യൂറോപ്പിലും പ്രചാരം നേടി
mlm_09125_01620444316	അടുത്തു ബന്ധമുള്ളവരും ശിഷ്യന്മാരും ഡാഡി എന്നാണ് ലാറിയെ സാധാരണ സംബോധന ചെയ്യാറുണ്ടായിരുന്നത്
mlm_02745_00111804894	അതിനാൽ യോഗ ധ്യാനം എന്നിവ ചികിത്സയായി നിർദ്ദേശിക്കപ്പെടുന്നു
mlm_09125_01303880154	അപ്പോളോ പരമ്പരയിലെ ആറ് വിക്ഷേപണങ്ങളിൽ നിന്നായി പന്ത്രണ്ട് പേർ ചന്ദ്രനിൽ ഇറങ്ങിയിട്ടുണ്ട്
mlm_02367_01302783304	അർജന്റീനയുടെ നാല് ഗോളുകളിലും മെസ്സിയുടെ സാന്നിധ്യമുണ്ടായിരുന്നു
mlm_00950_00707424783	അവരുടെ ഭാഷ, ആചാരം എന്നിവ പഠിക്കുന്നതിന്റെ ഭാഗമായാണിത്‌.
mlm_06515_02050934142	അതിനാൽത്തന്നെ പ്രകാശം ഗുരുത്വാകർഷണബലത്തിന് വിധേയമല്ല എന്നായിരുന്നു കരുതപ്പെട്ടിരുന്നത്
mlm_03048_00932752142	അറബിക് ഭാഷയും സൗദിയുടെ ഭൂമിശാസ്ത്രവും ചരിത്രവും പാഠ്യവിഷയത്തിലുൾപ്പെടുത്തണമെന്നും വ്യവസ്ഥയുണ്ട്
mlm_03915_00255622077	ആവശ്യക്കാർക്ക് പഴയ സംവാദങ്ങൾ നിലവറയിൽ നിന്നും ശേഖരിക്കാവുന്നതാണ്
mlm_09171_00595496885	അവൻ ക്ലാസ് മുറിയിലേക്ക് ഓടി
mlm_03048_01783656345	അവിടുന്നങ്ങോട്ട് റേയുടെ മകൻ തന്നെയായിരുന്നു റേയുടെ ചലച്ചിത്രങ്ങൾക്ക് ക്യാമറ ചലിപ്പിച്ചിരുന്നത്
mlm_09171_00043555175	ആ സ്ഥലത്ത് ആശുപത്രിയോ വൈദ്യന്മാരോ ഉണ്ടായിരുന്നില്ല
mlm_04296_00149955984	അദ്ദേഹത്തിന്‌ എട്ടു വയസ്സുള്ളപ്പോൾ പിതാവ് മരിച്ചു
mlm_02367_00643585163	ആര്യശൈലിയിലെ ക്ഷേത്രങ്ങളിലെ ബാഹ്യതലങ്ങൾ പൊതുവെ കണ്ണഞ്ചിപ്പിക്കുന്ന കൊത്തുപണികൾ നിറഞ്ഞവയാണ്
mlm_03915_00818527712	ഒരു വലിയ നഗരത്തിൽ ജീവിക്കാൻ എനിക്ക് ഒരാഗ്രഹവുമില്ല
mlm_02501_01209210077	നിങ്ങളുടെ ലക്ഷ്യസ്ഥാനം ഇടതുവശത്തായിരിക്കും.
mlm_08777_00931483267	അവയെക്കുറിച്ചറിയാൻ ജാതി നാനാർത്ഥങ്ങൾ എന്ന താൾ കാണുക
mlm_09171_01282569635	ബാക്കി ഒക്കെ മുൻപ് പറഞ്ഞത് തന്നെ
mlm_05535_01304186378	ആദ്യ ചിത്രം പുറത്തിറങ്ങുമ്പോൾ മോഹൻലാലിന് ഇരുപത് വയസ്സായിരുന്നു പ്രായം
mlm_03915_01781086358	അതിനാൽത്തന്നെ അവ ചെറുതാവുകയല്ല വലുതാവുകയാണ്‌ ചെയ്യുന്നത്
mlm_03915_01989234025	ഓട് എന്ന വാക്കിനാല്‍ താഴെപ്പറയുന്ന എന്തിനേയും വിവക്ഷിക്കാം
mlm_07330_01399053001	ആൺകുട്ടികളെപ്പോലെ പെരുമാറുമായിരുന്ന ലീ ധാരാളമായി വഴക്കുണ്ടാക്കുകയും ചെയ്യുമായിരുന്നു
mlm_03915_01592552261	പ്രപഞ്ചത്തില്‍ ഏറ്റവും കൂടുതലുള്ള മൂന്നാമത്തെ മൂലകമാണ് ഓക്സിജന്‍
mlm_03915_02143906143	അൻപതിലേറെ അംഗീകൃത ആയുർവേദ കേന്ദ്രങ്ങൾ തിരുവനന്തപുരം നഗരത്തിനുള്ളിലും പുറത്തുമായുണ്ട്
mlm_08777_00785083497	റബ്ബർ എന്ന വാക്കാൽ വിവക്ഷിക്കാവുന്ന ഒന്നിലധികം കാര്യങ്ങളുണ്ട്
mlm_02501_01210831874	ഇടത് ഉള്ള എക്സിറ്റ് സ്വീകരിക്കുക
mlm_09125_01218022192	ആ മട്ടിൽ വിജ്ഞാനകോശത്തിൽ എഴുതുന്നത് ശരിയല്ല
mlm_00572_01153281464	പിന്നെ ഇതിൽ കേരളത്തിലെ ബുദ്ധമത ചരിത്രം വേണമെങ്കിൽ പറയൂ
mlm_08777_01937862251	ഇതോടെ അദ്ദേഹം കൂടുതൽ അറിയപ്പെടാനും തുടങ്ങി
mlm_03048_01764800350	ഞാന്‍ തൊടുപുഴ എന്ന വിഭാഗം ചെയ്തിട്ടുണ്ട്
mlm_09171_00491505999	ആഹാരസാധനങ്ങൾ മാത്രമല്ല പല ഔഷധങ്ങളും കേടുകൂടാതെ സൂക്ഷിക്കാനായി സൾഫൈറ്റുകൾ ചേർക്കുന്നുണ്ട്
mlm_02367_01800121282	എന്നാൽ ഇന്ന് ഇവ എണ്ണത്തിൽ വളരെയധികം കുറഞ്ഞു വരുന്നു
mlm_06515_00881399759	അവരുടെ ആദ്യകാലതലസ്ഥാനം രാജഗൃഹ ആയിരുന്നു
mlm_02745_01312364308	അതിൽ ഏറ്റവും കുറവ് ചൈനീസ് ഭാഷ സംസാരിക്കുന്നവരാണ്
mlm_03993_00423791247	ആ സീസണിൽ ബാർസലോണ മൂന്ന് കിരീടങ്ങൾ നേടിയപ്പോൾ ടീമിന്റെ പ്രധാന ആയുധം മെസ്സി ആയിരുന്നു
mlm_08822_00000462675	അവരുടെ പുത്രനായ സർവദമനൻ പിന്നീടു ഭരതൻ എന്നറിയപ്പെടുന്നു
mlm_09171_00034535395	അതോടെ രണ്ടായിരംത്തിൽ സച്ചിൻ ക്യാപ്റ്റൻ പദവി രാജിവച്ചു
mlm_03048_00334258817	ആണികൾ ലംബമായി അടിച്ചുകയറ്റുന്നതിനു പകരം ഒരുപക്ഷേ ന്യൂനകോണിലാവാം തുളച്ചത്
mlm_07330_00367488754	അദ്ദേഹത്തിന്റെ ചില പുസ്തകങ്ങൾ ഇവിടെ ചേർക്കുന്നു
mlm_03048_01251630276	അഫ്ഗാൻ യുദ്ധം കാരണം ജോലി കിട്ടുക എന്നതും ബുദ്ധിമുട്ടായിരുന്നു
mlm_05535_00502489931	പിന്നീട് വള്ളപ്പാട്ടും പാടി ക്കൊണ്ട് വള്ളസദ്യ ഉണ്ണാൻ ഊട്ടുപുരയിലേയ്ക്ക് പോകുന്നു
mlm_00572_00345334101	ആദ്യത്തെ ദിവസമായ അത്തംനാളിൽ ഒരു നിര പൂ മാത്രമേ പാടുള്ളൂ
mlm_03993_00943630104	ആറാട്ടിനുശേഷം ഭഗവതി അമ്പലത്തിൽ അത്താഴപൂജ
mlm_03048_00836235562	അതിന്റെ മുഖം ശ്രീകോവിലിലേക്കാണ്‌‍
mlm_05535_01017406843	പൂക്കൾ ചെറുതും മഞ്ഞ നിറത്തിലും ഉണ്ടാകുന്നു
mlm_03048_01768966838	അദ്ദേഹം കളിക്കുന്ന കാലത്ത് ക്രിക്കറ്റിൽ ഏകദിനശൈലി ആരംഭിച്ചിട്ടില്ല
mlm_04296_02090563663	അതായത് കഥാപാത്രത്തിനു അനുസരിച്ചുള്ള വേഷം അണിയുന്നില്ല
mlm_03048_00817097740	അന്റാർട്ടിക്ക പതിനേഴ് കോടി വർഷങ്ങൾക്ക് മുമ്പ് മഹാ‌‌വൻകരയായിരുന്ന ഗോണ്ട്വാനയുടെ ഭാഗമായിരുന്നു
mlm_03048_01066173305	അതിനദ്ദേഹം ദൈർഘ്യം കുറഞ്ഞ ജീവിതകാലമാണ്‌ ഞാൻ ഇഷ്ടപ്പെടുന്നത് എന്ന മറുപടിയാണ് നൽകിയത്
mlm_03993_02119896774	ആരണ്യർക്ക് ശേഷം റേ സമകാലീന ബംഗാളി യാഥാർത്ഥ്യങ്ങളിലേയ്ക്ക് ശ്രദ്ധയൂന്നി
mlm_03915_01846917202	അദ്ദേഹം താമസിയാതെ കൂടുതൽ സമയ രാഷ്ട്രീയ പ്രവർത്തനത്തിലെക്ക് ഇറങ്ങി
mlm_09171_01981461747	ആദ്യത്തെ ലെഫ്റ്റനന്റ് ഗവർണറായി ജോണിനെ നിയമിക്കാനും അദ്ദേഹം കൽക്കത്തിയിൽ കാനിങ്ങിനോട് നിർദ്ദേശിച്ചു
mlm_08777_00560590608	അലഹബാദിലേക്ക് മടങ്ങേണ്ടി വരുമെന്നായപ്പോൾ അതിർത്തിയിൽത്തന്നെ ഒരു നിയമനത്തിന് അദ്ദേഹം ശ്രമമാരംഭിച്ചു
mlm_02064_01045043949	അങ്ങനെ സുറിയാനി സഭയും മലങ്കര സഭയും തമ്മിലുള്ള ബന്ധം തുടങ്ങി എന്ന് കരുതപ്പെടുന്നു
mlm_05535_01084913804	ദേശാഭിമാനി എന്ന വാക്കിനാൽ താഴെപ്പറയുന്ന എന്തിനേയും വിവക്ഷിക്കാം
mlm_00572_02050642395	ഇങ്ങനെ പന്ത്രണ്ട് മാസം പന്ത്രണ്ട് ദിവസം
mlm_03993_01855507626	ആദിവാസികൾ ഒഴികെ ഇവിടെ താമസിക്കുന്നവർ ഇന്ത്യയിലെ വിവിധ ഭാഗങ്ങളില്‍ നിന്നും കുടിയേറിയവരാണ്‌
mlm_00572_00083820935	അതിനാൽ സംഭവചക്രവാളത്തിലെത്തുന്നതിന് തൊട്ടുമുമ്പ് വസ്തു അദൃശ്യമാകുന്നു
mlm_00572_00390070832	ആകാശഗംഗയുടെ നൂറിലൊന്നോളം വലിപ്പം മാത്രമുള്ള ഇവയിൽ നൂറുകോടിയോളം നക്ഷത്രങ്ങൾ മാത്രമേ കാണൂ
mlm_02064_01953634550	ഇപ്പോൾ ഞാൻ തിരുവനന്തപുരത്ത് ജോലി ചെയ്യുന്നു
mlm_08822_00168835204	മട്ടന്നൂർ ശങ്കരൻ കുട്ടി എന്നാണ് അദ്ദേഹം പരക്കെ അറിയപ്പെടുന്നത്
mlm_00950_01466763848	തിരുവനന്തപുരം ജില്ലയിലെ ഒരു ഗ്രാമമാണ് വേളി
mlm_03915_02096383494	അതിനു പത്തു ദിവസം മുൻപ് അത്തം നാളിൽ തന്നെ ആഘോഷങ്ങൾക്ക് ആരംഭമാകുന്നു
mlm_09125_01076815963	അതിനാൽ അവിടെ കണ്ട ഈ വർഗ്ഗക്കാരെ അവർ ഇന്ത്യക്കാർ എന്ന് വിളിച്ചു
mlm_09171_00561392712	ഈ പുതിയ കാർ അവളുടെതാണ്
mlm_03048_01698580223	ആ ലേഖനത്തിന്റെ സം‌വാദം താളില്‍ മതി
mlm_02367_02020479046	പത്താം വയസിൽ ശാസ്ത്രീയ സംഗീതം അഭ്യസിച്ചു തുടങ്ങി
mlm_03993_00532514694	അതിനാൽ യോഗ ധ്യാനം എന്നിവ ചികിത്സയായി നിർദ്ദേശിക്കപ്പെടുന്നു
mlm_09171_01579123346	ആലുവ ശിവരാത്രിയോളം തന്നെ പ്രശസ്തമാണ് അന്നമനട മഹാദേവ ക്ഷേത്രത്തിലെ ശിവരാത്രി
mlm_00572_01089473633	അക്കാലത്ത് അദ്ദേഹം ഒരു സ്പെല്ലിങ്ങ് ഉച്ചാരണ നിഘണ്ടു രചിച്ചു
mlm_02064_00051960635	ദയവായി ഈ സംവാദം താൾ കാണുക
mlm_00950_00130520995	മതപരമായ പക്ഷപാതം ഏതെങ്കിലും പ്രത്യേക മതത്തിന്റെ കാഴ്ചപ്പാടില്‍ മാത്രം കാര്യങ്ങള്‍ നോക്കുന്ന തരം പക്ഷപാതം
mlm_02501_01255495376	ജീ_letter പീ_letter എസ്_letter സിഗ്നൽ നഷ്ടമായി
mlm_03048_01548851720	അവയെക്കുറിച്ചറിയാന്‍ അശോകന്‍ നാനാര്‍ത്ഥങ്ങള്‍ എന്ന താള്‍ കാണുക
mlm_03048_00183560908	മലമുകളില്‍ ഒരു പഴയ ഡച്ച് കോട്ടയുടെ അവശിഷ്ടങ്ങള്‍ ഉണ്ട്
mlm_03993_02060083379	അന്തർസംസ്ഥാന സർവീസുകളും സെൻട്രൽ ബസ്‌ സ്റ്റാൻഡും ഇവിടെനിന്ന് ഒരു കിലോമീറ്റർ അകലെ തമ്പാനൂരിലാണ്‌
mlm_09171_01247193619	മധുര അമേരിക്കൻ കോളെജിൽ അദ്ധ്യാപകനായി അദ്ദേഹം തന്റെ ഔദ്യോഗിക ജീവിതം ആരംഭിച്ചു
mlm_03915_00765481417	അന്റാർട്ടിക് ഹിമപാളി എന്ന ഭീമൻ ഹിമക്കട്ടയാൽ അന്റാർട്ടിക്ക മൂടപ്പെട്ടിരിക്കുന്നു
mlm_07330_00575591113	അതേസമയം ആധുനിക ഭാരതത്തിൽ വൈവിധ്യമാർന്ന അനേകം കെട്ടിടങ്ങളുടെ ആവശ്യവുമുണ്ട്
mlm_03915_00736724259	ആൽക്കെമിസ്റ്റും വോൾപ്പോണും പെട്ടെന്നുതന്നെ വിജയമായി എന്നു തോന്നുന്നു
mlm_03993_02129176364	അണുബാധ മാത്രമല്ല മറ്റ് പല ഘടകങ്ങളും ശ്വാസകോശത്തിൽ വരുന്ന ഇത്തരം മാറ്റങ്ങൾക്ക് കാരണമാകാറുണ്ട്
mlm_04296_00115468659	അസുഖം ഉള്ള ആനകളുടെ നാവിന്റെ നിറം വ്യത്യാസപ്പെട്ടിരിക്കും
mlm_05535_00226942794	അതിനെ വെറും ഫുട്ബോൾ എന്നല്ല അമേരിക്കൻ ഫുട്ബോൾ എന്നാണ് വിളിക്കുന്നത് തന്നെ
mlm_09171_01708782648	പിന്നീട് മിനി സ്ക്രീനിലേക്ക് ചേക്കേറിയ ശ്രീവിദ്യ സീരിയൽ രംഗത്തും സജീവമായിരുന്നു
mlm_09125_00553456357	ആറുമുഖൻ ദളവയുടെ നേതൃത്വത്തിൽ മാർത്താണ്ഡവർമ്മയുടെ സൈന്യം യുദ്ധത്തിൽ ദേശിങ്ങനാടിനെ പരാജയപ്പെടുത്തി
mlm_09125_00159270914	തൃശ്ശൂർ എന്നാൽ ആ പട്ടണം ആണ് നമ്മൾ ഉദ്ദേശിക്കുന്നത്
mlm_09171_02077894606	അതിൽ നല്ലത് ഉണ്ട് എന്ന് തോന്നുന്നു
mlm_09125_00915922758	സേലം ജില്ലയുടെ ആസ്ഥാനം സേലം നഗരം
mlm_08822_00372164902	ആവശ്യമായ മെമ്മറി ഏറ്റവും കുറവ് അഞ്ഞൂറ്റി പന്ത്രണ്ട് എം ബി യാണ്
mlm_02745_01467389049	കേരള കാര്‍ഷിക സര്‍വ്വകലാശാല ഇവിടെയാണ് സ്ഥിതിചെയ്യുന്നത്
mlm_09171_01034549660	അവളുടെ സൗന്ദര്യത്തോട് അയാൾക്ക് ആരാധന തന്നെ ആയിരുന്നു
mlm_09171_00729408863	ഒരു കാര്യം ഞാൻ വ്യക്തമായി പറയാം
mlm_03048_01965640466	ആധുനിക ചരിത്രകാരന്മാരുടെ അഭിപ്രായപ്രകാരം മഹാഭാരതത്തിന്റെ കർത്താവ്‌ ഒരാളാകാൻ വഴിയില്ല
mlm_08777_00184632174	തമിഴ് തെലുങ്ക് ചിത്രങ്ങളിലെ ഒരു നടിയാണ് തൃഷ എന്നറിയപ്പെടുന്ന തൃഷ കൃഷ്ണൻ
mlm_03993_00841326058	അത് പോലെ യെമനി മന്തിയും ഒരു പ്രധാന ഭക്ഷണമാണ്
mlm_03048_00009477701	അദ്ദേഹത്തിന്റെ കാലത്താണ് അടിമകൾ സ്പാർട്ടക്കുസിന്റെ നേതൃത്വത്തിൽ സമരം ആരംഭിച്ചത്
mlm_03048_00722089906	ഗുജറാത്തി എന്ന വാക്കിനാല്‍ താഴെപ്പറയുന്ന എന്തിനേയും വിവക്ഷിക്കാം
mlm_02745_01256959184	പ്രതിരോധം എന്ന വാക്കാല്‍ വിവക്ഷിക്കാവുന്ന ഒന്നിലധികം കാര്യങ്ങളുണ്ട്
mlm_09171_01434769452	അന്റാർട്ടിക്കിൽനിന്നു വിട്ടുപോരുന്ന ഹിമാനികൾ കിഴക്കോട്ടും വടക്കോട്ടും നീങ്ങുന്നു
mlm_09125_01269309333	അസംസ്കൃത പദാർത്ഥങ്ങൾ വീടുകളിൽ തന്നെയുള്ള ചൂളകളിൽ ഇട്ടാണ് ഉരുക്കിയിരുന്നത്
mlm_04296_00446680375	ആംഗ്ലിക്കൻ സഭയിൽ ചെവിക്കുമ്പസാരത്തിന് വിവാദഭരിതമായ ചരിത്രമാണുള്ളത്
mlm_09171_01379978302	അതിനുശേഷമാണ് റോമാനഗരത്തിന്റെ നേതൃത്വത്തിൽ വിപുലമായ രാജ്യവിസ്തൃതി ഉണ്ടായത്
mlm_09171_00111164307	അതുകൊണ്ട് ഉത്തരവാദിത്തങ്ങൾ വിഭജിച്ച് പോകുമായിരുന്നില്ല
mlm_02367_01300662092	അവർക്കെതിരേ സംസാരിക്കുന്ന ഈ പുതിയ നേതാവിനെ അവർ ഇരുകൈയ്യും നീട്ടി സ്വീകരിച്ചു
mlm_09171_00733991686	കാത്തിരുന്നിട്ട് കാര്യമില്ല
mlm_00269_00274235544	മറ്റുള്ള അഭിപ്രായങ്ങൾ ഉണ്ടോ എന്ന് നോക്കാം
mlm_03993_01600890350	അമേരിക്കയുടെ ശത്രുരാജ്യമായ ഇറാനുമായി നയതന്ത്ര ബന്ധങ്ങൾ ആരംഭിച്ചു
mlm_05535_01070374058	മേൽ പറഞ്ഞത് ന്യായം സംസ്കൃതം എന്ന താളിൽ കൊടുക്കണം
mlm_09171_00319416132	അഹിംസ എന്നാൽ ഹിംസ ചെയ്യാതിരിക്കൽ എന്നാണ് സാധാരണ വിവക്ഷിക്കുന്നത്
mlm_00572_01176186065	ലേഖനത്തിൽ കൂടുതലും ആദിവാസികൾ എന്നാണ് ഉപയോഗിച്ചിരിക്കുന്നത്
mlm_03048_01431016604	അങ്ങനെ നേടിയ അനുഭവങ്ങളുടെ ചിത്രീകരണമാണ് ആദ്യം വെളിച്ചം കണ്ട ലേഖനമായ ദി സ്പൈക്ക് എന്നത്
mlm_08822_01565746157	അവകാശികളും ബന്ധുക്കളുമല്ലാത്തവർക്ക് ഭൂമി കൈമാറുന്നതിൽ നിയന്ത്രണം ഇതിലൂടെ ഏർപ്പെടുത്തി
mlm_02745_00572840192	അധികാരം പിൻഗാമിയായിരുന്ന സഹോദരൻ റൗൾ കാസ്ട്രോക്ക് കൈമാറി
mlm_02367_01453658790	അഹിംസയിലൂന്നിയ സത്യാഗ്രഹം എന്ന സമര സിദ്ധാന്തത്തിലൂടെ ലോകമെമ്പാടും ഗാന്ധി ശ്രദ്ധേയനായി
mlm_07330_00422969122	ആദ്യമായി രേഖപ്പെടുത്തപ്പെട്ട മായം ചേർക്കൽ യൂറോപ്പിലാണ് നടന്നത്
mlm_03915_00755612640	അതു എന്തു കൊണ്ട് ചെയ്തു എന്ന വിശദീകരണം ആണ്‌ ഇത്
mlm_07330_01553232382	അകാരണമായ ഈ പകയുടെ ആദ്യ രക്തസാക്ഷി ബൽബീർ സിംഗ് സോധി എന്ന ഇന്ത്യക്കാരനായിരുന്നു
mlm_09125_01419706789	അവരുടെ ദേശീയമ്യൂസിയത്തിൽ നിന്നും വിലപിടിപ്പുള്ള പല ചിത്രങ്ങളും ആരുമറിയാതെ വിറ്റ് പണമാക്കാൻ തുടങ്ങി
mlm_04296_00553774650	അന്റാർട്ടിക് ഹിമപാളി എന്ന ഭീമൻ ഹിമക്കട്ടയാൽ അന്റാർട്ടിക്ക മൂടപ്പെട്ടിരിക്കുന്നു
mlm_05535_00098162731	അവൾ ഒരു കടയിൽ നിന്ന് മറ്റൊന്നിലേക്ക് പോയി
mlm_02064_01118979595	എന്നാൽ ഇത് പ്രത്യേക അവസരങ്ങളിൽ മാത്രമാണ്
mlm_05535_00081254076	മലയാള പത്രങ്ങൾ ഒക്കെ വേറെ ഒരു പേരാണ് സാധാരണ പറയുക
mlm_03915_01642039168	അമ്മയാകട്ടെ തികഞ്ഞ ഈശ്വരവിശ്വാസിയായിരുന്നു
mlm_00572_01113022500	അത് കൊണ്ട് ഇത് ഒരു നല്ല നീക്കം തന്നെ
mlm_09171_01072343891	ലേഖനങ്ങൾ ഇനിയും നന്നാക്കാൻ ശ്രമിക്കാം ജസീം
mlm_08777_00276525989	അതേ സമയം ഇതേ രൂപഭാവം പ്രകടിപ്പിക്കുന്ന സിലിക്കേറ്റ് സംയുക്തങ്ങളുണ്ട്
mlm_00950_00262404008	അദ്ദേഹത്തിന്റെ ചില ചിത്രങ്ങളിൽ ഈ നിരീശ്വരവാദ കാഴ്ചപ്പാട് ഉൾക്കൊള്ളിച്ചിട്ടുണ്ട്.
mlm_08777_01468623497	അതിനു പകരം വയ്ക്കാൻ വേണ്ടിയുള്ളതായിരുന്നില്ല ഈ പുതിയ കുർബ്ബാന
mlm_08777_01166242107	അല്ലാതെ നമ്മൾ എഴുതുന്നത് കൊണ്ട് എന്തു പ്രയോജനം
mlm_08822_01419621207	പ്രത്യേകിച്ച് താങ്കൾക്ക് താങ്കളുടെ തിരുത്തലുകൾ ഒരുമിച്ച് കാണാൻ കഴിയും
mlm_02745_00568891216	ആകാശം ഇരുണ്ടിരുന്നു
mlm_08822_01428187801	അത്താഴ ശീവേലി കഴിഞ്ഞാലുടനെ താംബൂലനേദ്യം ആരംഭിക്കുകയായി
mlm_03048_01022489666	ആദിവാസികൾ ഒഴിച്ചാൽ ഇവിടെ താമസിക്കുന്നവർ ഇന്ത്യയിലെ വിവിധ ഭാഗങ്ങളില്‍ നിന്നും കുടിയേറിയവരാണ്‌
mlm_08777_01444265180	നീക്കം ചെയ്യരുത് എന്നതാണ് എന്റെ അഭിപ്രായം
mlm_04296_01312836736	അങ്ങനെ പകരക്കാരൻ കളത്തിലിറങ്ങിയാൽ ഏതു താരത്തിനും പ്രസ്തുത മത്സരത്തിൽ പിന്നീടു കളിക്കാനാകില്ല
mlm_02367_01565070865	അത്ര വ്യാപകമായി ഇല്ല എന്നാണ് ഉദ്ദേശിച്ചത്
mlm_08822_00122554131	ഗോവിന്ദൻ നായർ ആണ് ഈ പദ്ധതി കൊണ്ടുവന്നത്
mlm_03048_01696497078	വിക്കിയില്‍ ആയുധങ്ങള്‍ സ്ഥലങ്ങള്‍ ഹൈന്ദവ ലേഖനങ്ങള്‍ എന്നിവ തര്‍ജ്ജമ ചെയ്യുന്നു
mlm_02501_01488258908	വലത് തിരിയുക
mlm_08822_00327037198	അവയെക്കുറിച്ചറിയാൻ ക്ഷേത്രം നാനാർത്ഥങ്ങൾ എന്ന താൾ കാണുക
mlm_00572_01478552117	നിരാശനാകാതെ ദാസ് പരിശ്രമിച്ചുകൊണ്ടേയിരുന്നു
mlm_04296_01761486481	അദ്ദേഹത്തിന്റെ മാതൃഭാഷ അറബി ആയിരുന്നു
mlm_05535_01078664030	അറബ് മേഖലയിലെ അമ്പത് സമ്പന്നരിൽ ഇരുപത്തിമൂന്നു പേരും സൗദി സ്വദേശികളാണ്
mlm_02501_01450865859	വഴിയിലേക്ക് ചെറുതായി ഇടത് തിരിയുക
mlm_02064_00102609247	ഫുട്ബോൾ കളി ഒരുപാട് തരത്തിൽ ഉണ്ട്
mlm_07330_00943878147	ആറ് ആഴ്ചയ്ക്കും ഏഴ് ആഴ്ചയ്ക്കും ഇടയിൽ പൂച്ച ഇവരെ മുലയൂട്ടുന്നത് നിർത്തും
mlm_03915_00557823092	യു_letter എ_letter ഇ_letter യില്‍ തൊഴില്‍ മന്ത്രാലയത്തിന്റെ സേവനങ്ങള്‍ സ്മാര്‍ട്ട് ഫോണ്‍ വഴിയാക്കി
mlm_05535_00096572407	അവർക്കു തന്നെ ഭൂമി വിട്ടുകൊടുത്തു തിരിച്ചു വന്നു
mlm_02745_00594572111	ഒന്നുകില്‍ സുനില്‍ പറഞ്ഞതുപോലെ തെളിവു നല്‍കിയാല്‍ മാത്രം മതിയാവും
mlm_06515_00221700592	അങ്കമാലി രേഖകൾ എന്ന പുസ്തകത്തിൽ നിന്നാണ് ആ വാചകം
mlm_00950_00833421659	അവയെക്കുറിച്ചറിയാന്‍ അക്ബര്‍ നാനാര്‍ത്ഥങ്ങള്‍ എന്ന താള്‍ കാണുക
mlm_02501_00668154268	നുറ് യാർഡിൽ
mlm_00950_01698870752	അവർ വേർ തിരിഞ്ഞാണ് ഈ സഭയിൽ വോട്ടു ചെയ്തിരുന്നത്.
mlm_00950_01480350188	നേരത്തേ ഉപയോഗിച്ചിരുന്നു അത് ഇപ്പോഴും സാധിക്കുന്നു
mlm_00572_00012377690	അതിൽ നിന്ന് വരുമാനം വർദ്ധിച്ചു തുടങ്ങി
mlm_02501_01038120461	നിങ്ങൾ എത്തിച്ചേർന്നു.
mlm_00950_00463955533	ആക്രമണം നടക്കുമ്പോൾ ബ്ലെയ്ക്ക് പുരുഷാരത്തിന്റെ മുൻനിരയിലായിരുന്നെന്ന് പറയപ്പെടുന്നു.
mlm_00950_01804216580	അവയെക്കുറിച്ചറിയാന്‍ ഉപവാസം നാനാര്‍ത്ഥങ്ങള്‍ എന്ന താള്‍ കാണുക
mlm_02745_00812847549	ആഫ്രിക്കൻ ആനകളെ ഇപ്പോൾ സഫാരികൾക്ക് ഉപയോഗിക്കാറുണ്ട്
mlm_05535_01786756043	അത് നമ്മുടെ നിഷ്ക്രിയത കുറച്ച് നമ്മെ സക്രിയരാക്കുന്നു
mlm_00950_01261320842	അവിടെ അദ്ദേഹം രാജാവിന്റെ സ്കോളർഷിപ്പ് വാങ്ങിയാണ് പഠിച്ചത്.
mlm_00572_02005961399	അതുകൊണ്ട് വ്യാസൻ എന്നത് ഒരു വംശനാമമോ ഗുരുകുലമോ ആകാനാണ് സാധ്യത
mlm_04296_01995047292	അങ്ങനെയാണ് ഈ പ്രദേശത്തിന് കോടിശ്ശേരി എന്ന പേര് വന്നത്
mlm_00572_01262222684	നെല്ല് എന്ന താൾ ഈ ലേഖനവുമായി ലയിപ്പിക്കുന്നതിന് ശുപാർശ ചെയ്തിരിക്കുന്നു
mlm_00572_02137615504	അരങ്ങേറ്റത്തിനു ശേഷം ഏതാണ്ട് അഞ്ചു ചിത്രങ്ങളിൽകൂടി കമലഹാസൻ ബാലതാരമായി അഭിനയം തുടർന്നു
mlm_03915_01601843420	അവരെ അനുകരിച്ചു പിന്നീട് അറബികൾ യഥ്‌രിബിൽ പതിമൂന്നു കോട്ടകൾ കൂടി നിർമ്മിച്ചു
mlm_03915_00477896302	അത്തവണ മൃദംഗവായനയിൽ ഒന്നാം സ്ഥാനത്തെത്തിയ ആളാണ് പിൽക്കാലത്ത് പ്രശസ്ത പിന്നണി ഗായകനായ പി_letter ജയചന്ദ്രൻ
mlm_09171_00766356969	ഇടുക്കി ജില്ലയുടെ ഭാഗമായ ഒരു ചെറിയ പട്ടണമാണ് മൂന്നാർ
mlm_02501_01996300484	വലതുവശത്തുള്ള ഇന്റർചെയ്ഞ്ച് എടുക്കുക
mlm_03915_00645621459	ആദം അവളെ അതിൽ നിന്നു വിളിച്ചു മാറ്റിയതിനു ശേഷവും അവൾ ആ നിഴലിലേയ്ക്ക് തിരികേ പോകുന്നുണ്ട്
mlm_03915_01975322316	മുഗള്‍ സാമ്രാജ്യത്തിന്റെ ഭാഗമായിരുന്ന ഹൈദരാബാദ് സ്വാതന്ത്ര്യം പ്രാപിച്ചു
mlm_09125_00786987776	അത് നന്മപ്രവർത്തികളിലൂടെ നേടാവുന്നതല്ല
mlm_09171_01206424017	അടുത്ത ദിവസം ബൊളീവിയൻ മേധാവികളുടെ ചോദ്യങ്ങൾക്കു മറുപടി പറയാൻ ചെ തയ്യാറായില്ല
mlm_09125_00748749485	അവർ പേരക്കുട്ടികൾക്ക് രണ്ടു രക്ഷകർത്താക്കളെ നിയമിച്ചു
mlm_08777_01376279927	അതിനു വേണ്ടി നീക്കം ചെയ്യുന്ന ഭാഗങ്ങൾ ഇവിടെ ചേർക്കുന്നു
mlm_00950_00817019504	അവസാന വാക്ക് ആരോ അവര്‍ ആണ് നമ്പൂതിരി
mlm_06515_01710086323	അതുകൊണ്ട് അവയ്ക്ക് ലാറ്റിൻ അക്ഷരങ്ങൾക്കപ്പുറത്തേയ്ക്ക് പോകാൻ കഴിയില്ലായിരുന്നു
mlm_02064_00948745088	അമിതഭക്തി കൊണ്ടും മറ്റും തിക്കും തിരക്കും നിയന്ത്രിക്കൽ നിയന്ത്രണാതീതമാവാറുണ്ട്
mlm_09171_00274840463	വിമാനം എന്ന വാക്കാൽ വിവക്ഷിക്കാവുന്ന ഒന്നിലധികം കാര്യങ്ങളുണ്ട്
mlm_03915_01192964876	അച്ചടിയുടെ ബാലപാഠങ്ങൾ അദ്ദേഹം പുസ്തകങ്ങളിൽ നിന്ന് വായിച്ച്‌ മനസ്സിലാക്കിയിരുന്നു
mlm_02367_01914322648	അതിനാൽ ഇന്റർഫെറൊമീറ്റർ ടെലസ്കോപ്പുകളാണ് ഇതിനായി സാധാരണ ഉപയോഗിക്കാറ്
mlm_03048_01577481666	അദ്ദേഹത്തിന്റെ സ്വാധീനം അസാമാന്യമായിരുന്നു
mlm_09171_00385042616	അവരുടെ സഹകരണം എപ്പോഴും സമാധാനപരമായിരുന്നില്ല
mlm_03915_01277955710	അതുവരെ അവതരിപ്പിച്ച നൃത്തങ്ങൾ ഈശ്വര സാക്ഷാത്കാരത്തിന് വേണ്ടിയാണെന്നാണ് വിശ്വസിക്കുന്നത്
mlm_08777_01449683559	അവർ വിപണിക്കനുസൃതമായ പുതിയ നയങ്ങൾ നടപ്പിൽ വരുത്തി
mlm_07330_01838837402	പ്രബോധനം എന്ന വാക്കിനാൽ താഴെപ്പറയുന്ന എന്തിനേയും വിവക്ഷിക്കാം
mlm_02367_00582463625	അന്റാർട്ടിക്കയുടെ ചുറ്റുമുള്ള സമുദ്രത്തെ ദക്ഷിണസമുദ്രം എന്നാണിന്ന് പൊതുവേ വിളിക്കുന്നത്
mlm_09171_01363317819	എല്ലായിടത്തും ഈ രീതി തന്നെ കാണുന്നു
mlm_03915_00101020546	അനുവദനീയമായതെല്ലാം അഭികാമ്യമല്ല എന്ന് പൗലോസ് വാദിച്ചു
mlm_08822_01051331117	അദ്ദേഹത്തിന്റെ കൂടുതൽ പ്രസിദ്ധമായ തൂലികാനാമം പരാമർശിച്ചതേയില്ല
mlm_09171_01804169174	ഞാൻ ടെന്നിസ് കളിക്കാൻ പോവുകയാണ്
mlm_02745_00431324435	ഓക്സിജന്‍ വളരെ ചെറിയ അളവില്‍ ജലത്തില്‍ ലയിക്കുന്നു
mlm_08777_00633001078	അക്കാദമിയിൽചേർന്നത് പ്രഫഷണൽ ബേസ്ബാൾ കളിക്കാരനാകാൻ ആഗ്രഹിച്ച ഒരു നാട്ടുമ്പുറത്തുകാരനായിരുന്നു
mlm_03048_00914363260	അതിനു ശേഷം അതിനെ മെരുക്കിയെടുക്കുന്നു
mlm_00950_02083597805	അങ്ങനെ പല പാളികളായി പല ഇന്ധനങ്ങളും എരിഞ്ഞുതീരുന്നു.
mlm_06515_01077959089	കാനഡ മെക്സിക്കോ എന്നിവയാണ് അമേരിക്കയുടെ അയൽ രാജ്യങ്ങൾ
mlm_07330_01763278323	അമേരിക്കൻ ആഭ്യന്തരയുദ്ധകാലത്ത് ജനറൽ ജോൺ ബാങ്ക്ഹെഡ് മാഗ്രൂഡറുടെ ആസ്ഥാനമായിരുന്നു ഹ്യൂസ്റ്റൺ
mlm_00572_00094272976	വെള്ളവും പാലും അരിയുംപഞ്ചസാരയും മാത്രമാണ് ഇതിന്റെ ചേരുവകൾ
mlm_08777_01911970679	പുതിയ മാറ്റങ്ങൾ ശ്രദ്ധിക്കുക മറ്റുള്ളവരുടെ പ്രവർത്തനങ്ങൾ മനസിലാക്കാൻ സാധിക്കും
mlm_09171_01229255781	താങ്കൾ വിവർത്തനം ചെയ്യുന്ന പദങ്ങൾ ഇവിടെ അല്ലെങ്കിൽ ഇവിടെ എഴുതാം
mlm_03915_00294154142	ആഗോള ശരാശരിയിൽ നിന്നും ഏറെ താഴെയും
mlm_03048_00072283101	ഞാൻ യുദ്ധത്തിനെതിരെയാണ്
mlm_03048_02047179186	എന്തെങ്കിലും തെറ്റുകള്‍ കണ്ടാല്‍ ദയവായി പറയുക
mlm_09125_00854986611	അതിനു മുൻപ് ഇടുക്കി ജില്ല ആയിരുന്നു കേരളത്തിലെ ഏറ്റവും വലിയ ജില്ല
mlm_09125_01341599555	അതിൽ പറയുന്ന പ്രകാരം അത് പണിയുന്നതിനു മുൻപ് ഷാജഹാനെ തന്റെ മകനായ ഔറംഗസേബ് തടവിലാക്കി എന്നാണ്
mlm_06515_00028117709	അതായിരുന്നു അദ്ദേഹത്തിന്റെ അനൗപചാരികനാമം
mlm_09171_00347273001	ഇന്ന് അതിന്റെ സ്ഥാനത്ത് സാധാരണ നിറങ്ങൾ ഉപയോഗിക്കുന്നു
mlm_02745_00210779785	അന്യായമായി കണക്കിലധികം ഭൂമി കൈവശം വെച്ചിരിക്കുന്ന പ്രഭുക്കന്മാരെ മാവോ ഉന്മൂലനം ചെയ്തു
mlm_08777_02119887423	ഇവിടെ ഉള്ള ഫലകങ്ങൾ ഇറക്കുമതി ചെയ്യണം എന്നു തോന്നുന്നില്ല
mlm_03915_01388107444	അതിനാല്‍ ഇക്കാര്യത്തില്‍ വ്യക്തമായ ഒരു നയം ആവശ്യമാണ്
mlm_07330_01658878085	അറ്റ്‌ലാന്റിക് അഭിസരണം അതിന് നല്ല ഒരു ഉദാഹരണമാണ്
mlm_08822_00373128861	കാസർഗോഡ് ജില്ലയിലെ ഒരു മലയോര ഗ്രാമം
mlm_00572_00765457254	അവസാനമായപ്പോഴേക്കും കൂലിപ്പട്ടാളം പകുതിയും പിൻവാങ്ങിയിരുന്നു
mlm_02501_00571605493	രണ്ട്‌ മൈലിൽ
mlm_08822_00956668624	അയൽരാജ്യങ്ങളിൽ നിന്നുമുണ്ടായേക്കാവുന്ന സൈനികനീക്കങ്ങളെ ചെറുക്കുക എന്നതായിരുന്നു പ്രധാന ലക്ഷ്യം
mlm_00950_01965381159	അവിടെ ആറേഴു മാസക്കാലം അവർ ചർച്ചകളിലും ആത്മീയസല്ലാപങ്ങളിലും മുഴുകി വിശ്രമജീവിതം നയിച്ചു.
mlm_03048_00585591684	മധു അഭിനയിച്ച ചലച്ചിത്രം ആണ് ഹൃദയം ഒരു ക്ഷേത്രം
mlm_05535_01323415950	അതോടെ നാട്ടുകാർ ദാസപ്പൻ എന്ന ഓമനപ്പേരിൽ ആ ബാലനെ ലാളിച്ചു തുടങ്ങി
mlm_07330_01845735492	ഇങ്ങനെ ഒരു താളിന്റെ ആവശ്യം പ്രത്യേകമായി ഇല്ല എന്നു തോന്നുന്നു
mlm_02064_01007217934	എഴുതിയ ആൾ തന്നെ ചേർക്കണം എന്നില്ല
mlm_03993_01341939296	അതിനെ അദ്ദേഹം തന്റെ രണ്ടു സഹോദരിമാർക്കും ഒരു സഹോദരനുമായി വിഭജിച്ചു
mlm_08777_00888151004	അതേ സമയം ഇന്ദിരാഗാന്ധി തുടക്കം മുതലേ ഈ പട്ടികയിലുണ്ട്
mlm_00572_00750665104	അവിടെനിന്നും സിന്ധുവിലൂടെ ബോട്ടിൽ ലാഹോറിലേക്കും എത്തി
mlm_09171_01368371144	തെറ്റ് കണ്ടു പിടിക്കാൻ തന്നെയാണ് താങ്കൾ വരുന്നത് എന്നാണോ എന്നാണ് എന്റെ ചോദ്യം
mlm_00572_01577995132	അമേരിക്കയും ക്യൂബയും തമ്മിലുള്ള ബന്ധം നാൾക്കുനാൾ മോശമായി വന്നു
mlm_03915_01849156834	അതികഠിനമായ പേശി വേദന കാരണം തന്നെ ഒന്ന് മുടി ചീകാനോ മുഖം വടിക്കാനൊ അദ്ദേഹത്തിനായില്ല
mlm_08822_00549331895	അങ്ങനെ ഇന്ത്യയിൽ മുഗൾവംശത്തിനു തുടക്കമിട്ടു
mlm_09171_00030848796	അദ്ദേഹത്തിന്റെ പുസ്തകങ്ങൾക്ക് വില്പന മിക്കവാറും ഇല്ലെന്നായി
mlm_00572_01711585882	അർശസിന്റെ വീർത്ത കുരുക്കൾ മൂലം എനിക്കു നടക്കാനോ നിൽക്കാനോ ഇരിക്കാനോ വയ്യ
mlm_02745_00658631039	അതിൽ പലതും ഇന്നും പ്രവർത്തനനിരതമാണ്
mlm_09171_00358633512	വേദങ്ങൾ ഉള്ള കാലത്ത് ഹിന്ദു മതം ഉണ്ടായി എന്ന് പറയാൻ സാധക്കുകയില്ല
mlm_00572_00475702839	കുട്ടിക്കാലം മുതൽക്കേ ശോഭന ഭരതനാട്യം അഭ്യസിച്ചു
mlm_00950_01496153779	അറിവിന്റെ പിന്നിലുള്ള പ്രക്രിയ, വിശ്വാസത്തിൽ അധിഷ്ഠിതമാണെന്ന് അദ്ദേഹം കരുതി.
mlm_00572_01442335725	ഇപ്പോൾ ഒരു മലയാള പത്രത്തിൽ ജോലി ചെയ്യുന്നു
mlm_07330_02091410865	അത്തരത്തിൽ ശേഷി കുറഞ്ഞ സൂര്യന് ഭൗമോപരിതലത്തിൽ ജലത്തെ ദ്രാവക രൂപത്തിൽ നിലനിർത്താനാവുകയില്ല
mlm_05535_01396678092	പിന്നീടുള്ള വർഷങ്ങളിൽ കേരളത്തിലെ ബ്രിട്ടീഷ് സ്വാധീനം വർദ്ധിച്ചു
mlm_02064_01105499675	അതിനുശേഷം കമലഹാസൻ അഭിനേത്രി ആയിരുന്ന സരികയെ വിവാഹം ചെയ്തു
mlm_09125_01008458840	അതെ സാമ്പാർ എന്നു തന്നെയാണ് ശരിയായ ഉപയോഗം
mlm_00950_00860833567	അവിടെ ഗ്രോവിന്റെ ദുർഭരണത്തിനെതിരേ നടക്കുന്ന പ്രക്ഷോഭങ്ങളിൽ സജീവ സാന്നിദ്ധ്യമായി.
mlm_02745_00387103637	ആഗോളതലത്തിൽ ദരിദ്ര രാജ്യങ്ങൾക്കായി ബദൽ സാമ്പത്തിക പരിഷ്കരണ നിർദ്ദേശങ്ങൾ നൽകിയും ചാവെസ് ശ്രദ്ധ നേടി
mlm_00269_01407973649	ഇപ്പോഴത്തേക്ക് അതു മതിയാകും
mlm_08822_00258669000	യൂറോപ്പിലെ ചില ഭാഗങ്ങളിലും കൃഷി ചെയ്യുന്ന ഒരു സസ്യമാണ് കറുപ്പ്
mlm_09171_01580463218	ഒരു സാംസ്കാരിക കേന്ദ്രമാണ് ഈ ഗ്രാമം
mlm_02367_02116238744	അദ്ദേഹത്തിന്റെ പ്രവചനഗ്രന്ഥങ്ങളിലാണ് അത് മുഖ്യമായും കാണപ്പെടുന്നത്
mlm_00269_01886494929	ഇപ്പോഴുള്ള രൂപം വായിച്ചാൽ അങ്ങനെ തോന്നും
mlm_07330_00672443697	അതിൻ കടത്തനാട്ടുകാർക്കാണ് അവകാശം
mlm_06515_00614113032	ഇപ്പോൾ റബ്ബർ കൂടുതലായി കൃഷി ചെയ്യുന്നു
mlm_00950_01504649385	അതിൽ ഒരുഭാഗം മാത്രം അടുത്ത സുഹൃത്തുക്കൾക്കിടയിൽ വിതരണം ചെയ്യുകയാണുണ്ടായത്.
mlm_09125_01282630245	അത് മാറ്റി കേരള എന്ന് തലക്കെട്ട് നൽകണം
mlm_03915_01314820893	അല്ലാഹു എന്നതിന്റെ അറബി പദം ദൈവം എന്നു തന്നെയാണ്
mlm_02501_01847198991	നൂറ് മീറ്ററിൽ
mlm_02367_01443644999	അതേത്തുടർന്ന് ജോൺസൺ കത്തോലിക്കാസഭയിലെക്ക് പരിവർത്തിതനായി
mlm_07330_00357941437	ഇന്ത്യൻ സംസ്ഥാനമായ തമിഴ്നാട്ടിലെ ഒരു പട്ടണമാണ് കന്യാകുമാരി
mlm_04296_01629403686	ആദത്തിന്റെ പക്കലേയ്ക്കു പോകാൻ ദൈവം നിർദ്ദേശിച്ചതിനു ശേഷമാണ്‌ അവൾ തന്റെ നിഴലിനെ വിട്ടുപോയത്
mlm_08777_01184161558	അതിനു ശേഷം ആദത്തെ അത്ഭുതപ്പെടുത്തിക്കൊണ്ട് ഒരു തരം സ്വാതന്ത്രവാച്ഛ അവളിൽ പ്രകടമായി
mlm_00950_01894819679	അഞ്ചു വർഷത്തിൽ ഒരിക്കൽ മാത്രമാണ് ഹജ്ജ് അനുമതി പത്രം ലഭിക്കുക.
mlm_04296_01089500349	ആഗോള ശരാശരിയിൽ നിന്നും ഏറെ താഴെയും
mlm_00269_00304193811	പരിസ്ഥിതി പ്രശ്നങ്ങൾ ഇവിടെ ഇതുവരെ ഇല്ല
mlm_03048_01088194985	അച്ഛനും ഫിദലുമായി ഊഷ്മളമായ ഒരു പിതൃ പുത്രബന്ധം ഉണ്ടായിരുന്നില്ല
mlm_03993_02131005298	ആഫ്രിക്കൻ സവാന ആനകൾക്ക് പിൻ‌കാലുകളിൽ മൂന്നു വീതവും മുൻ‌കാലുകളിൽ നാലു വീതവും നഖങ്ങൾ ഉണ്ടാകും
mlm_02064_00356622903	അതിനെക്കുറിച്ചറിയാൻ ഗുജറാത്തി നാനാർത്ഥങ്ങൾ എന്ന താൾ കാണുക
mlm_02367_00501341314	അമേരിക്കയിൽ താമസിക്കുന്ന ഇന്ത്യക്കാർ ഇത്തരം പ്രചരണങ്ങളിൽ പ്രതിഷേധിക്കുകയും ചെയ്തു
mlm_05535_00222460593	അവരുടെ സൗഹൃദത്തെക്കുറിച്ചുള്ള കഥകൾ ശരിയാണോ എന്ന് നിശ്ചയിക്കാനുള്ള വിവരങ്ങൾ നമുക്കിന്നില്ല
mlm_02367_01491815352	അന്തരീക്ഷത്തിലെ വാതകമാലിന്യങ്ങൾ വർദ്ധിക്കുമ്പോൾ ആസ്മ മൂർച്ഛിക്കുന്നതും സാധാരണയാണ്
mlm_03993_00384033427	അടുത്ത കാലത്തായി ഈ സിദ്ധാന്തമാണ് കൂടുതൽ വിശ്വസനീയമായി കരുതിപ്പോരുന്നത്‌
mlm_05535_00142261570	ആദ്യത്തെ പ്രശ്നത്തിന്റെ കാതൽ സീനിയോരിറ്റി അനുസരിച്ചുള്ള സ്ഥാനക്കയറ്റമായിരുന്നു
mlm_09125_00483608117	അതിനു ശേഷം മദീനയിലേക്കുള്ള മീഖാത്ത് ആയ അബിയാർ അലിയിൽ പുതിയൊരു റെയിൽവേ സ്റ്റേഷൻ നിർമ്മിക്കും
mlm_07330_01525654202	അവർ ഹുമയൂണിന്റെ രാജധാനിയായിരുന്ന ദിൻപയിൽ ഹുമയൂണിന്റെ ശവകുടീരം പണിയിച്ചു
mlm_03048_00423799926	ചുരുക്കത്തില്‍ ഇന്റര്‍നെറ്റില്‍ നിന്ന് അടിച്ചു മാറ്റി അപ്‌ലോഡ് ചെയ്യരുത്
mlm_05535_00824512215	ഇതിന് ഒരു പരിഹാരം തന്നെ പറ്റൂ
mlm_02745_01751361964	ഒന്നുകില്‍ സത്യവേദപുസ്തകം എന്നു പറയും അല്ലെങ്കില്‍ ബൈബിള്‍ എന്നു തന്നെ പറയും
mlm_06515_00210953603	അതോടെ പ്രസിഡന്റ് സ്ഥാനത്തേക്ക് ഒരാൾക്ക് എത്രതവണ വേണമെങ്കിലും മത്സരിക്കാം എന്ന നിയമം നടപ്പിലായി
mlm_08822_00120368741	മറാഠി എന്ന വാക്കാൽ വിവക്ഷിക്കാവുന്ന ഒന്നിലധികം കാര്യങ്ങളുണ്ട്
mlm_00269_02126536193	ആയിരത്തോളം കിലോമീറ്റർ നീളത്തിൽ മരുഭൂമി നീണ്ടു കിടക്കുന്നു
mlm_08777_01273827232	അപ്പോൾ മെസ്സിയുടെ പ്രായം പതിനേഴ് വർഷവും പത്ത് മാസവും ഏഴ് ദിവസവുമായിരുന്നു
mlm_02745_00947290619	അതിനാൽ ഈ വിഭാഗം തൊഴിലാളികളുടെ കേസുകളും തർക്കങ്ങളും സൗദി ലേബർ ഓഫീസുകളുടെ പരിധിയിൽ ഉൾപ്പെടില്ല
mlm_02367_01258734095	ഇതിന് കേരള സാഹിത്യ അക്കാദമിയുടെ അവാർഡ് ലഭിച്ചു
mlm_03993_00005883083	ഇതേ പേരിലുള്ള വാദ്യോപകരണത്തെക്കുറിച്ചറിയാൻ ദയവായി നെയ് കാണുക
mlm_08822_01297943779	അതിനുശേഷമാണ് കുടീരത്തിന്റെ പണി തുടങ്ങിയത്
mlm_09125_00756606949	ആർ വി ഹാറ്റ്ഫീൽഡ് എന്ന നിർമ്മാണ വിദഗ്ദ്ധനാണിത് നിർമ്മിച്ചത്
mlm_03048_01710756381	സെന്റ് ജോര്‍ജ്ജ് ഫോര്‍ട്ട് എന്നായിരുന്നു അതിന്റെ പേര്
mlm_00572_01591979901	അതുകൊണ്ട് മാതാവിന് പുത്രന്മാരെ സൃഷ്ടിക്കാൻ കഴിയും
mlm_02501_00194295809	കവലയിൽ നാലാമത്തെ എക്സിറ്റ് എടുക്കുക
mlm_03915_01604369743	ആൻഡമാൻ എന്നും നിക്കോബാർ എന്നുമുള്ള രണ്ടു ദ്വീപുസമൂഹങ്ങളാണ് ഇവിടെയുള്ളത്
mlm_08822_00277932552	ഞാൻ ആ കത്ത് എഴുതാം എന്ന് സമ്മതിച്ചു
mlm_02064_00519957413	രണ്ട് ഔദ്യോഗിക നാമങ്ങൾ സ്വീകരിച്ച ആദ്യ പാപ്പ
mlm_08822_02007574680	അശോകന്റെ കാലശേഷം മുന്നൂറ് വർഷങ്ങൾക്ക് ശേഷം ബുദ്ധമതം രണ്ടായി പിരിഞ്ഞു
mlm_02745_00228903664	ജോഡി എന്ന ചിത്രത്തിൽ ഒരു കാമിയോ വേഷത്തിലാണ് തൃഷ ആദ്യമായി അഭിനയിച്ചത്
mlm_02064_00884663045	അദ്ദേഹം നിരവധി യാത്രകൾ ലാറ്റിൻ അമേരിക്കയിലൂടെ നടത്തി
mlm_00269_00635854531	പഴയ തിരുവിതാംകൂർ രാജ്യത്തിന്റെ ഭാഗമായിരുന്നു കോട്ടയം ജില്ലയുടെ ഭാഗങ്ങൾ
mlm_09125_01543050996	ആദ്യ രണ്ടെണ്ണം ബോളറൂടെ പിഴവിനേക്കാൾ ബാറ്റ്സ്മാന്റെ ഭാഗ്യംകൊണ്ടു നേടുന്ന റണ്ണുകളാണ്
mlm_00950_01670160580	അതേ ആകൃതിയിൽ തന്നെ വിസ്താരമുള്ള തറയുണ്ടക്കി അതിനു മുകളിലാണ് ക്ഷേത്രം സ്ഥാപിച്ചിട്ടുള്ളത്.
mlm_02064_01475857298	അതുവരെ സുറിയാനി പള്ളികളിൽ മലയാളത്തിൽ വൈദികർ പ്രസംഗിച്ചിരുന്നില്ല
mlm_05535_01215191782	അത് ആധികാരിക സൈറ്റ് ആണെങ്കിലും അതിൽ തെറ്റുകൾ ഉണ്ട്
mlm_08822_00735363549	അക്കാലത്ത് അത് ശില്പവിദ്യയുടെ എല്ലാ സാധ്യതകളുടേയും ശക്തിയുടേയും പ്രകടനം എന്ന് വിലയിരുത്തപ്പെട്ടു
mlm_00572_01614927752	ക്ഷേത്രം എന്ന വാക്കിനാൽ താഴെപ്പറയുന്ന എന്തിനേയും വിവക്ഷിക്കാം
mlm_08822_00446283695	ആഖ്യാനഗാത്രത്തിലെ പ്രധാനഘടകം വൈദികസ്വഭാവങ്ങളുള്ള പ്രാചീനകഥകളാണ്
mlm_00572_00055299735	കൂലി എന്ന വാക്കാൽ വിവക്ഷിക്കാവുന്ന ഒന്നിലധികം കാര്യങ്ങളുണ്ട്
mlm_07330_00792371204	അടിച്ച പന്ത് അതിർത്തിവര കടന്നാൽ വിക്കറ്റിനിടയിലെ ഓട്ടത്തിന്റെ ആവശ്യമില്ല
mlm_09125_01025051544	ഇനിയും ഒരു ലിങ്ക് താഴെ കൊടുത്തിട്ടുണ്ട്
mlm_06515_00295386119	വയലാർ എന്ന വാക്കാൽ വിവക്ഷിക്കാവുന്ന ഒന്നിലധികം കാര്യങ്ങളുണ്ട്
mlm_09171_00339021937	അതിനാൽ ആയിരത്തിതൊള്ളായിരത്തി മുപ്പത്തിനാലിലെ ആഷസ് പരമ്പരയിൽ ബോബ് വൈറ്റ് ആയിരുന്നു ഇംഗ്ലണ്ട് നായകൻ
mlm_09171_01815573703	മധു എന്ന വാക്കാൽ വിവക്ഷിക്കാവുന്ന ഒന്നിലധികം കാര്യങ്ങളുണ്ട്
mlm_00572_01365126411	ഇത് അദ്ദേഹത്തിന് ഏറെ പ്രശസ്തി നേടിക്കൊടുത്തു
mlm_05535_00396682583	അതുകൊണ്ട് ബാക്കിയുള്ളവരെ സാധാരണജീവിതം നയിക്കാൻ വിടണമെന്ന് ജോൺ അഭിപ്രായപ്പെട്ടു
mlm_03915_01483527766	ഈ ക്ഷേത്രത്തിലെ നവരാത്രി ഉത്സവം പ്രശസ്തമാണ്
mlm_00269_00176348537	അത് അവരുടെ പ്രേമവുമായി ബന്ധപ്പെട്ടാണ് അറിയപ്പെടുന്നതു തന്നെ
mlm_03048_02008482134	അതിനു പ്രധാനകാരണം തന്റെ വിടവാങ്ങൽ കത്ത് ഫിഡൽ പൊതുജനങ്ങളെ കാണിച്ചു എന്നതായിരുന്നു
mlm_09171_01211565783	എങ്കിലും അവരുടെ പേരുകൾ കൂടെ നിർദ്ദേശിക്കുന്നു
mlm_02501_01203212778	നിങ്ങളുടെ ലക്ഷ്യസ്ഥാനം വലതുവശത്തായിരിക്കും.
mlm_07330_00417067433	നമ്മൾ തമ്മിൽ സ്വകാര്യ ചർച്ച ഇക്കാര്യത്തിൽ വേണ്ട
mlm_05535_02043236581	ഓട് എന്ന വാക്കാൽ വിവക്ഷിക്കാവുന്ന ഒന്നിലധികം കാര്യങ്ങളുണ്ട്
mlm_05535_02048403836	അവളെ വളർത്തിയത് വെറും സാധാരണക്കാരനായ കാവേര മുനിയാണ്
mlm_00950_01049447270	അവർ ഉറുഷ്യയുടെ രാജി ആവശ്യപ്പെട്ടു.
mlm_07330_00653004935	ജഗതി തിരുവനന്തപുരം ജില്ലയിലെ ഒരു പ്രദേശം
mlm_03048_00748853076	അതിനെ ഉയർത്തി സ്ഥാപിക്കുവാൻ പിന്നെയും ഇരുപത്തിയേഴ് ദിവസം വേണ്ടിവന്നു
mlm_00950_00387463844	ആ വേനൽക്കാലത്ത് അദ്ദേഹം സന്തോഷവാനായിരുന്നു.
mlm_09171_01127803659	എന്നാൽ ഇതിന് ശക്തമായ തെളിവുകൾ ഇല്ല
mlm_06515_00544873077	ഞാൻ കുറച്ച് മലയാള കവിതകൾ എഴുതിയിട്ടുണ്ട്
mlm_07330_00651141706	ആമുഖം വായിച്ചുകഴിഞ്ഞും ലേഖനമെന്തിനെക്കുറിച്ചായിരിക്കും എന്ന സംശയം വായനക്കാരിൽ അവശേഷിക്കരുത്
mlm_02367_02114178857	വരമൊഴി എന്ന വാക്കാൽ വിവക്ഷിക്കാവുന്ന ഒന്നിലധികം കാര്യങ്ങളുണ്ട്
mlm_02745_01688391837	അതിനിടയിൽ ബ്രിട്ടീഷുകാർ ദ്വീപുകൾക്ക്‌ കടുത്ത ഉപരോധം സൃഷ്ടിച്ചിരുന്നു
mlm_00572_01846522423	പക്ഷേ സുഗീഷ് ചെയ്തത് ഒട്ടും ശരിയല്ല
mlm_07330_01884186609	അക്കാലത്തെ മദീനയിലെ പ്രധാന ഭക്ഷണം ഈന്തപഴം ആയിരുന്നു
mlm_09125_01071570789	നഗരത്തിലെ ഏറ്റവും പ്രശസ്തമായ വിനോദസഞ്ചാര കേന്ദ്രങ്ങളിൽ ഒന്ന്
mlm_03048_01282178682	സൂര്യന്‍ എന്ന നക്ഷത്രം എന്ന വിഷയത്തെക്കുറിച്ച് അറിയണമെങ്കില്‍ സൂര്യന്‍ എന്ന താള്‍ കാണുക
mlm_05535_00189533739	അതിരുവിട്ട ഈ പ്രേമവും വിധേയത്വവും ആദത്തിന്റെ പതനത്തിനു കാരണമായതായി മിൽട്ടൺ ചിത്രീകരിച്ചിരിക്കുന്നു
mlm_02064_01317808479	ആണാനകളിലും പെണ്ണാനകളിലും സ്വവർഗ്ഗരതി സാധാരണമാണ്
mlm_02367_01503357466	ആദിമജനതകളോടു കാട്ടുന്ന ക്രൂരതയെ ഡാർവിൻ എതിർത്തു
mlm_03915_00339583692	ഇത് എന്താണെന്ന് കൂടി എഴുതിയാല്‍ നന്നായിരുന്നു
mlm_03915_02073081945	ആധുനിക മലയാള സാഹിത്യത്തിൽ ഏറ്റവുമധികം വായിക്കപ്പെട്ട എഴുത്തുകാരിലൊരാൾ എന്ന് വിശേഷിപ്പിക്കപ്പെട്ടു
mlm_05535_00892214016	അറുപതുകളുടെ അവസാനത്തോടെ ഇന്ത്യയൊട്ടാകെ ശരണാലയങ്ങൾ തുറക്കാൻ മിഷണറീസ് ഓഫ് ചാരിറ്റിക്ക് കഴിഞ്ഞു
mlm_05535_02130592429	അദ്ദേഹത്തിന്റെ ഭാര്യ ജനുവരി അവസാനം ക്യൂബയിലെത്തിച്ചേർന്നു
mlm_03048_00358622893	അതിനുശേഷം ബൊളീവിയൻ സൈനികർ മൃതശരീരം പേര് വെളിപ്പെടുത്താത്ത ഒരിടത്തേക്ക് മാറ്റി
mlm_09125_00956152320	ആ വിജയത്തോടെ അദ്ദേഹത്തിന് ആദ്യ അന്താരാഷ്ട്ര പുരസ്കാരം ലഭിച്ചു
mlm_00572_01290533169	അസ്ഹറുദ്ദീനു ശേഷം സച്ചിൻ രണ്ടാമതും ക്യാപ്റ്റനായി
mlm_05535_00322356109	അന്ന് മുസ്ലിം പ്രാർത്ഥനകൾക്കു മാത്രമായേ ഇത് തുറക്കാറുള്ളൂ
mlm_07330_00503822564	അനീസ് ഷാഹിന എന്നിങ്ങനെ രണ്ട് മക്കളുണ്ട്
mlm_03048_02056144923	പിന്നീട് ആ നാടകബന്ധം ചോ രാമസ്വാമിയുടെ നാടകങ്ങളിലേക്ക് സുകുമാരിക്ക് അവസരം തുറന്നു
mlm_02064_01509087644	അതിനാൽ ശത്രുക്കളിൽ നിന്നും മോചനം എന്നർത്ഥം വരുന്ന മസ്ജിദുൽ ഫതഹ് എന്ന പേര് വന്നു
mlm_00572_01882975847	അതുവരെ മരപ്പണികളുടെ രീതികൾ അപ്പാടെ കല്ലുകളിൽ പകർത്തുക മാത്രമാണ് ശില്പികൾ ചെയ്തുവന്നത്
mlm_00572_00854201141	എന്ന വാക്കാൽ വിവക്ഷിക്കാവുന്ന ഒന്നിലധികം കാര്യങ്ങളുണ്ട്
mlm_09125_00609900933	അവർ അവിടെ ഇടതുപക്ഷപ്രസ്ഥാനങ്ങളുമായി വളരെ അടുത്ത ബന്ധം പുലർത്തുന്ന ഒരാളായിരുന്നു
mlm_08777_00881526174	അദ്ദേഹത്തിന്റെ മാതാവിന്റെ ജന്മദേശമാണ് ഈ പ്രദേശം
mlm_07330_01213240261	അതിനു മുകളിൽ ബ്ലോക്ക് പഞ്ചായത്തുകളും ജില്ലാപഞ്ചായത്തുകളും
mlm_03915_01239572701	ഉള്ളൂര്‍ എന്ന വാക്കിനാല്‍ താഴെപ്പറയുന്ന എന്തിനേയും വിവക്ഷിക്കാം
mlm_03993_01922334915	അതിനെ മാനിക്കാത്ത പുരോഹിതൻ പൗരോഹിത്യത്തിൽ നിന്നും പദവികളിൽ നിന്നും നീക്കപ്പെട്ടു
mlm_05535_01259657384	അംഗങ്ങളെ മൂന്നായി തരംതിരിച്ചിട്ടുണ്ട്
mlm_09171_00695313805	അത് ഒക്കെ തന്നെ യാക്കോബായ സഭ ഉപയോഗിക്കുന്ന പേരുകൾ ആണ്
mlm_09171_00204708295	ആകെ വിസ്തീർണ്ണം മുപ്പത്തിയെട്ടായിരത്തിയെണ്ണൂറ്റിയമ്പത്തിമൂന്ന് ചതുരശ്ര കിലോമീറ്ററാണ്
mlm_08822_01858553644	അനിഴം തിരുനാൾ തിരുവിതാംകൂർ സൈന്യത്തെ മൊത്തമായി ഉടച്ചു വാർത്തു
mlm_02367_01513591100	എന്നീ മേഖലകളിൽ അദ്ദേഹം പ്രാവീണ്യം നേടി
mlm_08777_00124254751	അതോടെ ബുദ്ധമതം സാധാരണ ജനങ്ങൾക്കിടയിൽ വ്യാപകമായിത്തുടങ്ങി
mlm_08777_00935869789	ഏകാന്തം എന്ന ചിത്രത്തിലെ അഭിനയമാണു തിലകന് ഈ പുരസ്കാരം നേടിക്കൊടുത്തത്
mlm_03915_01873026129	അതിനെ ഒരു പുരാതനശില്പമെന്നമട്ടിൽ റോമിൽ കൂടിയ വിലക്ക് വിൽക്കുകയായിരുന്നു ലക്ഷ്യം
mlm_05535_00237685278	അവർ കൂടുതൽ സഞ്ചാരം നടത്താൻ തുടങ്ങി
mlm_05535_01954347923	ഞാൻ ഇതുവരെ എന്റെ അമ്മാവന്റെ വീട്ടിൽ പോയിട്ടില്ല
mlm_07330_00251378382	ഞാൻ ആ പേജിൽ പോയി നോക്കി
mlm_02501_00407096568	ഇരുന്നൂറ്‌ യാർഡിൽ
mlm_06515_00218260660	ആകാശവാണി ആണ് പ്രധാന റേഡിയോ പ്രക്ഷേപകർ
mlm_02367_00957556082	അതിനാൽ ഒരു ശീതീകാരിയായി ദ്രവനൈട്രജനെ താഴെപ്പറയുന്ന മേഖലകളിൽ ഉപയോഗിക്കുന്നു
mlm_05535_01490342494	കേരളീയരുടെ ഒരു പ്രധാന പ്രാതൽ വിഭവമാണ് പുട്ട്
mlm_00950_00744758676	കേരളത്തിലെ പക്ഷികള്‍ എന്ന വാക്കാല്‍ വിവക്ഷിക്കാവുന്ന ഒന്നിലധികം കാര്യങ്ങളുണ്ട്
mlm_05535_00008919709	അതേസമയം ഭൗതികവാദത്തോട് ഡാന്റേക്കുണ്ടായിരുന്ന വിശ്വാസക്കുറവ് ബ്ലെയ്ക്കിനുമുണ്ടായിരുന്നു
mlm_08822_01911189038	ഇനി മറ്റേത് വേറെ വല്ല ക്ഷേത്രവും ആണോ
mlm_02367_01907708058	അടിഭാഗത്തെ ചുമരുകളുടെ നാലു ഭാഗത്തും ശംഖുപിരിയൻ ആകൃതിയിലുള്ള അലങ്കാരങ്ങൾ ചെയ്തിരിക്കുന്നു
mlm_03048_02059260842	എല്ലാ പ്രശ്നങ്ങളും ഇവിടെ ഇതിനു താഴെ സം‌വാദം ആയി ഇടുക
mlm_07330_00854722996	അതിനു ശേഷം പൈപ്പുകൾ ഉപയോഗിച്ച് അത് പണി സ്ഥലത്തേക്ക് എത്തിക്കുകയായിരുന്നു
mlm_02367_00505727882	ആ സ്ഥലത്താണ് ഇന്ന് നഗരസഭാ കാര്യാലയം പ്രവർത്തിക്കുന്നത്
mlm_07330_00925595187	ഇത് അറബി ഭാഷയുടെ ഒരു പ്രത്യേകതയാണ്
mlm_09171_00617717329	വിവിധ വിഷയങ്ങൾ വിശദമായി പഠിക്കാൻ ഇത് അദ്ദേഹത്തെ സഹായിച്ചു
mlm_03048_01698727401	ആ വർഷം തന്നെയാണ് കത്തിടപാടുകൾ നടത്തുന്നതിനു തപാലാപ്പീസ് മദീനയിൽ സ്ഥാപിച്ചത്
mlm_00572_00042011561	ആഗ്രക്കടുത്ത് സിക്കന്ദരയിൽ നിർമിച്ച സ്വന്തം ശവകുടീരം പൂർത്തിയാക്കുവാൻ അക്ബറിനു കഴിഞ്ഞില്ല
mlm_05535_01806270675	സ്വാമി ഇരിക്കുന്ന രൂപത്തിൽ ആണ് ആ പ്രതിമ നിർമ്മിച്ചിരിക്കുന്നത്
mlm_05535_01287078303	ആയിരക്കണക്കിനാളുകൾ ദിവസവും പ്രദർശനം കാണാൻ എത്തും
mlm_09125_01758894383	അവയെക്കുറിച്ചറിയാൻ ബംഗാളി നാനാർത്ഥങ്ങൾ എന്ന താൾ കാണുക
mlm_08822_01116028071	അങ്ങനെ ആസാദ് ഹിന്ദ് സർക്കാർ ബർമ്മയിൽ നിന്നും പിന്മാറി
mlm_08822_00114785735	ഇത് ഈ ക്ഷേത്രത്തിന്റെ മാത്രം പ്രത്യേകതയാണ്
mlm_00572_01424502931	വയലാർ ആലപ്പുഴ ജില്ലയിലെ ഒരു ഗ്രാമം
mlm_08777_02045946993	അവരുടെ രക്തം കൊണ്ട് തന്നെ അവർ അവരുടെ ചരിത്രം രചിക്കും
mlm_08777_01188972672	അശോകന്റെ ശിലാശാസനങ്ങളിൽ കേരപുത്താ എന്നാണ് ചേരന്മാരെ വിശേഷിപ്പിച്ചിരിക്കുന്നത്
mlm_05535_00578270792	അദ്ദേഹത്തിന്റെ ആസന്നമരണനാണെന്ന തെറ്റിദ്ധാരണകൾ അങ്ങനെ നീങ്ങി
mlm_03915_00083865153	ഇന്നും ഇന്ത്യയില്‍ കുട്ടികള്‍ക്ക് സ്വര്‍ണ്ണം ഔഷധമായി നല്‍കുന്നുണ്ട്
mlm_07330_00157153849	അവന്റെ കൈയ്യിൽ വളരെയധികം പഴയ നാണയങ്ങൾ ഉള്ളതായി പറയപ്പെടുന്നു
mlm_05535_01974138962	അതിൽ ഒരാളായിരുന്നു ഫിദൽ കാസ്ട്രോ
mlm_00950_00268179598	കളിയുടെ ഭാഗമായി രണ്ടു സ്കോറർമാർ ഉണ്ടായിരിക്കണം.
mlm_04296_01156868517	അടുത്തദിവസം തന്നെ അതേമാതിരി ഒരു കുറിപ്പ് ഓവർബെക്കിനും കിട്ടി
mlm_09171_02071466917	അണുസംയോജനം മൂലം താപനിലയും പ്രകാശമാനവും കൂടുന്നു
mlm_07330_00087539942	അംഗങ്ങളെ ബൈബിൾ പഠിപ്പിക്കുകയാണ് പ്രധാന ലക്ഷ്യം
mlm_03048_00804488273	അങ്ങനെ ബംഗ്ലാദേശ് യുദ്ധക്കെടുതിയിൽ നരകിക്കുകയായിരുന്നു
mlm_03915_00363895657	അദ്ദേഹത്തിന്‌ പകരം ബോബ് വ്യാറ്റ് ആണ്‌ ഇംഗ്ലണ്ടിനെ നയിച്ചത്
mlm_08777_01988145772	അതോടെ ശരീരോഷ്മാവു കൂടി രോഗി മരണത്തോടടുത്തു
mlm_08822_01012459206	ഇതിന്റെ പുറത്ത് ധാരാളം ചർച്ച നടന്നു കഴിഞ്ഞു
mlm_03048_00991061987	അപ്പോഴും അദ്ദേഹം മികച്ച സ്കോർ നേടുമെന്നതിൽ സംശയമില്ല
mlm_03048_00473598860	അദ്ദേഹത്തിന്റെ കൈയും കാലും കെട്ടിയിട്ടിരുന്നിട്ടുപോലും
mlm_02367_00181063516	അവളുടെ മൃതശരീരം പ്രദർശിപ്പിച്ചുകൊണ്ട് ജാഥ നടത്തി
mlm_04296_01037645316	അയാൾ പറഞ്ഞത് ഭൂതബാധയകറ്റൽ റൊമാനിയൻ ഓർത്തഡോക്സ് സഭയിൽ സാധാരണയായി നടക്കുന്നതാണ്
mlm_05535_01443802490	അതിനാൽ മുഹമ്മദ് നബി മദീനയെ വൃത്തിയുള്ള നഗരമാക്കി മാറ്റാൻ തദ്ദേശവാസികളോട് ആവശ്യപ്പെട്ടു
mlm_09171_00552586333	അതിൽ നിന്നും നീണ്ട വേരുകൾ പുറത്തു വരുന്നതായും കാണാം
mlm_09125_01200764837	അതിനാൽ തന്നെ ഇത് വാർധക്യത്തെ ഒരു പരിധിവരെ തടയുന്നു
mlm_02367_00856598582	അറബിക്കടൽ കേരളത്തിന് ആവശ്യമായ മത്സ്യം പ്രദാനം ചെയ്യുന്നു
mlm_03048_00424458244	അറ്റ്‌ലാന്റിക്കിനെ ശാന്തസമുദ്രത്തിൽനിന്നു വേർതിരിക്കുന്നതു ബെറിങ് കടലിടുക്കാണ്
