mlf_02879_01795762363	കൂടുതൽ വിവരങ്ങൾ വരുമ്പോൾ തിരിച്ചു ചേർക്കാം
mlf_05401_00863865118	അതിന്റെ വികസിതദശയിൽ ഏതാണ്ട് മുപ്പതോളം ക്ഷേത്രങ്ങൾ പണിതീർത്തിട്ടുണ്ട്
mlf_03132_01162270189	അത്തരം ഏറ്റുപറയൽ അനുരഞ്ജനപ്രക്രിയയുടെ ഭാഗമാണ്
mlf_03228_01299568667	ആരെങ്കിലും ആ പൊതുനിലപാട് സ്വീകരിച്ചില്ലെന്നത് സമ്മാനിതനാവാനുള്ള കാരണമല്ല
mlf_06469_02146596867	അദ്ദേഹം നൂറ്റിയിരുപത്തിയേഴ് റണ്ണുകൾ വാരിക്കൂട്ടി
mlf_01130_00441435203	അർത്ഥം അയക്കപ്പെട്ടവൻ എന്നാണ്
mlf_03132_00994257644	കേരളത്തിലെ ഇടുക്കി ജില്ലയിലാണ് ഇത് സ്ഥിതി ചെയ്യുന്നത്
mlf_09845_00385749917	ആഗോളതലത്തിൽ ദരിദ്ര രാജ്യങ്ങൾക്കായി ബദൽ സാമ്പത്തിക പരിഷ്കരണ നിർദ്ദേശങ്ങൾ നൽകിയും ചാവെസ് ശ്രദ്ധ നേടി
mlf_03132_00155460355	ആൺപൂച്ചയുടെ ലിംഗത്തിൽ പിറകിലേയ്ക്ക് നിൽക്കുന്ന മുളളുകൾ ഉണ്ടാകും
mlf_06262_00092960674	അതിലെ വാക്കുകളുടെ പട്ടികയിലെ ചില വാക്കുകളും നീക്കം ചെയ്യേണ്ടി വന്നു.
mlf_01640_01226361777	നൂറ്റി അന്‍പത്ത് അടിയിൽ
mlf_02484_00912432427	ആണിയുടെ തലയ്ക്കും അസ്ഥിക്കുമിടയിലായി ഒരു അക്കേഷ്യ മരത്തിന്റെ കഷണവും കാണപ്പെട്ടു
mlf_02879_00838532205	അത് അസത്യമാണ്
mlf_01130_00113428251	ആണിയുടെ അഗ്രത്തിൽ ഒലീവ് മരത്തിന്റെ സൂക്ഷ്മഭാഗങ്ങളുണ്ടായിരുന്നു
mlf_06262_00363996689	അശോകന്‍ എന്ന വാക്കിനാല്‍ താഴെപ്പറയുന്ന എന്തിനേയും വിവക്ഷിക്കാം
mlf_04674_01580489795	മംഗളം എന്ന വാക്കാൽ വിവക്ഷിക്കാവുന്ന ഒന്നിലധികം കാര്യങ്ങളുണ്ട്
mlf_04310_01914101782	നാനൂറ് അടി കഴിയുമ്പോൾ
mlf_02321_00047238144	ശോഭന ഒരു പ്രശസ്ത ഭരതനാട്യ നർത്തകി കൂടിയാണ്
mlf_04310_02076007390	അല്പം വലത്തേക്ക് തിരിയുക
mlf_07754_01505916997	അമേരിക്കയും ക്യൂബയും തമ്മിലുള്ള ബന്ധം നാൾക്കുനാൾ മോശമായി വന്നു
mlf_02321_00608811401	ചെറുപ്പം മുതൽക്കേ സംഗീതത്തിന്റെയും നൃത്തത്തിന്റെയും ലോകത്തായിരുന്നു ശ്രീവിദ്യ വളർന്നത്
mlf_03182_01445354061	ആക്രമണമുണ്ടായ ഉടൻ ഒട്ടേറെപ്പേർ പ്രാണരക്ഷാർഥം ഏറ്റവും മുകളിലത്തെ നിലയിലേക്ക് ഓടിക്കയറി
mlf_05023_01123139003	ആദ്യമായി സർക്കാർ സംവിധാനം സുഗമമാക്കാൻ വേണ്ട നടപടികൾ കൈക്കൊണ്ടു
mlf_03435_02037587373	അമൃതം‌ ഗമയ എന്ന ചിത്രത്തിലെ ഡോക്ടറുടെ കഥാപാത്രം ഇതിലൊന്നാണ്
mlf_06469_00378673779	ഏറ്റവും അടുത്ത പട്ടണം കോഴിക്കോട് പട്ടണമാണ്
mlf_03228_01026755586	സയ്യിദ് കുടുംബം എന്ന പേരിൽ ഇത് അറിയപ്പെടുന്നു
mlf_02879_01436614100	ആര്യന്മാർ ആര്യസാമ്രാജ്യത്തിലെ ഏഴു പുണ്യ നദികളിലൊന്നായും കാവേരിയെ കണക്കാക്കുന്നു
mlf_02321_00626083876	അവരുടെ പ്രധാന പ്രസിദ്ധീകരണങ്ങളിൽ ചിലത് താഴെ നൽകിയിരിക്കുന്നു
mlf_03435_01767607550	കോട്ടയം ജില്ലയിലെ ഒരു ഗ്രാമമാണ്‌ നെടുംകുന്നം
mlf_01130_01997048964	ശിവന്റെ മകൻ ആണ് അയ്യപ്പൻ എന്നാണ് വിശ്വാസം
mlf_02321_00657140418	നല്ല ഒരു ഉപകരണം ആണ് അത്
mlf_06469_01259898332	അതിനു കാരണം ഒരിക്കലും വറ്റാത്ത ജലസ്രോതസ്സായ സംസം എന്ന നീരുറവയായിരുന്നു
mlf_06262_00343853506	അതോടെ, രണ്ടായിരംത്തിൽ സച്ചിൻ ക്യാപ്റ്റൻ പദവി രാജിവച്ചു.
mlf_07754_01719226023	അവരുടെ തന്നെ ഗൃഹാതുരത്വവും പിതാവിന്റെ തീരുമാനവും ഇതിന്റെ കാരണങ്ങളായി പറയപ്പെടുന്നു
mlf_02879_00815596770	അവർ അദ്ദേഹത്തെ സ്നേഹത്തോടെ ബെഞ്ചമിനച്ചൻ എന്ന് വിളിച്ചിരുന്നു
mlf_03228_01253640178	അജിതിനെ കൂടാതെ സച്ചിന് നിതിൻ എന്നൊരു സഹോദരനും സവിത എന്നൊരു സഹോദരിയുമുണ്ട്
mlf_09845_00047924060	ആറാട്ടിനുശേഷം ഭഗവതി അമ്പലത്തിൽ അത്താഴപൂജ
mlf_06469_00640852582	അറ്റ്‌ലാന്റിക് സമുദ്രത്തിൽ സമപ്രതലശൃംഖങ്ങൾ കുറവാണ്
mlf_04674_01541555010	വളരെ കുറഞ്ഞ കാലം കൊണ്ട് അനേകം എഡിറ്റുകൾ
mlf_01130_00240143602	പറവൂർ എന്ന വാക്കാൽ വിവക്ഷിക്കാവുന്ന ഒന്നിലധികം കാര്യങ്ങളുണ്ട്
mlf_03228_01032437182	അതോടെ അമ്പലത്തിനു ചുറ്റുമുള്ള എല്ലാ ആലിന്മേലും ഗോപുരത്തിലും കൊടിക്കൂറകൾ കെട്ടുന്നു
mlf_02321_01128302969	അപ്പോൾ കൾ ചേർക്കാൻ ന്യായം കാണുന്നില്ല
mlf_03228_00893792083	ജനങ്ങൾ അധികവും ഹിന്ദു ക്രിസ്ത്യൻ വിഭാഗങ്ങളിൽ പെടുന്നു
mlf_03435_00949018548	അങ്ങനെ വൈദ്യുതധാര വർദ്ധിക്കുന്നു
mlf_03132_00129455630	അങ്ങനെ സംഭവിക്കുകയാണെങ്കിൽ സമുദ്രനിരപ്പുയരാനിടയാകും
mlf_04310_01417118942	ഇരുനൂറ്‌ മീറ്റർ കഴിയുമ്പോൾ
mlf_02484_00633012357	അടുത്തദിവസം തന്നെ അതേമാതിരി ഒരു കുറിപ്പ് ഓവർബെക്കിനും കിട്ടി
mlf_09852_01906928892	കണ്ണൂര്‍ കോട്ട എന്നും ഈ കോട്ട അറിയപ്പെടുന്നു
mlf_09549_00218591020	തെക്കോട്ട് പോവുക
mlf_06469_02017431573	ഞാൻ പ്രത്യേകിച്ച് ഇനി അഭിപ്രായം പറയുന്നില്ല
mlf_02321_01945171076	എനിക്ക് നിങ്ങൾക്ക് ടൌണിലേക്ക് ഒരു ലിഫ്റ്റ് തരാൻ കഴിയും
mlf_01640_00759880495	ഇടതുവശത്തുള്ള ഇന്റർചെയ്ഞ്ച് എടുക്കുക
mlf_02484_01082043462	ഈ വിഗ്രഹം പിന്നീട് ക്ഷേത്രത്തില്‍ സ്ഥാപിച്ചു
mlf_03132_00215688009	കൂടുതല്‍ ലേഖനങ്ങളില്‍ തിരുത്തലുകള്‍ ഉണ്ട്
mlf_09549_01131486724	ഒരു മൈലിൽ
mlf_06469_01877898030	ആചാര്യനായ അനാഗരിക ധർമ്മപാലയും വളരെയധികം സംഭാവന ചെയ്തിട്ടുണ്ട്
mlf_05401_00961262528	അവിടെ ഒരു സംന്യാസാശ്രമത്തിൽ തോട്ടക്കാരന്റെ സഹായിയായി അദ്ദേഹം കുറേക്കാലം ജോലിചെയ്തു
mlf_05401_00212968046	അപ്രകാരം സംഭവിക്കുന്നത് ഊർജ്ജസംരക്ഷണനിയമത്തിനും സംവേഗസംരക്ഷണനിയമത്തിനും എതിരാകും
mlf_02321_01297559727	ആ പരാമർശം ഞാൻ ലേഖനത്തിൽ നിന്ന് നീക്കം ചെയ്തു
mlf_07754_00917323717	അവർ അദ്ദേഹത്തിന് നൂറ്റി നാല്പത്തി മൂന്ന് ഭാവഗീതങ്ങൾ സമ്മാനിച്ചു
mlf_04310_00953396044	നിങ്ങൾ എത്തിച്ചേർന്നു.
mlf_09549_00962569910	ആയിരം അടിയിൽ
mlf_02321_01019057634	ഞാൻ ടെന്നീസ്  കളിക്കാൻ പോവുകയാ
mlf_06262_01527129589	ക്രിക്കറ്റ് ബാറ്റും ബോളും ഉപയോഗിച്ചുള്ള കളിയാണ്.
mlf_05394_00337873638	അതിനാൽ ഭ്രമണം ചെയ്യുന്ന വസ്തുവിനു ചുറ്റുമുള്ള മറ്റു വസ്തുക്കളും ഇതിനോടൊപ്പം ചലിക്കാൻ തുടങ്ങുന്നു.
mlf_02879_01596879765	ആത്മവിശ്വാസം കൂടുതലായ പൂച്ചകൾ അതിന്റെ മുകളിൽ കയറി താഴെവീണ് അപകടം ഉണ്ടാകാതിരിക്കാനാണ് ഈ മുൻകരുതൽ
mlf_06469_01805656241	അവയുടെ വശത്ത് താരകം കണ്ടാൽ മാത്രം
mlf_02321_01538365188	കോട്ടയം ജില്ലയിലെ കിഴക്കൻ മലയോര മേഖലയിലെ ഒരു പ്രധാന പട്ടണമാണ് പാലാ
mlf_03132_00457925551	നാനാര്‍ത്ഥങ്ങള്‍ എന്ന പേരില്‍ ഒരു ഫലകം നിലവിലുണ്ട്
mlf_03228_01394705173	അന്റാർട്ടിക്കയിലെ കാലാവസ്ഥ സാധാരണ ജീവജാലങ്ങൾക്ക് തീരെ അനുയോജ്യമല്ല
mlf_02018_00190825163	ആവശ്യക്കാർക്ക് പഴയ സംവാദങ്ങൾ നിലവറയിൽ നിന്നും ശേഖരിക്കാവുന്നതാണ്
mlf_01130_01048279993	അക്രമനടപടികളോട് പ്രതിക്ഷേധിച്ച് സംസ്ഥാനതല സമരം തുടങ്ങി
mlf_07754_02100074143	അച്ചടിയുടെ ബാലപാഠങ്ങൾ അദ്ദേഹം പുസ്തകങ്ങളിൽ നിന്ന് വായിച്ച്‌ മനസ്സിലാക്കിയിരുന്നു
mlf_03132_01320491885	അതിവേഗ ഗതാഗത സം‌വിധാനമായ ബാംഗ്ലൂർ മെട്രോയുടെ നിർമ്മാണം പുരോഗമിച്ചു കൊണ്ടിരിക്കുകയാണ്‌
mlf_08428_00014741774	റബ്ബർ എന്ന വാക്കാൽ വിവക്ഷിക്കാവുന്ന ഒന്നിലധികം കാര്യങ്ങളുണ്ട്
mlf_09845_00009184194	ആരെങ്കിലും വിശക്കുന്നവരായി ശ്രദ്ധയിൽപ്പെട്ടാൽ അവരുടെ വിശപ്പ് അകറ്റുന്ന ജോലി നബി ഏറ്റെടുത്തു
mlf_02879_02122215712	അവയെക്കുറിച്ചറിയാൻ അക്ബർ നാനാർത്ഥങ്ങൾ എന്ന താൾ കാണുക
mlf_06469_00653486360	അവന്റെ പ്രസംഗത്തിന്റെ ഉള്ളടക്കം വളരെ നല്ലതായിരുന്നു
mlf_02484_01458660684	ആറുമുഖൻ ദളവയുടെ നേതൃത്വത്തിൽ മാർത്താണ്ഡവർമ്മയുടെ സൈന്യം യുദ്ധത്തിൽ ദേശിങ്ങനാടിനെ പരാജയപ്പെടുത്തി
mlf_03182_00477228627	അതിനെക്കുറിച്ച് തന്നെയായി അദ്ദേഹം മിക്കവാറും ഒന്നും എഴുതിയിട്ടില്ല
mlf_09549_00858913888	കവലയിൽ അഞ്ചാമത്തെ എക്സിറ്റ് എടുക്കുക
mlf_09852_01935398497	അദ്ദേഹം എപ്പോഴും ഏറെ പുസ്തകങ്ങൾക്കുനടുവിൽ തിരക്കിലായിരുന്നു
mlf_01640_00544428699	അറുനൂറ് അടിയിൽ
mlf_09845_00598289196	അതിന് ഹിറ്റ്‌‌ലറുടെ നേരിട്ടുള്ള അംഗീകാരവും വേണ്ടിയിരുന്നു
mlf_01130_00015565294	അങ്ങനെ രണ്ടാം ലോകമഹായുദ്ധം അവസാനിച്ചു
mlf_06469_01588772798	അദ്ദേഹം ഇതിനെ ഉപകാരമില്ലാത്ത വാതകം എന്നു വിളിച്ചു
mlf_02321_01118376886	അറ്റ്‌ലാന്റിക്കിന്റെ പൂർവതീരങ്ങളിൽ ഈ ആവൃത്തി കൃത്യമായി പാലിക്കപ്പെട്ടു കാണുന്നു
mlf_05401_00209258337	അത്യന്തം വിനാശകാരികളായ ഈ ആനകളാണ്‌ അലക്സാണ്ടറുടെ സൈന്യത്തെ പിന്തിരിപ്പിക്കാൻ കാരണം
mlf_04674_00544084449	അതിനാൽ കൂട്ടക്ഷരങ്ങൾലെ അവസാനത്തെ വ്യഞ്ജനം മാത്രമേ നോക്കേണ്ടതുള്ളൂ
mlf_02879_00732414132	അവിടെ നിന്ന് അഫ്ഗാനിസ്ഥാനും സോവിയറ്റ് യൂണിയനും കടന്ന് ജർമ്മനിയിലെത്തി
mlf_03182_00158376116	അദ്ദേഹം ഏഡ്‌വേർഡ് ഇർവിങ്ങിന്റെ ആശയങ്ങൾ പിന്തുടരുന്ന ഇർവിങ്ങൈറ്റ് വിഭാഗത്തിലെ അംഗമായിരുന്നു
mlf_02018_00224763803	ഇതൊക്കെ എങ്ങനെ കൈകാര്യം ചെയ്യാം എന്നതിൽ ഒരു ചർച്ച ആവശ്യമാണ്
mlf_06262_00903217518	ആൽബർട്ട് ഐൻസ്റ്റൈന്റെ ലോകവീക്ഷണത്തെ ഏറ്റവുമേറെ സ്വാധീനിച്ച തത്ത്വചിന്തകനായിരുന്നു സ്പിനോസ.
mlf_05023_01454617408	അത്ര ശക്തിയിലാണ് സച്ചിൻ പന്തടിച്ച് തെറിപ്പിക്കുന്നത്
mlf_03132_01613325358	അത്തരത്തിലുള്ള നിരവധി കിണറുകൾ ചരിത്ര ശേഷിപ്പുകളായി ഇവിടെ അവശേഷിക്കുന്നുണ്ട്
mlf_06262_00489133957	ദേവന്‍ എന്ന ഒരു താള്‍ നിലവിലുണ്ട്
mlf_02879_00603384989	അവിടെ അവർ യഹൂദാചാരവിശ്വാസങ്ങൾ അനുസരിച്ചുള്ള ജീവിതം പുനരാരംഭിച്ചു
mlf_03182_01791596856	ഇപ്പോൾ പാർട്ടി സംസ്ഥാന സമിതി അംഗമാണ്
mlf_03435_02144049700	ലേഖനം നല്ല ഒരു ആശയം ആണ്‌
mlf_04674_00615184638	ഈ കണ്ണി ഒന്നു ശ്രമിച്ചു നോക്കൂ
mlf_09845_01396681631	അതോടെ അലി രാജാവ് ബാഗ്ദാദിലേക്ക് രക്ഷപെട്ടു
mlf_02925_01910839258	എന്റെ ഒരു ആഗ്രഹം പറഞ്ഞു എന്നു മാത്രം
mlf_06262_00017087772	ഒരു കാര്യം ഞാന്‍ വ്യക്തമായി പറയാം
mlf_09549_02060458565	വലത് എക്സിറ്റ് സ്വീകരിക്കുക
mlf_09845_00192111703	ഇതില്‍ ഏതു വേണം എന്നൊരു ചര്‍ച്ച ഇവിടെ നടക്കുന്നുണ്ട്
mlf_01640_00170003835	നിങ്ങളുടെ ലക്ഷ്യസ്ഥാനം വലതുവശത്താണ്.
mlf_08428_01887329616	അതുകൊണ്ട് അവയ്ക്ക് ലാറ്റിൻ അക്ഷരങ്ങൾക്കപ്പുറത്തേയ്ക്ക് പോകാൻ കഴിയില്ലായിരുന്നു
mlf_05394_00852125969	അവയുപയോഗിച്ച് ഒരോ നക്ഷത്രത്തിന്റെയും കൃത്യമായ സ്ഥാനം മനസ്സിലാക്കാം.
mlf_03228_01316607080	അവയ്ക്ക് മൊത്തം നാല്പത്തിയായിരത്തിയഞ്ഞൂറ് പ്രതികൾ ഉണ്ടായിരുന്നു
mlf_03132_01048153658	ഇവരില്‍ തന്നെ പത്തു വിഭാഗങ്ങള്‍ ഉണ്ട്
mlf_02879_00159472767	ആനയെ മെരുക്കിയെടുക്കൽ മാസങ്ങൾ നീണ്ട പ്രവൃത്തിയാണ്
mlf_03228_00668533754	അവയെക്കുറിച്ചറിയാൻ ഗുജറാത്തി നാനാർത്ഥങ്ങൾ എന്ന താൾ കാണുക
mlf_03132_01196546708	സിമി ഇതു മംഗലം ഡാം ആണ്
mlf_06469_00402715602	അദ്ദേഹത്തിന്റെ കൈയും കാലും കെട്ടിയിരുന്നിട്ടുപോലും
mlf_03228_01409177022	ആനയുടെ ചെവികൾക്ക് വളരെ കട്ടികുറവാണ്
mlf_02321_01210877996	അഡ്വഞ്ചേഴ്സ് ഓഫ് ആൻ ഓഫീസർ ഇൻ ദ സെർവീസ് ഓഫ് രഞ്ജിത് സിങ് എന്നായിരുന്നു ഇതിന്റെ പേര്
mlf_03435_02099709502	ആഥോസ് മലയിലെ സംന്യാസഭവനങ്ങളിൽ ചിലതിൽ, സംയമികൾ എല്ലാദിവസവും അവരുടെ പാപങ്ങൾ കുമ്പസാരിക്കുന്നു.
mlf_05394_01550512878	അസുഖം ഉള്ള ആനകളുടെ നാവിന്റെ നിറം വ്യത്യാസപ്പെട്ടിരിക്കും.
mlf_06262_00293810877	അക്കാലത്ത് അത് ശില്പവിദ്യയുടെ എല്ലാ സാധ്യതകളുടേയും ശക്തിയുടേയും പ്രകടനം എന്ന് വിലയിരുത്തപ്പെട്ടു.
mlf_01130_01933505030	അനേകം ശിവനൃത്തങ്ങളെപ്പറ്റി പ്രകീർത്തിക്കുന്ന ശൈവഗ്രന്ഥങ്ങളുണ്ട്
mlf_03228_01289915191	ആയിരുന്നു ആരാധകരുടെ ഭാഗത്തു നിന്ന് ഉണ്ടായത്
mlf_09549_00952572451	നൂറ്റി അന്‍പത്ത് മീറ്ററിൽ
mlf_06262_00138408567	ക്ഷേത്രം എന്ന വാക്കാല്‍ വിവക്ഷിക്കാവുന്ന ഒന്നിലധികം കാര്യങ്ങളുണ്ട്
mlf_02879_00716678084	അത്എന്തു കൊണ്ട് ചെയ്തു എന്ന വിശദീകരണം ആണ് ഇത്
mlf_02879_01291554918	അതിന്റെ മുഖം ശ്രീകോവിലിലേക്കാണ്
mlf_09845_01348171215	അവരുടെ ആദ്യകാലതലസ്ഥാനം രാജഗൃഹ ആയിരുന്നു
mlf_01640_01022963455	അഞ്ഞൂര്‍ മീറ്ററിൽ
mlf_04674_01610287809	അവളുടെ ചുറ്റുമുള്ള് വിധ്യാർത്ഥികൾ പരീക്ഷയെ പറ്റി സംസാരിക്കുകയായിരുന്നു
mlf_03435_02048217293	കാത്തിരുന്നിട്ട് കാര്യമില്ല
mlf_02925_01272266886	ആനയുടെ പല്ലുകൾ താഴെനിന്നു മുകളിലേക്ക് വളരുകയല്ല ചെയ്യാറ്
mlf_05401_00963080150	മദ്ദളം എന്ന വാക്കിനാല്‍ താഴെപ്പറയുന്ന എന്തിനേയും വിവക്ഷിക്കാം
mlf_01130_01927429216	അടുത്ത തോൽവി നാലാം ടെസ്റ്റിലായിരുന്നു
mlf_01130_00913426001	അടക്കവുമൊതുക്കവുമുള്ള ശാന്തപ്രകൃതിയായിരുന്ന അവർക്ക് ഔപചാരികവിദ്യാഭ്യാസം കിട്ടിയിരുന്നില്ല
mlf_02925_00571481196	കോഴിക്കോട് ചേര സാമ്രാജ്യത്തിന്റെ കീഴിലായിരുന്നു
mlf_04720_01168263022	അങ്ങനെ ഡെൽഹി ഒരു മിശ്ര സംസ്കാരപ്രദേശമായി മാറിയിരിക്കുന്നു
mlf_02321_01393669105	അന്നുതന്നെ ദിവസവും നിശ്ചയിക്കും
mlf_09845_01055821660	അദ്ദേഹം ചരിത്രകാരന്മാർക്കിടയിൽ അഗസ്റ്റസ് ചക്രവർത്തി എന്നാണ് അറിയപ്പെടുന്നത്
mlf_02484_00237620867	അതിനുമുൻപ് ഇതൊരു ദ്രാവിഡക്ഷേത്രവും പിന്നീട് ബുദ്ധക്ഷേത്രവും ആയിരുന്നു
mlf_03228_01893762433	അവയിലെല്ലാം ബുദ്ധന്റെ ഭൗതികാവശിഷ്ടങ്ങളുടെ അംശങ്ങൾ അടങ്ങിയിരിക്കുന്നു
mlf_02321_00554145709	അന്ന് ബ്രിട്ടീഷ്കാർ ആദരസൂചകമായി നൽകിയതാണ് റാണി പട്ടം
mlf_06262_00696947971	ആ വർഷം ദുൽഹജ്ജ് മാസത്തിൽ തന്നെ മദീനയിലേക്ക് തീർത്ഥാടകരും യാന്ത്രിക വാഹനങ്ങളിൽ വരാൻ തുടങ്ങി.
mlf_02321_01212497574	അദ്ദേഹത്തിന്റെ യോദ്ധാക്കൾ കൂടുതലും മരിച്ചത് ആനകളുമായി ഏറ്റുമുട്ടിയായിരുന്നു
mlf_06262_00098550171	ജഗതി തിരുവനന്തപുരം ജില്ലയിലെ ഒരു പ്രദേശം
mlf_02879_00085448766	അതാണ് സംസം എന്ന ദിവ്യതീർത്ഥം എന്നാണു ഇസ്ലാമിക വിശ്വാസം
mlf_04674_02113131579	അദ്ദേഹം ഒരേസമയം രചയിതാവും കഥാപാത്രവും സാക്ഷിയുമായി
mlf_03182_02114919316	അകം പൊള്ളയായതിനാൽ അവിടം സാമാന്യം വിശാലമായ ഗുഹയാണ്
mlf_06469_00270783947	അവിടെ ഗ്രോവിന്റെ ദുർഭരണത്തിനെതിരെ നടക്കുന്ന പ്രക്ഷോഭങ്ങളിൽ സജീവ സാന്നിദ്ധ്യമായി
mlf_06469_01101377363	അത് കൊണ്ട് തന്നെ ആയിരിക്കണം ഇവിടെ സന്ദർശകർ ഏറിവരുന്നത്
mlf_03132_00714908474	അലഹബാദിലേക്ക് മടങ്ങേണ്ടി വരുമെന്നായപ്പോൾ അതിർത്തിയിൽത്തന്നെ ഒരു നിയമനത്തിന് അദ്ദേഹം ശ്രമമാരംഭിച്ചു
mlf_03228_01864591293	ആദ്യ ചിത്രം പുറത്തിറങ്ങുമ്പോൾ മോഹൻലാലിന് ഇരുപത് വയസ്സായിരുന്നു പ്രായം
mlf_03228_00402297991	അഞ്ച് ദിവസമായിരുന്നു പ്രതീക്ഷിച്ചിരുന്ന യാത്രാസമയം
mlf_03132_01586919948	അതു കൊണ്ട് അത് നീക്കം ചെയ്തിട്ടുണ്ട്
mlf_07754_01601136858	അമ്പയർ നാണയം മുകളിലേക്കെറിഞ്ഞ് നായകന്മാരുടെ ഭാഗ്യം പരീക്ഷിക്കുന്നു
mlf_03228_00953790764	വള്ളസദ്യ വഴിപാട് നിരവധി ആചാര നിബിഡമായ ചടങ്ങുകളോടെയാണ് ആരംഭിക്കുന്നത്
mlf_02879_01627556442	അവരുമായി ഒരു കൂടിക്കാഴ്ച ഇതിന് ആവശ്യമായിരുന്നു
mlf_02879_01049606121	അവ കീർക്കെഗാഡിന്റെ പ്രത്യേകമായ രചനാശൈലിക്കും യുവ എഴുത്തുകാരനെന്ന നിലയിലെ പക്വതക്കും തെളിവായി
mlf_02925_01935127081	അവയിൽ പലതും അതാതു രാജ്യങ്ങളുടെ പേരിലാണ് അറിയപ്പെടുന്നത്
mlf_03435_00852625340	ആംഗ്ലിക്കൻ സഭയിൽ ചെവിക്കുമ്പസാരത്തിന് വിവാദഭരിതമായ ചരിത്രമാണുള്ളത്
mlf_06262_01848712950	അവയെക്കുറിച്ചറിയാന്‍ ഓട് നാനാര്‍ത്ഥങ്ങള്‍ എന്ന താള്‍ കാണുക
mlf_03182_01096699595	അമ്മയാകട്ടെ തികഞ്ഞ ഈശ്വരവിശ്വാസിയായിരുന്നു
mlf_08428_00662762054	അതിൽ നിന്നാണ് ഇന്നുള്ള മഹാഭാരതം വളർന്നതും ഈ രൂപം പ്രാപിച്ചതും
mlf_05401_00273386108	ഇത് ടോർക്സിന്റെ കൃത്യതയേക്കാൾ പത്തു മടങ്ങ് കൂടുതലാണ്
mlf_07754_01001769395	ഇത് എന്താണെന്ന് കൂടി എഴുതിയാല്‍ നന്നായിരുന്നു
mlf_09852_01471338060	ഇന്ത്യയിലെ അറിയപ്പെടുന്ന മുസ്ലിം പള്ളികളില്‍ ഒന്നാണിത്
mlf_03132_01016080615	ഞാന്‍ അതില്‍ ചില തിരുത്തലുകള്‍ വരുത്തി എന്നു മാത്രം
mlf_02321_00125252016	അധികാരമേറ്റശേഷം അദ്ദേഹം പുതിയ ഒരു ഭരണഘടന തയ്യാറാക്കി
mlf_03435_01108141154	ആ സ്ഥലത്താണ് ഇപ്പോൾ വൈക്കത്തെ സ്വകാര്യ ബസ് സ്റ്റാന്റ് നിലകൊള്ളുന്നത് എന്നു വിശ്വസിക്കപ്പെടുന്നു
mlf_02018_00673164487	അതിരുവിട്ട ഈ പ്രേമവും വിധേയത്വവും ആദത്തിന്റെ പതനത്തിനു കാരണമായതായി മിൽട്ടൺ ചിത്രീകരിച്ചിരിക്കുന്നു
mlf_02879_01921570537	പുതിയ മാറ്റങ്ങള്‍ ശ്രദ്ധിക്കുക മറ്റുള്ളവരുടെ പ്രശ്നങ്ങൾ മനസിലാക്കാന്‍ സാധിക്കും
mlf_03228_01019754179	ആറ്റിങ്ങൽ റാണിമാർ പാരമ്പര്യമായി വേണാട്ടു രാജകുടുംബത്തിലെ തലമുതിർന്ന വനിതാംഗങ്ങൾ ആയിരുന്നു
mlf_06262_00134885270	അത് അവരുടെ പ്രേമവുമായി ബന്ധപ്പെട്ടാണ്‌ അറിയപ്പെടുന്നതു തന്നെ.
mlf_02879_00286509497	മോഹൻദാസ് കരംചന്ദ് ഗാന്ധിയുടെ പിൻഗാമിയായി നെഹ്റു കണക്കാക്കപ്പെട്ടു
mlf_03182_00711610102	ഇത്തരം ഒരു സംവാദം ഇവിടെയും കാണാം
mlf_03182_01016862497	അവരെല്ലാം ഇരുമ്പ് ഉരുക്ക് വ്യവസായങ്ങളിൽ പണിയെടുക്കാൻ നിർബന്ധിതരായി
mlf_02321_01921529119	തെളിവ് ലേഖനത്തിന്റെ സംവാദം താളിൽ കാണുക
mlf_03228_01495119986	അവിടെ കഴിഞ്ഞ സമയത്ത് അദ്ദേഹത്തെ ഒരു റോമൻ കത്തോലിക്കാ പുരോഹിതൻ സന്ദർശിച്ചു
mlf_03182_01867881105	അത് കൊണ്ട് ഇതൊരു നല്ല നീക്കം തന്നെ
mlf_02925_02073516379	അയാൾ നൽകുന്ന ഉപദേശങ്ങളെ മറികടക്കാൻ മറ്റാർക്കും അധികാരമില്ല
mlf_02321_01389526185	കാർത്തിക നാൾ മുതൽ എട്ടു ദിവസം നടത്തുന്നു
mlf_02321_00479735681	അന്ന് കേരളത്തിൽ പൊതുവായ ഒരു സാഹിത്യ ഗദ്യഭാഷ ഇല്ലാത്തതായിരുന്നു പ്രധാന പ്രശ്നം
mlf_03132_01597761178	അദ്ദേഹം ചരിത്രകാരന്മാർക്കിടയിൽ അഗസ്റ്റസ് ചക്രവർത്തി എന്നാണ് അറിയപ്പെടുന്നത്
mlf_09549_01841225521	കവലയിൽ രണ്ടാമത്തെ എക്സിറ്റ് എടുക്കുക
mlf_09549_01530499129	വലത് നേരിയ
mlf_03228_01681265716	അവരെപ്പോലെയുള്ളവരെക്കുറിച്ച് മുൻകാലങ്ങളിൽ കേട്ടുകേൾവി പോലും ഉണ്ടായിരുന്നില്ല എന്ന് അദ്ദേഹം എഴുതി
mlf_03182_00108986964	അവർക്കെതിരേ സംസാരിക്കുന്ന ഈ പുതിയ നേതാവിനെ അവർ ഇരുകൈയ്യും നീട്ടി സ്വീകരിച്ചു
mlf_02879_00308158787	കാരണം മലയാളം പേരുകൾ ആർക്കും അറിയില്ല
mlf_03132_01446878158	അഭിനേതാക്കളായി തിരഞ്ഞെടുത്തത്‌ രണ്ടാംനിര നടീനടൻമാരെയായിരുന്നു
mlf_01130_00846497941	ആനകൾ വരുമ്പോൾ അത് ഈ കുഴിയിൽ വീഴുന്നു
mlf_02018_01043988511	അവർ രാജാവിന് വേവിച്ച ധാന്യം ഭക്ഷണമായി നൽകി
mlf_05401_02119034915	അശോകനുശേഷം മഗധയ്ക്ക് ബലക്ഷയം നേരിട്ടു
mlf_04720_00525305254	അദ്ദേഹത്തിന്റെ കൂടുതൽ പ്രസിദ്ധമായ തൂലികാനാമം പരാമർശിച്ചതേയില്ല
mlf_02321_01985922326	പിന്നെ ഇത് എങ്ങനെ എല്ലാവർക്കും കാണാൻ സാധിക്കും
mlf_09845_01385615132	ഇക്കാലത്ത് കോഴിക്കോട് സാമൂതിരി രാജാക്കന്മാരുടെ ഭരണത്തിന്‍ കീഴിലായിരുന്നു
mlf_04310_00435492593	നാവിഗേഷൻ പുനരാരംഭിച്ചു
mlf_06469_00774328049	ഗുജറാത്തി എന്ന വാക്കിനാൽ താഴെപ്പറയുന്ന എന്തിനേയും വിവക്ഷിക്കാം
mlf_03182_00279301564	അതുപോലെ വെള്ള മാർബിളിൽ കറുപ്പും ഇരുണ്ടതുമായ കൊത്തുപണികൾ കൊണ്ട് മനോഹരമാക്കിയിരിക്കുന്നത്
mlf_01130_01556331104	അതിരുവിട്ട ആത്മവിശ്വാസം അയാൾക്ക് തുടരെ വിനയാകുന്നു
mlf_09845_01566580570	രണ്ടു ലേഖനങ്ങളും രണ്ടായി തന്നെ മതി
mlf_02321_01707944880	ലേഖനത്തിൽ കൂടുതലും ആദിവാസികൾ എന്നാണ് ഉപയോഗിച്ചിരിക്കുന്നത്
mlf_07754_00502237945	അതിനെ മാനിക്കാത്ത പുരോഹിതൻ പൗരോഹിത്യത്തിൽ നിന്നും പദവികളിൽ നിന്നും നീക്കപ്പെടുന്നു
mlf_07754_00618909256	അന്ത്യത്തിലെ ശ്ലോകം അതിന് യോജിക്കും വിധം ഭക്തിരസം നിറഞ്ഞുനിൽക്കുന്നതായിരിക്കണം
mlf_09549_01075934049	കവലയിൽ ആദ്യത്തെ എക്സിറ്റ് എടുക്കുക
mlf_02484_00692832212	ആക്രമണത്തിനു ശേഷം അമേരിക്കൻ പൗരന്മാരുടെ ദേശസ്നേഹം മുമ്പെങ്ങുമില്ലാത്ത വിധം വർദ്ധിച്ചു
mlf_03182_00892453778	അതിനു ശേഷം വളരെ പതുക്കെ ആയിരുന്നു വിക്കിപീഡിയയുടെ വളർച്ച
mlf_06262_01961677437	അവരൊന്നിച്ച് കവിതകൾ വായിക്കുകയും എഴുതുകയും മറ്റു ബൗദ്ധിക സാഹസങ്ങളിൽ ഏർപ്പെടുകയും ചെയ്തു.
mlf_02879_00417089547	ഞാൻ യുദ്ധത്തിനെതിരെയാണ്
mlf_01640_01406720237	ഇരുനൂറ്‌ അടിയിൽ
mlf_07754_01692955535	അതിനായിട്ടാവണം അത് മുങ്ങിപ്പോകാതിരിക്കാനുള്ള മുൻ‌കരുതൽ എന്ന നിലയിൽ തീരത്തേക്കെത്തിയത്
mlf_02879_00649051359	എനിക്ക് അടി തുടങ്ങാൻ താല്പര്യം ഇല്ല
mlf_02925_01560937337	ആദ്യമായി ചന്ദ്രോപരിതലം സ്പർശിച്ച മനുഷ്യനിർമിത വസ്തു ലൂണ രണ്ട് ആണ്
mlf_02484_00509058582	അതിനു ശേഷം ജ്യേഷ്ഠന്മാരെപ്പോലെ ലണ്ടൻഡെറിയിലെ ഫോയൽ കോളേജിൽ ചേർന്നു
mlf_03228_02063467668	അതിഗഹനമായ വേദസുക്തങ്ങളും മന്ത്രങ്ങളും സാധാരണക്കാരന് അപ്രാപ്യമാണ്
mlf_04674_01464911481	അതും ഒരു ബോളിന് ഒരു റൺസ് എന്ന ശരാശരിയിൽ
mlf_02879_00388177635	അതിനുമുൻപ് വഴികാട്ടി സഹായം നയങ്ങൾ നവാഗതർക്ക് സ്വാഗതം എന്ന താളുകൾ കാണുന്നത് നല്ലതായിരിക്കും
mlf_09845_00402176572	അതുപോലെ അനേകം എസ് ഇ ഐ സി എം എം ഐ ലെവെൽ അഞ്ച് കമ്പനികളുടെയും ആസ്ഥാനമാണിവിടം
mlf_03228_01086772436	ഇന്നും ഇന്ത്യയിൽ കുട്ടികൾക്ക് സ്വർണ്ണം ഔഷധമായി നൽകുന്നുണ്ട്
mlf_03435_01539756072	അവയെക്കുറിച്ചറിയാന്‍ ഉപവാസം നാനാര്‍ത്ഥങ്ങള്‍ എന്ന താള്‍ കാണുക
mlf_07754_00642117811	അത് വയറിൽ കുടുങ്ങി രോഗങ്ങളോ മരണമോ ഒക്കെയും സംഭവിക്കാൻ സാധ്യതയുണ്ട്
mlf_03435_01798364112	അതിലെ രാജാവായ വോഡെയർക്കാണ്‌ നീലഗിരി പീഠഭൂമിയുടെ അവകാശം സിദ്ധിച്ചത്
mlf_06262_00549505061	ഹിന്ദുസ്ഥാന്‍ എന്ന പേര്‌ രൂപം കൊണ്ടത് ഈ നദിയില്‍ നിന്നാണ്‌
mlf_01640_01981730241	വഴിയിലേക്ക് ചെറുതായി ഇടത് തിരിയുക
mlf_02018_01941428033	വയലാർ എന്ന വാക്കാൽ വിവക്ഷിക്കാവുന്ന ഒന്നിലധികം കാര്യങ്ങളുണ്ട്
mlf_09852_01873336031	തേക്കടിയിൽ നിലവിൽ കാണുന്ന തടാകം മുല്ലപ്പെരിയാർ ഡാം കെട്ടിയതിന് ശേഷം ഉണ്ടായതാണ്
mlf_02321_00801331870	ഈ താഴെ കാണുന്ന രാജ്യങ്ങളുടെ പേരുകൾ തെറ്റാണ്
mlf_02321_00130369715	ഓട് എന്ന വാക്കിനാൽ താഴെപ്പറയുന്ന എന്തിനേയും വിവഷിക്കാം
mlf_04720_00330820055	അതിർത്തി ഗാന്ധി എന്നറിയപ്പെട്ട ഖാൻ അബ്ദുൾ ഖഫാർ ഖാൻ ആയിരുന്നു ഈ പ്രസ്ഥാനത്തിന്റെ നായകൻ
mlf_03435_01116972362	ആൽക്കെമിസ്റ്റും വോൾപ്പോണും പെട്ടെന്നുതന്നെ വിജയമായി എന്നു തോന്നുന്നു
mlf_03182_01528131688	പടിഞ്ഞാറൻ ഇന്ത്യയിലെ ഒരു നദിയാണ് മാഹി
mlf_03132_00881591183	അച്യുത വാര്യർ എന്ന മന്ത്രിയുടെ കീഴിൽ കായംകുളം സൈന്യം എതിർത്തു നിന്നു
mlf_05394_00281724759	ആ മട്ടില്‍ വിജ്ഞാനകോശത്തില്‍ എഴുതുന്നത് ശരിയല്ല
mlf_04310_02006287093	രണ്ടായി പിരിയുന്നയിടത്ത് വലത്തേക്ക് പോകുക
mlf_06469_00689799159	ആധുനിക മലയാള സാഹിത്യത്തിൽ ഏറ്റവുമധികം വായിക്കപ്പെട്ട എഴുത്തുകാരിലൊരാൾ എന്ന് വിശേഷിപ്പിക്കപ്പെട്ടു
mlf_04674_00951848585	അല്ലെങ്കിൽ രാജ്യവ്യാപകമായ നിസ്സഹകരണ പ്രക്ഷോഭം ആരംഭിക്കും എന്നു മുന്നറിയിപ്പുനൽകി
mlf_05401_00549828629	മധുര തമിഴ്‌നാട്ടിലെ ഒരു വലിയ പട്ടണമാണ്
mlf_05401_00170200639	ജോഡി എന്ന ചിത്രത്തിൽ ഒരു കാമിയോ വേഷത്തിലാണ് തൃഷ ആദ്യമായി അഭിനയിച്ചത്
mlf_03182_00832004654	അതിനു ശേഷം മദീനയിലേക്കുള്ള മീഖാത്ത് ആയ അബിയാർ അലിയിൽ പുതിയൊരു റെയിൽവേ സ്റ്റേഷൻ നിർമ്മിക്കും
mlf_06469_00283018398	മഹാരാഷ്ട്ര കർണ്ണാടക എന്നിവയാണ് അയൽ സംസ്ഥാനങ്ങൾ
mlf_02879_00890713929	ഇതിനെ കറുത്ത ദ്രവ്യം എന്നു വിളിക്കുന്നു
mlf_01130_01970752818	പൊതുവായ വിവരങ്ങൾ ഇവിടെ ഞെക്കിയാൽ കാണാം
mlf_04310_00984333352	അല്പം ഇടത്തേക്ക് തിരിയുക
mlf_03132_01574495914	അവസാന വാക്ക് ആരോ അവര്‍ ആണ് നമ്പൂതിരി
mlf_04310_01565891547	അന്‍പത്ത് യാർഡ് കഴിയുമ്പോൾ
mlf_02321_00050867112	അതിനാൽ മനുഷ്യർ ഉപയോഗിച്ചിരുന്ന ആനകൾ അധികവും പിടിയാനകളായിരുന്നു
mlf_02484_00834870093	അതിനെ രക്ഷപെടുത്താനായി അദ്ദേഹം കടം വാങ്ങാൻ തുടങ്ങി
mlf_03435_00437213671	അത്തരം ക്രിസ്തുശാസ്ത്രം വേറെ കാണുന്നത് യോഹന്നാന്റെ സുവിശേഷത്തിൽ മാത്രമാണ്
mlf_02018_00429669488	അപ്പോൾ ഇങ്ങനെയുള്ള വിവരം എനിക്ക് വേണ്ട
mlf_01640_00185267378	നേരേ ഇടത്
mlf_02484_02052227349	അവശേഷിച്ച ജീവിതകാലം അദ്ദേഹം ചെലവഴിച്ചത് ഹേഗിലാണ്
mlf_04310_00015370607	തെക്കുകിഴക്ക് ഭാഗത്തേക്ക് പോവുക
mlf_07754_01112266413	അതിനുമുൻപ് ഇതൊരു ദ്രാവിഡീയക്ഷേത്രവും പിന്നീട് ബുദ്ധക്ഷേത്രവും ആയിരുന്നു
mlf_07754_00439402279	അവയിൽ ചിലതൊക്കെ ശരിയാണെന്ന് വരാം
mlf_03182_00136871658	അദ്ദേഹത്തിന്റെ മിക്ക തത്ത്വങ്ങളും ഹൈന്ദവതയിൽനിന്നെടുത്തയാണ്
mlf_05401_00044244209	ഇതേ പേരില്‍ വേറെ ഒരു പ്രമാണം നിലവിലുണ്ട്
mlf_02321_00069073897	അതിനാലാണ് ദക്ഷിണാഫ്രിക്കയെ ഗാന്ധിജിയുടെ രാഷ്ട്രീയ പരീക്ഷണ ശാല എന്നു വിശേഷിപ്പിക്കുന്നത്
mlf_04310_00586932338	തെക്കുപടിഞ്ഞാറ് ഭാഗത്തേക്ക് പോവുക
mlf_02484_00928822723	അടിമത്തത്തെച്ചൊല്ലിയാണ് അമേരിക്കയിൽ ആദ്യത്തെ ആഭ്യന്തര യുദ്ധം പൊട്ടിപ്പുറപ്പെടുന്നത്
mlf_03132_00217181900	അറബ് മേഖലയിലെ അമ്പത് സമ്പന്നരിൽ ഇരുപത്തിമൂന്നു പേരും സൗദി സ്വദേശികളാണ്
mlf_03182_00294092712	വീരകേരളന്റെ നാടായതിനാൽ കേരളം എന്ന പേർ വന്നു എന്നും ഒരു വിശ്വാസം ഉണ്ട്
mlf_02925_01826871215	ആൺതിമിംഗിലങ്ങൾ എട്ടു മുതൽ പത്ത് വയസ്സുവരെ ആകുമ്പോഴേക്കും പ്രായപൂർത്തിയാകുന്നു
mlf_06469_01876650828	കർണാടക സംസ്ഥാനത്തിന്റെ പഴയ പേര് മൈസൂർ എന്നായിരുന്നു
mlf_01640_01650895961	അന്‍പത്ത് യാർഡിൽ
mlf_03228_00513323683	ഇന്ന് തിങ്കളാഴ്ചയാണ്
mlf_02321_01233604067	അദ്ദേഹത്തിന്റെ ഉൽക്കർഷേച്ഛുവായ മൂത്തമകൻ എഡ്വേർഡും അഭിഭാഷകനായിരുന്നു
mlf_02925_01854858895	ജീവകം എന്ന വാക്കാൽ വിവക്ഷിക്കാവുന്ന ഒന്നിലധികം കാര്യങ്ങളുണ്ട്
mlf_02879_00588295975	അവയെക്കുറിച്ചറിയാൻ ഇംഗ്ലീഷ് നാനാർത്ഥങ്ങൾ എന്ന താൾ കാണുക
mlf_07754_01617707674	അദ്ദേഹത്തിന്റെ കീഴിൽ ആഴ്സണൽ ആദ്യ കിരീടങ്ങൾ നേടി
mlf_01640_01031433772	നൂറ് യാർഡിൽ
mlf_02321_00241095482	അവരെ ആധാരമാക്കി വരച്ച ചിത്രം നഷ്ടപ്പെട്ടു
mlf_06469_00644795722	ആ പതിപ്പ് തന്നെയാണ് എന്റെ പ്രമാണം
mlf_02321_00377191014	സെന്റ് ജോർജ്ജ് ഫോർട്ട് എന്നായിരുന്നു അതിന്റെ പേര്
mlf_09549_01551990836	വലത് തിരിയുക
mlf_09845_01028286752	അതായത് കഥാപാത്രത്തിനു അനുസരിച്ചുള്ള വേഷം അണിയുന്നില്ല
mlf_06262_01122639131	അവർക്കു ധരിക്കാൻ മാന്യമായ വസ്ത്രങ്ങൾ ലഭിച്ചു.
mlf_01640_00363793022	കിഴക്കോട്ട് പോവുക
mlf_05023_01091453902	അക്കാലത്ത് തഞ്ചാവൂർ ഭരിച്ചിരുന്നത് മറാഠാ രാജാക്കന്മാരായിരുന്നു
mlf_01130_00133435268	ആ വർഷാന്ത്യം ഫുട്ബോളിന്റെ ആദ്യത്തെ നിയമ പട്ടിക പുറത്തിറങ്ങി
mlf_01130_01091656305	ആദ്യ കളിയിൽ തന്നെ പുറത്താകാതെ മുപ്പത്തിയേഴ് റൺസും ഇരുപത്തിയൊമ്പത് റൺസും നേടി
mlf_01130_01375031212	കുരുമുളക് എന്ന് രണ്ട് പേജുകൾ കാണപ്പെടുന്നു
mlf_02018_01812329820	അല്ലെങ്കിൽ കുട്ടിക്കാലം മുഴുവൻ നീളുന്ന ആസ്മയിലേക്ക് നീങ്ങാം
mlf_06262_00616831968	അവനെ പരീക്ഷണമുറികളിലേക്കു കൊണ്ടുപോയി ഭാരതത്തിലെ നിരവധി പക്ഷികളെ പരിചയപ്പെടുത്തി.
mlf_03132_01948434958	അതോടെ ശരീരോഷ്മാവു കൂടി രോഗി മരണത്തോടടുത്തു
mlf_01640_00548469959	നേരേ തുടരുക
mlf_04310_00119123999	ട്രാഫിക് സർക്കിളിൽ അഞ്ചാമത്തെ എക്സിറ്റിലൂടെ പോകുക
mlf_02879_00331600323	ഈ ലേഖനം അരി എന്ന താളുമായി ലയിപ്പിക്കുന്നതിന് ശുപാർശ ചെയ്തിരിക്കുന്നു
mlf_09549_00951011312	രണ്ടായി പിരിയുന്നയിടത്ത് വലത്തേക്ക് പോകുക
mlf_08428_01260686301	അതിനാൽ ബെയ്‌ലി സ്വന്തമായി ഒരു അച്ചടിയന്ത്രം ഉണ്ടാക്കാൻ തീരുമാനിക്കുകയായിരുന്നു
mlf_09852_01517133981	അവസാനവർഷ ബിരുദ വിദ്യാർത്ഥിയാകാൻ അദ്ദേഹം അപേക്ഷ സമർപ്പിച്ചു
mlf_05394_00409484949	ആരിദ്‌ മേഖലകളിൽ നിന്നു വീശുന്ന തെക്കുപടിഞ്ഞാറൻ കാറ്റാണ്‌ മദീനയിലെ ഉയർന്ന താപനിലയ്ക്കു കാരണം.
mlf_03228_00026716813	അത് ചരിത്രം എന്ന തലക്കെട്ടിൽ അല്ലല്ലോ കൊടുത്തിരിക്കുന്നത്
mlf_07754_01068671456	അതിന്റെ നിർമ്മാണവും ശില്പങ്ങളും മൈക്കെലാഞ്ചലോയുടെ മേൽനോട്ടത്തിലായിരുന്നു
mlf_02484_02109358266	അവരുടെ തന്നെ ഗൃഹാതുരത്വവും പിതാവിന്റെ തീരുമാനവും ഇതിന്റെ കാരണങ്ങളായി പറയപ്പെടുന്നു
mlf_04720_00131936815	അങ്ങനെ ഇന്ത്യയിൽ മുഗൾവംശത്തിന് തുടക്കമിട്ടു
mlf_03132_01800055392	അന്ത്യത്തിലെ ശ്ലോകം അതിന് യോജിക്കും വിധം ഭക്തിരസം നിറഞ്ഞുനിൽക്കുന്നതായിരിക്കണം
mlf_01640_00403816460	ട്രാഫിക് സർക്കിളിൽ, വഴിയിലേക്ക് പോവുക
mlf_03435_01321683684	ഇത് മലബാറിലെ ബ്രിട്ടീഷുകാരുടെ ഒരു പ്രധാന സൈനിക കേന്ദ്രമായി മാറി
mlf_03435_01231181776	അവിടെ രാജകുമാരന്റെ വക ഹൃദ്യമായ ഒരു വരവേൽപ്പ് അദ്ദേഹത്തിന്‌ ലഭിക്കുകയുണ്ടായി
mlf_02321_01935123511	ഇതൊരു തടിമേശയാണ്
mlf_03182_00760002303	പ്രബോധനം എന്ന വാക്കിനാൽ താഴെപ്പറയുന്ന എന്തിനേയും വിവക്ഷിക്കാം
mlf_07754_00626081891	ആദിമസംസ്‌കാരങ്ങളിലെ ജ്യോതിശാസ്ത്രജ്ഞന്മാർ ചിട്ടയായ ആകാശനിരീക്ഷണങ്ങൾ നടത്തിയിരുന്നു
mlf_06262_00464649757	ആ ഉപയോക്താവിന്റെ ഇംഗ്ലീഷ് വിക്കിയിലെ തിരുത്തലുകള്‍ ഇവിടെ കാണാം
mlf_03132_00542801916	പഴയ തിരുവിതാംകൂര്‍ രാജ്യത്തിന്റെ ഭാഗമായിരുന്നു കോട്ടയം ജില്ലയുടെ ഭാഗങ്ങള്‍
mlf_02879_01427841922	ഇതിന് ഒരു പരിഹാരം തന്നെ പറ്റൂ
mlf_02321_00146712689	ലേഖനത്തിലെ ഭാഷ എന്ന ഭാഗം മിക്കവാറും തിരുത്തി എഴുതിയിട്ടുണ്ട്
mlf_02925_00690449348	അങ്ങനെയുള്ള ഒരു സമുഹത്തിൽ ഒരോ വ്യക്തിയും സ്വയം ഭരിക്കുകയും അടക്കുകയും വേണം
mlf_01130_01103613859	അതുകൊണ്ട് പഞ്ചാബ് റെയിൽവേയുടെ തറക്കല്ലിടാനും അദ്ദേഹത്തിന് അവസരം ലഭിച്ചു
mlf_02925_01314105765	അതിൽ പരിസ്ഥിതീ സംരക്ഷണത്തിന് പത്ത് ടി എം സി വേണം
mlf_02879_00641502312	ഈ താളിൽ കുറച്ച് വിവരം ചേർക്കണം
mlf_03435_00771712103	ഇവര്‍ ധാരാളം പേരെ മത പരിവര്‍ത്തനം ചെയ്തു
mlf_02879_01532647958	അതിൽ പകൽ സമയത്ത് ഭിത്തിയോടു ചേർത്ത് മടക്കിവക്കാൻ പറ്റുമായിരുന്ന ഒരു കിടക്കയിൽ അദ്ദേഹം ഉറങ്ങി
mlf_03228_00119744629	അമേരിക്കയുടെ ഇറാഖ് അഫ്ഗാനിസ്താൻ അധിനിവേശങ്ങളെ ശക്തിയുക്തം എതിർത്തു
mlf_07754_01020519330	കാരണം മലയാളം പേരുകള്‍ ആര്‍ക്കും അറിയില്ല
mlf_02321_01396454386	അന്നത്തെ കുറിഞ്ചിതിണൈ എന്നറിയപ്പെട്ടിരുന്ന തിണകളിൽ ഈ ഘോരവനങ്ങൾ പെടും
mlf_06262_00321969977	അദ്ദേഹത്തിന്‌ സ്വന്തം ആനകളെകൊണ്ട് നാശനഷ്ടമുണ്ടാവുകയും ചെയ്തു.
mlf_03182_01600288709	അതിൽ നിന്ന് വരുമാനം വർദ്ധിച്ചു തുടങ്ങി
mlf_02879_01611104443	ടെലിവിഷൻ സീരിയലുകളിലും തിലകൻ അഭിനയിച്ചിരുന്നു
mlf_03228_01890903097	ലിജു ദയവായി എല്ലാ ലേഖനങ്ങളും ശരിയായ റെഫറൻസ് കൊടുത്ത് ചെയ്യുക
mlf_06469_00349367272	വസ്തുതകൾ പറയുക മാത്രം ചെയ്താൽ മതി
mlf_02018_00005129799	ആഫ്രിക്കൻ രാജ്യമായ നൈജറിന്റേതും തിരശ്ചീനമായ മൂവർണ്ണ പതാകയാണ്
mlf_09852_01758606031	ആർട്ടിക് സമുദ്രത്തോടു ചേർന്നുകിടക്കുന്ന വടക്കു കിഴക്കൻ സംസ്ഥാനങ്ങളിൽ തണുത്ത ദിനങ്ങളാണധികവും
mlf_07754_00175972415	അടുത്ത കാലത്തായി ഈ സിദ്ധാന്തമാണ് കൂടുതൽ വിശ്വസനീയമായി കരുതിപ്പോരുന്നത്‌
mlf_02925_00430329710	അതിമനുഷ്യനെ നീച്ച അവസാനമനുഷ്യനുമായി താരതമ്യം ചെയ്യുന്നു
mlf_03182_00728161115	അന്നത്തെ കളിയുടെ അവസാനം ഇരുന്നൂറ്റിയഞ്ച് റൺസുമായി ബ്രാഡ്മാൻ പുറത്താകാതെ നിന്നു
mlf_05401_00702333167	അനുവദനീയമായതെല്ലാം അഭികാമ്യമല്ല എന്ന് പൗലോസ് വാദിച്ചു
mlf_02879_00881198743	ഈ ലേഗനത്തിനു റോമാ റിപ്പബ്ലിക്ക് എന്ന പേര് അല്ലേ കൂടുതൽ അനുയോജ്യം
mlf_05401_01209420986	അദ്ദേഹം ഒരേസമയം രചയിതാവും കഥാപാത്രവും സാക്ഷിയുമായി
mlf_03435_02014843680	പക്ഷെ അതേ പേരില്‍ ഒരു റീഡയറക്ട് പേജ് നിലവില്‍ ഉണ്ട്
mlf_06262_01316833265	അവിടത്തെ സിഗുറായി എന്നറിയപ്പെടുന്ന ക്ഷേത്രങ്ങളോട് ബന്ധപ്പെട്ടായിരുന്നു ഈ ആചാരം.
mlf_02321_00362283277	കൊല്ലം എന്ന വാക്കാൽ വിവക്ഷിക്കാവുന്ന ഒന്നിലധികം കാര്യങ്ങളുണ്ട്
mlf_03435_01856209460	ആരോഗ്യസംരക്ഷണത്തിനായി ചെറിയ ആശുപത്രികൾ സ്ഥാപിച്ചു
mlf_02925_02051267312	അതിലെ സാഹിത്യം ഹിന്ദുസ്ഥാനിയിലാണ്
mlf_01640_00403496268	മൂന് മൈലിൽ
mlf_06262_01858270525	അതില്‍ ഞാന്‍ എന്റെ ചില നിര്‍ദ്ദേശങ്ങള്‍ വച്ചു എന്നേ ഉള്ളൂ
mlf_03182_01751342318	ഞാൻ സ്റ്റേഷനിലെത്തിയപ്പോഴേക്കും തീവണ്ടി പുറപ്പെട്ടു കഴിഞ്ഞിരുന്നു
mlf_06262_01959228601	അതിന്നുമുൻപ് ഇവിടങ്ങളിൽ ഉണ്ടായിരുന്നത് അനേകം നാട്ടുരാജ്യങ്ങളായിരുന്നു.
mlf_03182_00704463808	അതിനാൽ വളരെ ഫലഭൂയിഷ്ടമാണ് ഈ പ്രദേശങ്ങൾ
mlf_04310_01265251224	ട്രെയിന്‍ കയറുക
mlf_02484_01525788631	അതിനുശേഷം പാപ്പയുടെ നേതൃത്വത്തിൽ പെപ്പൽ കുർബാന നടക്കുന്നു
mlf_01640_02099452554	തെക്കോട്ട് പോവുക
mlf_06469_00292171359	അതിനായി ചിലപ്പോൾ ആഴ്ചകളോ മാസങ്ങളോ വർഷങ്ങൾ തന്നെയോ എടുത്തേക്കാം
mlf_07754_00384523504	അന്നത്തെ നമ്പൂതിരി പാഠ്യശാലകൾ ശാലൈ എന്നാണ് അറിയപ്പെട്ടിരുന്നത്
mlf_06262_00389103762	അമേരിക്കയിലെ സ്കൂൾ സിലബസിന്റെ ഭാഗമായി ഇത് മാറിയിട്ടുണ്ട്.
mlf_02018_01762157236	അയിത്തം തീണ്ടൽ തൊട്ടുകൂടായ്മ അടിമത്തം ഊഴിയം തുടങ്ങി നിരവധി അനാചാരങ്ങൾ നിലനിന്നിരുന്നു
mlf_03435_01731688779	സേത് രാംചരൺ ഗുപ്തയുടേയും കാശീബായിയുടേയും മകനായി ഝാൻസിയിൽ ജനിച്ചു.
mlf_07754_00896087988	അതിനുശേഷം ഈ പ്രവാഹങ്ങൾ ദക്ഷിണ അറ്റ്‌ലാന്റിക് കടന്ന് മറ്റു സമുദ്രങ്ങളിലേക്ക് ഒഴുകുന്നു
mlf_08428_00464814359	അച്ഛൻ അഞ്ചാം ക്ലാസുവരെയെ പഠിച്ചിട്ടുള്ളൂ എങ്കിലും ആദർശധീരനായിരുന്നു
mlf_07754_02001665400	അവയുടെ നിർമ്മാണം അക്കാലത്ത് കൂടുതൽ ബഹുമാന്യമായ തൊഴിലായി കരുതപ്പെട്ടിരുന്നു
mlf_07754_00183563367	അതിനുശേഷം ബൊളീവിയൻ സൈനികർ മൃതശരീരം പേര് വെളിപ്പെടുത്താത്ത ഒരിടത്തേക്ക് മാറ്റി
mlf_02879_02031207580	അല്ലാഹു എന്നതിന്റെ അറബി പദം ദൈവം എന്നു തന്നെയാണ്
mlf_03228_01262976099	ആറാം ക്ലാസിലായിരുന്നപ്പോൾ മോഹൻലാൽ സ്കൂളിലെ മികച്ച നടനായി തിരഞ്ഞെടുക്കപ്പെട്ടു
mlf_09852_02063451915	അപ്പോൾ അവർ നാലു മാസം ഗർഭിണിയായിരുന്നു
mlf_01130_01345972836	അദ്ദേഹത്തിന്റെ അനുയായികൾ പ്രസിഡന്റിന്റെ കൊട്ടാരം ഉപരോധിച്ചു
mlf_03182_00770779508	അന്തരീക്ഷത്തിലെ വാതകമാലിന്യങ്ങൾ വർദ്ധിക്കുമ്പോൾ ആസ്മ മൂർച്ഛിക്കുന്നതും സാധാരണയാണ്
mlf_02879_00354235038	ഇത് വലിയ വള്ളങ്ങളിൽ മേൽക്കൂര കെട്ടി അകത്ത് സൗകര്യങ്ങളോട് കൂടി പണിത വള്ളങ്ങളാണ്
mlf_03435_00099240240	മലയാളഭാഷയ്ക്ക് ഒരു സ്വതന്ത്രഭാഷഎന്ന നിലയിൽ രണ്ടായിരത്തി മുന്നൂറ്‌ഓളം വർഷങ്ങളുടെ പഴക്കം അനുമാനിക്കപ്പെടുന്നു
mlf_08428_02092227834	ഉപവാസം എന്ന വാക്കിനാൽ താഴെപ്പറയുന്ന എന്തിനേയും വിവക്ഷിക്കാം
mlf_02321_01593180609	മട്ടന്നൂർ ശങ്കരൻ കുട്ടി എന്നാണ് അദ്ദേഹം പരക്കെ അറിയപ്പെടുന്നത്
mlf_03132_00162249555	ഞാന്‍ ആ കത്ത് എഴുതാം എന്ന് സമ്മതിച്ചു
mlf_02321_00390710145	അതിന്റെ ആരംഭമാണ് വേദകാല ശൈലിയിൽ കാണുന്നത്
mlf_06469_01866372182	അടവൂർ ആണ് പിന്നീട് അടൂർ ആയി മാറിയത്
mlf_06262_00564076336	ആ പരാമര്‍ശം ലേഖനത്തില്‍ നിന്നു മാറ്റണം
mlf_04720_01703109874	അംഗങ്ങളെ മൂന്നായി തരംതിരിച്ചിട്ടുണ്ട്
mlf_02925_01634563624	അദ്ദേഹം അറിയപ്പെടുന്ന ഒരു കവി ആയിരുന്നു
mlf_04310_01018519951	നൂറ്റി അന്‍പത്ത് അടി കഴിയുമ്പോൾ
mlf_01130_00874434621	കൂടുതലും അറബി നാമങ്ങൾ ആയിരുന്നു ഉപയോഗിച്ചിരുന്നത്
mlf_07754_01986641174	ആദത്തിന്റെ പാപം ജന്മാവകാശമായി വാങ്ങി എല്ലാ മനുഷ്യരും നിത്യശിക്ഷയ്ക്കുള്ള അർഹതയോടെ ജനിക്കുന്നു
mlf_01130_00538927816	ആനകളുടെ കുട്ടിക്കാലം വളരെ കൂടുതലാണ്
mlf_02321_01710991966	അതോടെ തീർത്ഥാടക നഗരങ്ങളായ മക്കയും മദീനയും ഉൾപ്പെടെയുള്ള പ്രദേശങ്ങൾ ഈ ഭരണത്തിനു കീഴിലായി
mlf_03182_01210505537	അവരെ പാർപ്പിക്കാൻ പോർട്ട് ബ്ലെയറിൽ ഒരു തടവറ പണിയാൻ ബ്രിട്ടീഷുകാർ തീരുമാനിച്ചു
mlf_09852_01233539200	അതാണ് എന്നെ ആശ്ചര്യപ്പെടുത്തുന്നത്
mlf_02925_00083762970	അബ്ദുൾ അസീസ് രാജാവ് ആണ് സൗദി അറേബ്യയിൽ ഒരു നീതിന്യായ സംവിധാനം സ്ഥാപിച്ചത്
mlf_09845_01264435550	അസുര ചക്രവർത്തിയായ മഹാബലിയുടെ ചരിത്രമാണ്‌ ഓണത്താർ പാട്ടിന്റെ ഉള്ളടക്കം
mlf_05394_02090370478	അതായത്, നക്ഷത്രങ്ങൾ ഒരു ഭുജത്തിൽ നിന്ന് മറ്റൊന്നിലേക്ക് മാറിക്കൊണ്ടിരിക്കും.
mlf_06469_00150436570	അത് അടിച്ചമർത്തുന്നതിൽ അദ്ദേഹം വിജയിച്ചു
mlf_09852_00237664492	മധു അഭിനയിച്ച ചലച്ചിത്രം ആണ് ഹൃദയം ഒരു ക്ഷേത്രം
mlf_03132_01863721118	ആഗോള ശരാശരിയിൽ നിന്നും ഏറെ താഴെയും
mlf_02879_00149150133	അസോസിയേഷൻ ഫുട്ബോൾ എന്നതും മറ്റൊരു പേരാണ്
mlf_09845_00051984263	അന്റാർട്ടിക്കയുടെ ഭൂപ്രകൃതിയും അവിടുത്തെ ശിലാനിർമ്മിതികളും മിക്കവാറും അക്കാലങ്ങളിലാണ് രൂപം കൊണ്ടത്
mlf_05023_00099487829	കേരളത്തിൽ ആദ്യമായി ഇംഗ്ലീഷ് ഭാഷ പഠിപ്പിച്ചത് ഇവിടെയാണ്
mlf_02879_01207372851	ചിത്രത്തിനു അനുയോജ്യമായ ഒരു പേരു കൊടുക്കുക
mlf_03132_00478662173	ഇടുക്കി ജില്ലയുടെ ഭാഗമായ ഒരു ചെറിയ പട്ടണമാണ് മൂന്നാര്‍
mlf_03182_00984163838	ആധുനിക ബാംഗ്ലൂർ കണ്ടെത്തിയത് വിജയനഗര സാമ്രാജ്യത്തിന്റെ ഒരു അടിയാനായ കെമ്പെ ഗൗഡ ഒന്നാമനെയാണു
mlf_02018_00042924223	അവർക്ക് താമസം ഒരുക്കിയിരുന്നത് ചാലക്കുടിപ്പുഴയുടെ തീരങ്ങളിലായിരുന്നു
mlf_09845_00202840105	പിന്നെ താങ്കള്‍ കാണിച്ചു തന്ന ആധാരം ഞാന്‍ നോക്കി
mlf_01130_01331700629	അമ്മാവന്റെ മക്കൾ ആദ്യമായി അന്ന് യുവാവിന് ക്ഷൗരം ചെയ്യുന്നു
mlf_09549_01977624256	രണ്ട്‌ മൈലിൽ
mlf_03435_01438687235	അതുപോലെ മുൻ കാലങ്ങളിൽ ഏഴ് ദിവസത്തെ താലപ്പൊലി ഉണ്ടായിരുന്നുവത്രെ.
mlf_04720_00905682486	അന്നത്തെ റസിഡന്റ് കേണൽ മൺറോയുടെ നിർദ്ദേശപ്രകാരം ആലപ്പുഴയിൽ താമസിച്ച് അവർ മലയാളം പഠിച്ചു
mlf_03132_00641990623	അവസാനമായപ്പോഴേക്കും കൂലിപ്പട്ടാളം പകുതിയും പിൻ‍വാങ്ങിയിരുന്നു
mlf_01130_00842168275	ഇംഗ്ലീഷ് ഭാഷയിൽ ബിരുദാനന്തര ബിരുദം നേടിയിട്ടുണ്ട്
mlf_09845_00483970112	അദ്ദേഹം രൂപകല്പന ചെയ്ത വീടുകളും ധാരാളമുണ്ട്
mlf_02925_01495405657	ആവശ്യത്തിനനുസരിച്ച് വെള്ളവും വൈദ്യുതിയും എ എൻ സി വാഗ്ദാനം ചെയ്തിരുന്നു
mlf_05394_00858767556	അപ്പോൾ ബോർണിയോയിലായിരുന്ന വാലേസിന്റെ സഹായവും ഡാർവിന് കിട്ടി.
mlf_03435_00959930544	അത്രയ്ക്കു തന്ത്രപരമായാണ് ഹാനിബല്‍ ഒരോ നീക്കങ്ങളും ആസൂത്രണം ചെയ്തത്
mlf_03228_00694445007	അതിനായി ആയിരത്തിയെട്ട് നാളികേരമാണ് ഉപയോഗിക്കുന്നത്
mlf_02484_00895077713	അതിന് ഹിറ്റ്‌‌ലറുടെ നേരിട്ടുള്ള അംഗീകാരവും വേണ്ടിയിരുന്നു
mlf_07754_00495714614	അവൾ ഒറ്റയ്ക്കായപ്പോൾ അറിവിന്റെ വൃക്ഷത്തിൽ നിന്നു ഭക്ഷിക്കാൻ സാത്താൻ അവളെ പ്രേരിപ്പിച്ചു
mlf_02484_01421880307	അതിനുമുൻപ് ഇതൊരു ദ്രാവിഡീയക്ഷേത്രവും പിന്നീട് ബുദ്ധക്ഷേത്രവും ആയിരുന്നു
mlf_09549_01784889769	, തുടർന്ന്
mlf_02321_01496421999	അഞ്ചാം നിലക്ക് മുകളിൽ ഫൈബർ കൊണ്ടുള്ള പന്തലുകളാണ് ഒരുക്കിയിരുന്നത്
mlf_03228_01581856855	ആ ശ്രമം പാഴായിപോയെങ്കിലും കാസ്ട്രോ തിരിച്ചു ഹവാനയിലേക്കു ചെന്നു
mlf_02925_01076742652	അമ്മയെപ്പോലെ തന്നെ കറുത്തനിറമായതിനാൽ കൃഷ്ണദ്വൈപായനൻ എന്ന പേരും ഉണ്ടായിരുന്നു
mlf_03182_00744115474	ഇല്ലെങ്കിൽ ധൈര്യമായി പുതിയ ലേഖനം തുടങ്ങാം
mlf_04310_01785171244	കാൽ മൈൽ കഴിയുമ്പോൾ
mlf_09549_00044133698	എന്നൂര് അടിയിൽ
mlf_02321_02055671488	മലയാളത്തിൽ ഇന്ത്യയിലെ ഇസ്ലാമിക പ്രസ്ഥാനം എന്നു പറയാം
mlf_09845_00601154311	അതിനോടനിബന്ധിച്ച് ഒരു വാരം സേവനവാരമായും കൊണ്ടാടുന്നു
mlf_04674_00583547805	സത്യം പറയുന്ന ഒരു മനുഷ്യന് വേഗതയുള്ള ഒരു കുതിര ആവശ്യമാണ്
mlf_03435_01358490390	ആവശ്യമായ മെമ്മറി ഏറ്റവും കുറവ് അഞ്ഞൂറ്റി പന്ത്രണ്ട് എം_letter ബി_letter യാണ്
mlf_04310_00419669978	ട്രാഫിക് സർക്കിളിൽ മൂന്നാമത്തെ എക്സിറ്റിലൂടെ പോകുക
mlf_03435_01241113193	അതുമാത്രമല്ല പതിനാറ് ലക്ഷത്തിൽ കൂടുതൽ പേർക്ക് തൊഴിൽ നൽകുന്ന ഒരു സ്ഥാപനവും കൂടിയാണ് ഇന്ത്യൻ റെയിൽവേ
mlf_01130_00482570085	അതിന്റെ അനന്തരഫലങ്ങളും വിനാശകരമായിരുന്നു
mlf_04720_00144032829	ഏറ്റവും കൂടുതലായി ഉപയോഗിക്കുന്ന ലോഹമാണ് ഇരുമ്പ്
mlf_03132_02073306174	അനുഭവങ്ങൾക്ക് എന്തും എഴുതിവക്കാൻ പാകത്തിലുള്ള മെഴുകല്ല നമ്മുടെ മനസ്സ്
mlf_07754_01890815853	അടുത്ത സന്ദർശനം വൈക്കം സത്യാഗ്രഹത്തോടനുബന്ധിച്ച് ആയിരുന്നു
mlf_07754_01374218614	അദ്ദേഹം എങ്ങനെ ജെയിൽ ചാടിപ്പോയെന്നറിയാൻ മതദ്രോഹക്കോടതിക്കാർ പോലും കൗതുകം കാട്ടി
mlf_01640_00647430092	ഇടത് തിരിയുക
mlf_01130_01192308872	അവയുടെ നിർമ്മാണം അക്കാലത്ത് കൂടുതൽ ബഹുമാന്യമായ തൊഴിലായി കരുതപ്പെട്ടിരുന്നു
mlf_04720_00811182674	അക്കാലത്ത് സഞ്ചാരികളും കച്ചവടക്കാരും ഒരു വിശ്രമ കേന്ദ്രമെന്ന നിലയിൽ മക്കയെ ഉപയോഗിച്ചിരുന്നു
mlf_06469_01590244243	അകെയുള്ള നേതൃത്വം മാർത്താണ്ഡ വർമ്മ തന്നെയായിരുന്നു
mlf_03132_00745669208	അദ്ദേഹം എപ്പോഴും ഏറെ പുസ്തകങ്ങൾക്കുനടുവിൽ തിരക്കിലായിരുന്നു
mlf_01130_00583906423	അൻപത്തിയേഴാം വയസ്സിൽ ആയിരത്തി മുപ്പത്തിയേഴ് ജൂണിൽ ആ പ്രതിഭ ഇഹലോകം വെടിഞ്ഞു
mlf_07754_00409559679	അന്ന് മോത്തിഹാരി ബ്രിട്ടീഷ് ഇന്ത്യയിലെ ബംഗാൾ പ്രസിഡൻസിയുടെ ഭാഗമായിരുന്നു
mlf_02321_00204295312	അതുകുടിക്കുന്നതോടെ സത്യാഗ്രഹം അവസാനിക്കും എന്നായിരുന്നു ബ്രിട്ടീഷ് സർക്കാർ കരുതിയിരുന്നത്
mlf_02321_00474216049	അതിന്റെ സാന്ദ്രത അതിനെ കടിച്ചാൽ പൊട്ടാത്തതാക്കി
mlf_06262_02074564597	കേരളീയരുടെ ഒരു പ്രധാ‍ന പ്രാതൽ വിഭവമാണ് പുട്ട്.
mlf_03228_02116244283	അതേ സമയം ഇതേ രൂപഭാവം പ്രകടിപ്പിക്കുന്ന സിലിക്കേറ്റ് സംയുക്തങ്ങളുണ്ട്
mlf_07754_01118152572	ആത്മഹത്യ എപ്പോഴും യുക്തിരഹിതമാണെന്ന വിശ്വാസം ഇക്കൂട്ടർ ത‌‌ള്ളിക്കളഞ്ഞിരുന്നു
mlf_06469_00179120918	ആദ്യത്തെ പതിമൂന്നു കോളനികളും ഈ സമതലത്തൈലാണ് വികസിച്ചത്
mlf_02321_00168086164	അനുഭവ പരിചയവും ഇത്തരക്കാർക്ക് കുറവായിരിക്കും
mlf_09549_00889391343	കിഴക്കോട്ട് പോവുക
mlf_07754_01338226477	മലയാളഭാഷയ്ക്ക് ഒരു സ്വതന്ത്രഭാഷഎന്ന നിലയിൽ രണ്ടായിരത്തി ഓളം വർഷങ്ങളുടെ പഴക്കം അനുമാനിക്കപ്പെടുന്നു
mlf_09845_00148725640	ശക്തന്‍ തമ്പുരാന്‍ ഇവരില്‍ നിന്ന് കൂടുതല്‍ നികുതി ആവശ്യപ്പെട്ടു
mlf_03182_01094219088	സ്റ്റേറ്റ് ബാങ്ക് ഓഫ് ഇന്ത്യയുടെ ഒരു വലിയ ശാഖ ഫോർട്ട് റോഡിൽ ഉണ്ട്
mlf_03182_01613714458	അന്റാർട്ടിക് പ്രദേശത്തായിരുന്നു ഇവയെ ഏറ്റവും കൂടിയ എണ്ണത്തിൽ കണ്ടു വന്നിരുന്നത്
mlf_02925_00339044019	അത് പ്രബുദ്ധമായ ഒരു അരാജകാവസ്ഥയാണ്
mlf_05401_01375666546	ഞാൻ തിരിച്ചുവരും
mlf_03182_01129782387	അമേരിക്കയൂടെ മറ്റു ഭാഗങ്ങൾ അവരെ സംബന്ധിച്ചെടുത്തോളം അജ്ഞാതമായിരുന്നു
mlf_01640_01520280059	രണ്ട്‌ മൈലിൽ
mlf_02321_01482314869	അവയെക്കുറിച്ചറിയാൻ കേരളത്തിലെ പക്ഷികൾ നാനാർത്ഥങ്ങൾ എന്ന താൾ കാണുക
mlf_02018_00814318172	അപ്പോൾ ഒരു ഗാർഹിക പ്രതിസന്ധിയുടെ നടുവിലായിരുന്നു ഡാർവിൻ
mlf_03435_01010069957	എന്ത് കൊണ്ട് അതിന് ചരിത്രത്തില്‍ സ്ഥാനം കിട്ടിയില്ല എന്നറിയില്ല
mlf_09852_00481000458	അത് മനോഹരമാണ്
mlf_09852_00770097891	ഗോപി എന്ന പേരു മാത്രം മതിയാകും
mlf_03132_00800053658	അന്നു മുതൽ കുണൂർ പാതയും സിസ്‌പാറ ചുരവും ഊട്ടിയിലേക്കുള്ള പ്രധാന മാർഗങ്ങളിലൊന്നായിത്തീർന്നു
mlf_03182_01620445830	എന്റെ കയ്യിൽ അത്തരം പേരിലുള്ള ഒന്നും ഇല്ല
mlf_02018_00845498762	അതുപോലെ ബോൾ ബാറ്റ്സ്മാന് എത്തിപ്പിടിക്കാവുന്ന അകലത്തിലായിരിക്കണം എറിയേണ്ടത്
mlf_07754_01872611586	അതിന്റെ ഒരു പുതിയ പതിപ്പ് പോലും ഞാന്‍ കുറെ വര്‍ഷം മുന്‍പ് കണ്ടിട്ടുണ്ട്
mlf_03182_00008388243	ആസ്റ്ററുടെ പ്രസാധനനയങ്ങളിൽ ഓർവെലിന്റെ ശക്തമായ സ്വാധീനം പ്രകടമായിരുന്നു
mlf_04720_01044711427	അനുകൂലിക്കുന്നു വളരെ നല്ല ചിത്രം തന്നെ
mlf_03182_01543795737	അവധിൽ പലയിടത്തും നിശ്ചയിക്കപ്പെട്ടിരുന്ന നികുതി വളരെ അധികമാണെന്നായിരുന്നു ഹെൻറിയുടെ അഭിപ്രായം
mlf_03228_00979082306	വിക്ടർ എന്ന ഉച്ചാരണം ഫ്രഞ്ച് അല്ല
mlf_03132_01748804870	അത്തവണ ജെർമൻ മിഡ്ഫീൽഡറായ ബേൺഡ് ഷൂസ്റ്ററുടെ നേതൃത്വത്തിൽ ലാ ലിഗാ നേടി
mlf_07754_02027661878	അവരുടെ കല ദൃശ്യവും ചലച്ചിത്രസമാനമായ ഒഴുക്കുള്ളതുമാണ്‌
mlf_04674_00480433680	അതോടൊപ്പം സാധാരണക്കാരായ തൊഴിലാളികൾക്ക് കൂടുതൽ ആനുകൂല്യങ്ങൾ പ്രഖ്യാപിച്ചു
mlf_03435_00344581488	തമിഴ്‌നാട്‌ ഇന്ത്യയുടെ തെക്കേയറ്റത്തുള്ള സംസ്ഥാനമാണ്‌
mlf_06262_00861210091	അതുപോലെ തന്നെ പാരിഷ് സംബന്ധമായ പ്രവർത്തനങ്ങളിൽ അതീവ താൽപര്യവുമുണ്ടായിരുന്നു ഈ കുട്ടിക്ക്.
mlf_06262_00990667524	എനിക്ക് നിങ്ങള്ക്ക് ആവശ്യമെങ്കില്‍ കുറച്ചു പൈസ തരാന്‍ കഴിയും
mlf_03132_01212893249	ബ്ലോക്ക് വേണം എന്നു തന്നെ എന്റെ അഭിപ്രായം
mlf_02321_01266907354	മുരാരി അങ്ങനെ പറഞ്ഞു എന്നല്ല ഞാൻ പറഞ്ഞത്
mlf_03228_00401232003	അത് കൂടാതെ പത്തൊമ്പതാം നൂറ്റാണ്ടിൽ ഭീമമായ കവാടങ്ങളോട് കൂടിയ നാല് വൻ കോട്ടകൾ കൂടി നിർമിച്ചു
mlf_06469_00710038894	മിക്ക ഇന്ത്യൻ ഭാഷകളിലും ഭൗതികം എന്നാണ്
mlf_02484_01149004216	ഇതിനു പുറമേ അനവധി ചെറുകിട വ്യവസായ സ്ഥാപനങ്ങളും ജില്ലയില്‍ പ്രവര്‍ത്തിക്കുന്നു
mlf_09549_00712665400	ഇടത് വഴിയിലേക്ക് തിരിയുക
mlf_05401_01725265926	വിക്കിയില്‍ ആയുധങ്ങള്‍ സ്ഥലങ്ങള്‍ ഹൈന്ദവ ലേഖനങ്ങള്‍ എന്നിവ തര്‍ജ്ജമ ചെയ്യുന്നു
mlf_02321_01581277093	കന്നി മാസം കന്നി എന്ന മലയാള മാസം
mlf_07754_01025322152	അതിന് കിഴക്കും പടിഞ്ഞാറും ഓരോ കവാടങ്ങളുണ്ട്
mlf_03182_01273472653	ഇനിയും ഒരുപാട് നല്ല ലേഖനങ്ങൾ പ്രതീക്ഷിക്കുന്നു
mlf_06469_01882847169	പുതിയ വിവരങ്ങൾ ചേർത്ത എല്ലാവർക്കും നന്ദി
mlf_04310_01137177708	ട്രാഫിക് സർക്കിൾ കടക്കുക
mlf_03228_02072280732	അതുകൊണ്ട് ജനങ്ങൾ അദ്ദേഹത്തെ ശക്തൻ തമ്പുരാൻ എന്നു വിളിച്ചു
mlf_08428_01235642164	മരപ്പലകകളിൽ കെട്ടി പരസ്യപ്രദർശനം നടത്തുകയായിരുന്നു ചെയ്തത്
mlf_02484_01023230611	ആഫ്രിക്കൻ നാഷണൽ കോൺഗ്രസ്സിന്റെ യുവജനസംഘടനയായ യൂത്ത് ലീഗിന്റെ സ്ഥാപകരിൽ പ്രമുഖനായിരുന്നു മണ്ടേല
mlf_06469_01126886738	അവർക്ക് യോഗ്യത കുറവാണ് എന്നായിരുന്നു കാരണം പറഞ്ഞിരുന്നത്
mlf_06469_00099157794	കൂടുതൽ വിവരങ്ങൾക്ക് ഈ ചർച്ച കാണുക
mlf_04674_01166820185	എട്ട് പേരെ പ്രസിഡന്റ് നാമനിർദ്ദേശം ചെയ്യുന്നു
mlf_09549_00680820328	മൂന് മൈലിൽ
mlf_03182_01665466010	ആറു കൺസോളുകളാണ് ഉബുണ്ടുവിലുള്ളത്
mlf_06469_01668537576	അതിനു ശേഷം സർക്കാർ ഉത്തരവു പ്രകാരം എല്ലായിടത്തും തിരുവനന്തപുരം എന്നുതന്നെ ഉപയോഗിച്ചുപോരുന്നു
mlf_06262_00552294677	അവര്‍ നേരിടുന്ന ചില പ്രശ്നങ്ങള്‍ ആണ് ഞാന്‍ മുകളില്‍ ലിസ്റ്റ് ചെയ്തത്
mlf_05401_01655926900	അതിനു ശേഷം അതിനെ മെരുക്കിയെടുക്കുന്നു
mlf_01130_01185332286	പക്ഷെ ഇന്നത്തെ അവസ്ഥയിൽ ഇത് പൂർണമായും സാധ്യമല്ല
mlf_09852_01993084913	ആഫ്രിക്കൻ ആനകൾ അസുഖം വന്നാലോ മുറിവേറ്റാലോ മാത്രമേ നിലത്ത് കിടക്കാറുള്ളൂ
mlf_06262_00324327251	തെറ്റാണെന്ന് തോന്നുന്ന ഭാഗങ്ങള്‍ തിരുത്തി എഴുതൂ
mlf_02879_00835904724	അവളെ വളർത്തിയത് വെറും സാധാരണക്കാരനായ കാവേര മുനിയാണ്
mlf_03182_00123841576	അപ്പോൾ ഫ്രഞ്ച് ഉച്ചാരണം ആണ് വേണ്ടത്
mlf_06469_00820903814	ഈ ക്ഷേത്രത്തിലെ നവരാത്രി ഉത്സവം പ്രശസ്തമാണ്
mlf_06262_00846413272	അവയിൽനിന്നു വ്യത്യസ്തമായ നിർമ്മാണരീതിയാണ് ഈ ശവകുടീരത്തിൽ കൈക്കൊണ്ടിട്ടുള്ളത്.
mlf_03182_01471173700	അൻപതിലേറെ അംഗീകൃത ആയുർവേദ കേന്ദ്രങ്ങൾ തിരുവനന്തപുരം നഗരത്തിനുള്ളിലും പുറത്തുമായുണ്ട്
mlf_02321_00703011927	എന്നാൽ ഇതു ശരിയാണോ എന്നു സംശയമുണ്ട്
mlf_01130_00697584464	ആര്യ ശൈലിയുടെ വികസിത മാതൃകയായി പ്രതിപാദിക്കപ്പെട്ടത് ഒറീസ ഉപശാഖയാണ്
mlf_02321_00421482579	ഈ സാമ്രാജ്യത്തിന്റെ അതിർത്തി ഗംഗ ആണ്
mlf_03435_00264646723	കന്നി എന്ന വാക്കാല്‍ വിവക്ഷിക്കാവുന്ന ഒന്നിലധികം കാര്യങ്ങളുണ്ട്
mlf_04310_00636198514	കിഴക്കോട്ട് പോവുക
mlf_01640_00124672388	ഡാറ്റ കണക്ഷൻ നഷ്ടമായി
mlf_03228_00255406825	അവർ ഇവിടെ ഒരു കോട്ട പണിതു
mlf_03228_01166911871	ആദ്യത്തെ ആണവ അന്തർവാഹിനികൾ രാജ്യത്തിനായി സമർപ്പിച്ചു
mlf_03182_00133311425	അവിടത്തെ സഭാസമ്മേളനത്തിന് മുൻപിൽ പൗലോസും ബർണ്ണബാസും തങ്ങളുടെ ദൗത്യാനുഭവങ്ങൾ വിശദീകരിച്ചു
mlf_04720_00678845433	ആതുരസേവനത്തിനിടെ അദ്ദേഹത്തിന് പ്ലേഗ് രോഗം ബാധിച്ചു
mlf_05023_00020891554	അതിനാൽ അഹിംസ എന്ന തത്ത്വത്തിന്റെ ഉപജ്ഞാതാവ് ഗാന്ധി അല്ല
mlf_08428_01066242561	ആകാശഗംഗയുടെ നൂറിലൊന്നോളം വലിപ്പം മാത്രമുള്ള ഇവയിൽ നൂറുകോടിയോളം നക്ഷത്രങ്ങൾ മാത്രമേ കാണൂ
mlf_03435_01266795514	അവയെക്കുറിച്ചറിയാന്‍ ജാതി നാനാര്‍ത്ഥങ്ങള്‍ എന്ന താള്‍ കാണുക
mlf_06262_01317245164	ആറാട്ടിനുശേഷം ഭഗവതി അമ്പലത്തിൽ അത്താഴപൂജ.
mlf_09549_00854032078	നിങ്ങളുടെ ലക്ഷ്യസ്ഥാനം വലതുവശത്തായിരിക്കും.
mlf_04674_01161014047	എന്റെ അഭിപ്രായം ഞാൻ പറഞ്ഞു എന്ന് മാത്രം
mlf_03182_01033801421	അതിന്റെ മുഖചിത്രം ഡിസൈൻ ചെയ്യുന്നതിനു പുറമേ അതിലെ പല ചിത്രീകരണങ്ങളും അദ്ദേഹം നടത്തി
mlf_07754_01393111090	അവർ വേർ തിരിഞ്ഞാണ് ഈ സഭയിൽ വോട്ടു ചെയ്തിരുന്നത്
mlf_03435_00712580142	അവസാനമായി പഠിപ്പിക്കുന്നതാണ് ഈ അടവുകൾ
mlf_03228_00197763239	അസ്തമയസമയത്ത് ത്രയോദശി തിഥി വരുന്ന ദിവസമാണിത്
mlf_03182_01515897008	മലയാള ഭാഷയെക്കുറിച്ച് ആദ്യമായി പഠനം നടത്തുന്നത് പാശ്ചാത്യ ഭാഷാ ചരിത്രകാരനായ കാൾഡ്വെൽ ആണ്
mlf_05401_00738288425	ആഗോള ശരാശരിയിൽ നിന്നും ഏറെ താഴെയും
mlf_07754_02047521486	അലഹബാദിലേക്ക് മടങ്ങേണ്ടി വരുമെന്നായപ്പോൾ അതിർത്തിയിൽത്തന്നെ ഒരു നിയമനത്തിന് അദ്ദേഹം ശ്രമമാരംഭിച്ചു
mlf_02484_02079808297	അങ്ങനെയാണെങ്കിൽ ചികിത്സ എത്രയും പെട്ടെന്നു തന്നെ തുടങ്ങേണ്ടത് അത്യാവശ്യമാണ്
mlf_03182_01606705580	അനേകം പുരസ്കരങ്ങളും പുസ്തകത്തെയും രചയിതാവിനെയും തേടിയെത്തിയിട്ടുണ്ട്
mlf_06469_00626831735	അദ്ദേഹത്തിന്റെ ഏറ്റവും മികച്ച കൃതികൾ പിറന്നത് ഈ ഘട്ടത്തിലാണ്
mlf_03182_00895659718	അതുവരെയുള്ള കണക്കു വച്ചു നോക്കിയാൽ ഇതൊരു റിക്കോർഡാണ്
mlf_03182_00581284215	അമാദോരി ഇരുപത്തഞ്ചുവർഷം മൈക്കെലാഞ്ചലോയെ വിശ്വസ്തതയോടെ സേവിച്ചു
mlf_07754_00918436090	ഇതില്‍ വേറിട്ടു നില്‍ക്കുന്നത് ഓണം മാത്രം
mlf_03435_00985515444	പ്രസാധകര്‍ പ്രസിദ്ധീകരിച്ച വര്‍ഷം എന്നിവ കൊടുക്കണം
mlf_03132_01137662385	പ്രിയ സുഹൃത്തേ താങ്കള്‍ ഈ താളില്‍ നല്‍കിയ മറുപടി ശ്രദ്ധിച്ചു
mlf_06262_01615467973	അതിനെ അദ്ദേഹം ഒരനുഗ്രഹമായി കാണുകപോലും ചെയ്തു.
mlf_03228_00563635394	ഇനി ഇപ്പോൾ കൂടുതൽ വിശദീകരണം ആവശ്യമില്ല എന്നു തോന്നുന്നു
mlf_01640_00428086734	ട്രെയിന്‍ പിടിക്കുക
mlf_03435_01855504604	ആത്മഹത്യ എപ്പോഴും യുക്തിരഹിതമാണെന്ന വിശ്വാസം ഇക്കൂട്ടർ ത‌‌ള്ളിക്കളഞ്ഞിരുന്നു
mlf_06469_00361819984	അതിനാൽ അദ്ദേഹം കൂടുതൽ സേനയെ ദില്ലിയിലേക്കയക്കാൻതന്നെ തീരുമാനിച്ചു
mlf_05401_01194678565	അദ്ദേഹം അനേകം പ്രാർത്ഥനാ യോഗങ്ങളിൽ പങ്കെടുത്തു
mlf_03228_00716739473	അദ്ദേഹത്തിന്റെ ചില ചിത്രങ്ങളിൽ ഈ നിരീശ്വരവാദ കാഴ്ചപ്പാട് ഉൾക്കൊള്ളിച്ചിട്ടുണ്ട്
mlf_04720_01740857155	അവിടെ നിന്നും റോമിലും അവസാനം ജർമ്മനിയിലും എത്തിച്ചേർന്നു
mlf_04310_00554008982	ഇടത്തേക്ക് തിരിയുക
mlf_03435_01879419419	ആൺകുട്ടികളെപ്പോലെ പെരുമാറുമായിരുന്ന ലീ ധാരാളമായി വഴക്കുണ്ടാക്കുകയും ചെയ്യുമായിരുന്നു
mlf_09845_00001960056	അതുവഴി കൂടുതൽ പാണ്ഡിത്യം നേടാനുള്ള അവസരവും
mlf_01130_01972811538	അനാദി കാലം മുതൽക്കേ കുങ്കുമം ഔഷധസസ്യമായി ഉപയോഗിച്ചുവരുന്നു
mlf_03182_00345884442	അന്റാർട്ടിക്കയിലെ ശീതകാലത്ത് പ്രത്യുത്പാദനധർമ്മം നിർവഹിക്കുന്ന ഏക പെൻഗ്വിനാണ് എമ്പറർ പെൻഗ്വിൻ
mlf_03132_00995655226	ആദ്യ പന്തുമുതൽ അവസാന പന്തുവരെ ഒരേ ലാഘവത്തോടെ കളിക്കാൻ സച്ചിനു കഴിയും
mlf_03182_00802082115	അദ്ദേഹത്തിനെ പറ്റിയുള്ള കൂടുതൽ വിവരങ്ങൾ ലഭ്യമല്ല
mlf_01130_00986397868	അദ്ദേഹത്തിന് മതകാര്യങ്ങളിൽ ഒന്നും അത്ര പിടിപാടുണ്ടായിരുന്നില്ല
mlf_02879_01274353931	ആഭ്യന്തര ഉത്പാദനത്തിന്റെ വളർച്ചാ സൂചികയിലും വൻകുതിച്ചു ചാട്ടം കാണാനാകുന്നുണ്ട്
mlf_03182_01662978426	അങ്ങനെ ആസാദ് ഹിന്ദ് സർക്കാർ ബർമ്മയിൽ നിന്നും പിന്മാറി
mlf_02321_00845344557	അതുകൊണ്ടുതന്നെ ഇവയെ ഉത്സർജ്ജിക്കുന്നതോ പ്രതിഫലിക്കുന്നതോ ആയ പ്രകാശം കൊണ്ട് നിരീക്ഷിക്കാനാവില്ല
mlf_05401_00932934740	അബ്ദുമനാഫിന്റെ മകൻ സൌർ ജനിച്ച സ്ഥലമായതിനാലാണ് ഈ പ്രദേശത്തിന് പ്രസ്തുത പേര് ലഭിച്ചത്
mlf_02879_00374794633	അത്തരമൊരു മാറ്റം ആണ് ക്യൂബയിൽ നടപ്പാക്കാൻ ചെ സ്വപ്നം കണ്ടിരുന്നത്
mlf_05394_01416549408	അയാൾ അത് കുറേക്കാലം കൈയ്യിൽ തുടർച്ചയായി അണിഞ്ഞിരുന്നു.
mlf_01130_01158815365	അഞ്ചു നേരത്തെ നമസ്കാരത്തിനും ഇവിടുത്തെ ആളുകൾ അധികവും മസ്ജിദുൽ ഹറമിലെത്തുന്നു
mlf_03182_00880755143	അക്കാലം വരെ ന്യൂട്രോൺ നക്ഷത്രങ്ങളും സിദ്ധാന്തങ്ങളിൽ മാത്രം നിലവിലുണ്ടായിരുന്നവയായിരുന്നു
mlf_03228_02031529043	അന്റാർട്ടിക്കയിലേക്ക് മനുഷ്യന്റെ ശ്രദ്ധ ആകർഷിച്ചത് സമുദ്രവിഭവങ്ങളായിരുന്നു
mlf_07754_02104560239	അലർജി ഉണ്ടാക്കാത്തതരം പൂച്ചകളെ ഉണ്ടാക്കാൻ ഇപ്പോൾ ഗവേഷണങ്ങളും നടക്കുന്നുണ്ട്
mlf_03435_00079326726	ആദിമജനതകളോടു കാട്ടുന്ന ക്രൂരതയെ ഡാർവിൻ എതിർത്തു
mlf_01130_02067372171	പിന്നീട് ആ നാടകബന്ധം ചോ രാമസ്വാമിയുടെ നാടകങ്ങളിലേക്ക് സുകുമാരിക്ക് അവസരം തുറന്നു
mlf_03132_00287711288	അതുവരെ യൂറോപ്പുമായുളള വ്യാപാര ബന്ധങ്ങളുടെയെല്ലാം ഇടനിലക്കാർ അറബികളായിരുന്നു
mlf_02484_01534253352	അധിനിവേശപ്രദേശങ്ങൾ അധിനിവേശരാജ്യത്തിന്റെ നിയമവ്യവസ്ഥയുടെ ഭാഗമായാണ് പട്ടികയിൽ കണക്കാക്കിയിട്ടുള്ളത്
mlf_04720_00395881757	ഷിജു പറഞ്ഞ താളുകളിൽ മലയാളം ഇല്ല എന്നത് ശരി തന്നെ
mlf_03435_00552985767	പി ഒ സി ബൈബിള്‍ ആണു ഒന്നു
mlf_08428_00637682091	കാരണം മലയാളത്തിൽ ഉപയോഗിക്കുന്ന പദം അതാണ്
mlf_05401_01568509300	അസിൻറെ ആദ്യ വിജയചിത്രം അമ്മ നന്ന ഓ തമിള അമ്മായി എന്ന തെലുഗു ചിത്രമാണ്
mlf_02925_00712127516	അയിത്തത്തിനെതിരെ പല യോഗങ്ങളിലും പ്രസംഗിച്ചു
mlf_03228_00529187965	ആഫ്രിക്കൻ ആനകളുടെ ചെവിയും വലുതായിരിക്കും
mlf_06262_01015753054	അയാളുടെ അമ്മ യഹൂദയും പിതാവ് ഗ്രീക്കുകാരനും ആയിരുന്നു.
mlf_06469_00763157953	സുന്നത്ത് എന്ന വാക്കാൽ വിവക്ഷിക്കാവുന്ന ഒന്നിലധികം കാര്യങ്ങളുണ്ട്
mlf_01640_02091303693	അന്‍പത്ത് അടിയിൽ
mlf_09852_00659916625	അതുവരെ വരമൊഴി എന്ന ലേഖനം കാണുക
mlf_06262_01677197757	അഫ്ഗാനിസ്താന്റെ തൊട്ടുവടക്കുള്ള തുർക്കിസ്താൻ ഈ വർഷം റഷ്യയുടെ നിയന്ത്രണത്തിലായിരുന്നു.
mlf_03182_00407972052	അതിനെപ്പറ്റി അസ്ഹറുദ്ദീൻ ഇങ്ങനെ പറഞ്ഞു അദ്ദേഹം ജയിക്കുകയില്ല
mlf_03228_02039668699	അതുകൊണ്ട് ജോണിന് ഫെബ്രുവരി വരെ കാത്തിരിക്കേണ്ടിവന്നു
mlf_04674_02033703652	ഞാൻ ഒരു പക്ഷിയായിരുന്നെങ്കിൽ എനിക്ക് നിന്റെ അടുത്ത് പറന്നു വരാമായിരുന്നു
mlf_02484_01584008890	അതിനാൽ വിശ്വസനീയമായ സ്രോതസ്സുകൾ പരിശോധനായോഗ്യത നൽകാനായി ഇത്തരം താളുകളിൽ നൽകേണ്ടതില്ല
mlf_02879_02047193225	അവരുടെ രക്തം കൊണ്ട് തന്നെ അവർ അവരുടെ ചരിത്രം രചിക്കും
mlf_02321_00617525068	അതിനാൽ തന്നെക്കുറിച്ച് ആരും അധികം കേട്ടിട്ടില്ലാതിരുന്ന സ്പെയിനിലേയ്ക്ക് അദ്ദേഹം പോയി
mlf_02879_00105285503	അതിൽ സ്പിനോസ തന്റെ ദൈവസങ്കല്പം അനാവരണം ചെയ്തു
mlf_03182_01849629622	ആർട്ടിക് തീരത്ത് ഇതിനുള്ള സാങ്കേതിക മാർഗങ്ങൾ വികസിപ്പിച്ചു കഴിഞ്ഞിരിക്കുന്നു
mlf_03132_00399018682	ആരെങ്കിലും വിശക്കുന്നവരായി ശ്രദ്ധയിൽപ്പെട്ടാൽ അവരുടെ വിശപ്പ് അകറ്റുന്ന ജോലി നബി ഏറ്റെടുത്തു
mlf_03228_00495390740	എന്താണ് ഈ പരിപാടി എന്നു മനസ്സിലായില്ല
mlf_05394_00947173771	ചില സ്ഥലങ്ങളില്‍ ഭരണകൂടം നേരിട്ട് കൃഷി നടത്തി
mlf_03182_01742137306	മഹാവിഷ്ണു ആണ് ഇവിടത്തെ പ്രധാന പ്രതിഷ്ഠ
mlf_02879_00584313711	അതിനാൽ ഇന്റർഫെറൊമീറ്റർ ടെലസ്കോപ്പുകളാണ് ഇതിനായി സാധാരണ ഉപയോഗിക്കാറ്
mlf_02879_00012413495	ആകാശം ഇരുണ്ടിരുന്നു
mlf_08428_01292013747	പിറന്നാൾ സമിതി നല്ലൊരു ആശയം തന്നെ
mlf_03228_00865322252	അവിടെനിന്ന് സ്റ്റീമറിൽ കറാച്ചിയിലേക്ക് തിരിച്ചു
mlf_07754_01876338463	അത്രയ്ക്കു തന്ത്രപരമായാണ് ഹാനിബല്‍ ഒരോ നീക്കങ്ങളും ആസൂത്രണം ചെയ്തത്
mlf_04674_00988734275	ആധുനിക ജ്യോതിശ്ശാസ്ത്രത്തെ ജ്യോതിഷവുമായി തെറ്റിദ്ധരിക്കാറുണ്ട്
mlf_08428_00528479486	പിതാവ് കേശവൻ ആശാൻ മാതാവ് മണി അമ്മ
mlf_06469_00307719753	അതിനുശേഷം അദ്ദേഹത്തിന് തിരിച്ചു പോവേണ്ടതായി വന്നു
mlf_06469_01901827094	അവിടെ നിന്നും സിന്ധുവിലൂടെ ബോട്ടിൽ ലാഹോറിലേക്കും എത്തി
mlf_05401_02083334126	ആ പണം അമ്മയുടെ കയ്യിലേക്ക് കൊടുത്തു
mlf_07754_00118162084	അധികാര വ്യവസ്ഥയ്ക്കെതിരായ അനുരഞ്ജനരഹിതമായ വിമർശനങ്ങളായിരുന്നു വികെഎന്റെ പ്രധാന രചനകളെല്ലാം
mlf_03435_02099663211	അതിന് അദ്ദേഹം ഉപയോഗിച്ച അടവുനയം എണ്ണ നയതന്ത്രം എന്ന പേരിൽ പ്രസിദ്ധമാവുകയും ചെയ്തു
mlf_06262_01124410812	ഇംഗ്ലീഷ് വിക്കിയിലെ ഈ താള്‍ ശ്രദ്ധിക്കുക
mlf_03435_00127157822	അത് നമ്മെ സന്തുഷ്ടരുമാക്കുന്നു.
mlf_02879_02076623828	പാലി ഭാഷയിലെ പിട്ഠാ എന്ന പദത്തിൽ അർത്ഥം ധാന്യപ്പൊടി നിന്നാണ് പിട്ട് രൂപം കൊണ്ടത്
mlf_02321_00756130491	ആൺകുട്ടികൾക്കും പെൺകുട്ടികൾക്കും പ്രത്യേകമായ ക്ലാസുകളോ സ്കൂളുകളോ ആണ് ഇവിടെയുള്ളത്
mlf_03132_01206578082	അവരുടെ ആദ്യകാലതലസ്ഥാനം രാജഗൃഹ ആയിരുന്നു
mlf_01130_00038107106	ആരണ്യർക്ക് ശേഷം റേ സമകാലീന ബംഗാളി യാഥാർത്ഥ്യങ്ങളിലേയ്ക്ക് ശ്രദ്ധയൂന്നി
mlf_03182_01372062430	അതിനുശേഷം അദ്ദേഹം അർജന്റീന ടീമിലെ സ്ഥിരം അംഗമായി
mlf_01130_00443893148	അതിനാൽ തന്നെ ഇത് വാർധക്യത്തെ ഒരു പരിധിവരെ തടയുന്നു
mlf_01640_00808724360	കവലയിൽ മൂന്നാമത്തെ എക്സിറ്റ് എടുക്കുക
mlf_04310_01376088249	ഇടതുവശത്തുള്ള ഇന്റർചെയ്ഞ്ചിലൂടെ പോകുക
mlf_06262_01462155301	അങ്ങനെ ആസാദുമായി വളരെ അടുത്തിടപഴകാൻ ഭഗത് സിംഗിന് അവസരം ലഭിച്ചു.
mlf_02484_00782013247	ആ സ്ഥലത്ത് ആശുപത്രിയോ വൈദ്യന്മാരോ ഉണ്ടായിരുന്നില്ല
mlf_08428_01910702913	അദ്ദേഹത്തിന്റെ ഏറ്റവും ദീർഘമായ രചന ഇതാണ്
mlf_02484_02137330485	അവയുടെ സ്മരണ ഉണർത്തുന്നതാണ് ഓണത്തല്ലും ചേരിപ്പോരും വേലകളിയും പടേനിയും മറ്റും
mlf_02018_00803645755	അതിൽ നിന്നാണ് മുകളിലെ പരാമർശങ്ങൾ വന്നത്
mlf_07754_01461110398	അതോടെയാണ് പ്രശ്നങ്ങൾക്കു തുടക്കമായത്
mlf_02321_01649842487	അദ്ദേഹത്തിന്റെ ആത്മകഥയിൽ ആൻഡ്രോയിഡിനെ മോഷണ മുതൽ എന്നാണ് വിശേഷിപ്പിച്ചിരിക്കുന്നത്
mlf_03132_01651401305	ലേഖനത്തില്‍ നിന്നും നീക്കം ചെയ്ത ഭാഗങ്ങള്‍ തല്‍ക്കാലം ഇവിടെ ചേര്‍ത്തിരിക്കുന്നു
mlf_02321_00855181376	ഇതിനു പുറമെ ഒട്ടേറെ പുരസ്കാരങ്ങൾ ലഭിച്ചിട്ടുണ്ട്
mlf_05401_02051264665	അധികാരം പിൻഗാമിയായിരുന്ന സഹോദരൻ റൗൾ കാസ്ട്രോക്ക് കൈമാറി
mlf_02879_01403674077	അന്നു തന്നെ യുദ്ധത്തിൽ മരിച്ച ചില പടയാളികളുടെ ഒപ്പമാണ് അദ്ദേഹത്തെ അടക്കം ചെയ്തത്
mlf_09845_01011243794	അവയെക്കുറിച്ചറിയാന്‍ ഇംഗ്ലീഷ് നാനാര്‍ത്ഥങ്ങള്‍ എന്ന താള്‍ കാണുക
mlf_02018_02093234669	ഞാൻ ഈ പട്ടണത്തിൽ തികച്ചും ഒരു അപരിചിതനാണ്
mlf_02321_01771516218	അവയെക്കുറിച്ചറിയാൻ പ്രതിഷ്ഠ നാനാർത്ഥങ്ങൾ എന്ന താൾ കാണുക
mlf_04310_00542351776	നിങ്ങളെത്തുന്ന സ്ഥലം റോഡിന്റെ ഇടതുവശത്താണ്.
mlf_01130_01205170682	അന്റാർട്ടിക്കയിലെ ഒരു ഭീമൻ മഞ്ഞുപാളിയുടെ സമീപത്തുകൂടിയായിരുന്നു അദ്ദേഹത്തിന്റെ യാത്ര
mlf_01130_00450986907	അത് ദൈവം അംഗീകരിക്കുന്നതോടെ ദൈവപുത്രന്റെ മനുഷ്യാവതാരവും മരണശിക്ഷയും തീരുമനിക്കപ്പെട്ടു
mlf_04310_01725555098	ഡാറ്റ കണക്ഷൻ പോയി
mlf_03182_01433358232	വെള്ളവും പാലും അരിയും പഞ്ചസാരയും മാത്രമാണ് ഇതിന്റെ ചേരുവകൾ
mlf_01130_00280741297	ജാതി എന്ന വാക്കാൽ വിവക്ഷിക്കാവുന്ന ഒന്നിലധികം കാര്യങ്ങളുണ്ട്
mlf_03182_02078450222	അതുകൊണ്ട് വ്യാസൻ എന്നത് ഒരു വംശനാമമോ ഗുരുകുലമോ ആകാനാണ് സാധ്യത
mlf_04674_01092368523	ആ ലക്കം മാസികയുടെ പുറംചിത്രവും മദർതെരേസയുടെ ആയിരുന്നു
mlf_03182_00110808916	അതിൽ അവർ ഓസ്ട്രേലിയയെ പരിക്കേറ്റവർ എന്ന് ആക്ഷേപിച്ചിരുന്നു
mlf_03435_00065480435	അതിന്റെ വികസിതദശയിൽ ഏതാണ്ട് മുപ്പതോളം ക്ഷേത്രങ്ങൾ പണിതീർത്തിട്ടുണ്ട്.
mlf_03435_01715051091	എന്താണ് ഈ ലേഖനത്തിന്റെ വിഷയം എന്നു മനസ്സിലായില്ല
mlf_07754_01139145528	അദ്ദേഹം അവ പകര്‍ത്തി എഴുതാന്‍ തുടങ്ങി
mlf_02321_00272421238	അതിൽ ഗോൾ നേടാൻ മെസ്സിക്ക് കഴിഞ്ഞു
mlf_07754_02088543568	ആഫ്രിക്കൻ നാഷണൽ കോൺഗ്രസ്സിന്റെ യുവജനസംഘടനയായ യൂത്ത് ലീഗിന്റെ സ്ഥാപകരിൽ പ്രമുഖനായിരുന്നു മണ്ടേല
mlf_02879_01639757587	അനുകരണ പ്രവർത്തനം മെച്ചപ്പെടുത്താൻ ഓരോ കാറിനും വിവിധ തരം വിശദീകരണ തലങ്ങൾ ലഭ്യമാണ്
mlf_06262_00084119826	അധിക സമയം തുടങ്ങിയ ശേഷം ആദ്യം ഗോൾ നേടുന്ന ടീമിനെ വിജയിയായി പ്രഖ്യാപിക്കുകയായിരുന്നു ആദ്യ രീതി.
mlf_06469_01345587918	ആൺകുട്ടിക്ക് ഇതിനു വേണ്ട പ്രായം പതിമൂന്ന് വയസ്സും പെൺകുട്ടിക്കു വേണ്ടത് പന്ത്രണ്ട് വയസ്സുമാണ്
mlf_06469_02129647456	അക്രമം നടന്ന സ്ഥലങ്ങളിൽ പ്രവേശിക്കുന്നതിൽ നിന്നും ഇത്തരം പ്രവർത്തകരെ സർക്കാർ വിലക്കി
mlf_03228_00967247132	അതിനിടെ അദ്ദേഹം വായിച്ച അനേകം പുസ്തകങ്ങൾ ജോൺസന്റെ വിപുലമായ സാഹിത്യജ്ഞാനത്തെ സഹായിച്ചിട്ടുണ്ടാകും
mlf_07754_01277098521	അത്തവണ ജെർമൻ മിഡ്ഫീൽഡറായ ബേൺഡ് ഷൂസ്റ്ററുടെ നേതൃത്വത്തിൽ ലാ ലിഗാ നേടി
mlf_06469_00293729387	അതായത് ഇലക്ട്രോണിന്റെ വേഗം കൂടുതോറും അതിനെ ത്വരണത്തിന് വിധേയമാക്കുക കൂടുതൽ വിഷമകരമാകുന്നു
mlf_03182_00300831320	ആ സീസണിൽ ബാർസലോണ മൂന്ന് കിരീടങ്ങൾ നേടിയപ്പോൾ ടീമിന്റെ പ്രധാന ആയുധം മെസ്സി ആയിരുന്നു
mlf_01130_01505597203	ആ സുഖവാസകേന്ദ്രങ്ങൾ ഇന്നും സംരക്ഷിക്കപ്പെട്ടു വരുന്നു
mlf_03182_01799684190	അടുത്ത ദൗത്യം ഹബിളിന്റെ ഉപയോഗ കാലഘട്ടത്തിനു ശേഷം അതിനെ ഭ്രമണപഥത്തിൽ നിന്നും നീക്കുന്നതായിരിക്കും
mlf_06469_00468634761	മലയാളത്തിൽ എഴുതാൻ മൊഴി സോഫ്റ്റ്‌വെയറുകൾ ഉപയോഗിക്കാം
mlf_02925_01046617080	അവയ്ക്ക് സാമ്പത്തികമായും സാമൂഹികമായും വളരെയധികം മൂല്യവും പ്രാധാന്യവുമുണ്ട്
mlf_02321_01294690436	അവിടെ ആരും തെറ്റ് എന്നൊന്നും പറഞ്ഞിട്ടില്ല
mlf_09852_00458463149	അവകാശികളും ബന്ധുക്കളുമല്ലാത്തവർക്ക് ഭൂമി കൈമാറുന്നതിൽ നിയന്ത്രണം ഇതിലൂടെ ഏർപ്പെടുത്തി
mlf_02925_00316406234	അറബിക്കടൽ കേരളത്തിന് ആവശ്യമായ മത്സ്യം പ്രദാനം ചെയ്യുന്നു
mlf_06469_01029735682	ഇത് ഒരു വിനോദ സഞ്ചാര ആകർഷണമാണ്
mlf_05401_00504464282	അതിനാൽ തന്നെ രോഗി മുൻപെടുത്തിട്ടുള്ള നെഞ്ചിന്റെ എക്സ്റേകൾ രോഗനിർണയത്തിൽ പ്രധാനമാണ്‌
mlf_06469_01629634974	അലക്സാണ്ടർ ചക്രവർത്തി ഫിനീഷ്യൻ നഗരമായിരുന്ന ടൈർ കീഴടക്കിയശേഷം രണ്ടായിരം പേരെ കുരിശിലേറ്റുകയുണ്ടായി
mlf_09549_00402243011	വലതുവശത്തുള്ള ഇന്റർചെയ്ഞ്ച് എടുക്കുക
mlf_02879_01813557635	എനിക്ക് അങ്ങനെ തോന്നി എന്നല്ല കേട്ടോ
mlf_06469_01827043415	ഇതിനു നമ്മൾ പരമാവധി പരസ്യം കൊടുക്കണം
mlf_03132_00679390692	അത്യാധുനിക രീതിയിൽ മുഴുവൻ സേവന സൗകര്യങ്ങളും അടങ്ങുന്നതാണ് പുതിയ കെട്ടിടസമുച്ചയം
mlf_06262_00748172693	അസുര ചക്രവർത്തിയായ മഹാബലിയുടെ ചരിത്രമാണ്‌ ഓണത്താർ പാട്ടിന്റെ ഉള്ളടക്കം.
mlf_09549_00145453243	ഇന്റർചെയ്ഞ്ച് എടുക്കുക
mlf_04310_02097484039	നൂറ്റി അന്‍പത്ത് മീറ്റർ കഴിയുമ്പോൾ
mlf_03182_02110969261	അവർക്കു തന്നെ ഭൂമി വിട്ടുകൊടുത്തു തിരിച്ചു വന്നു
mlf_03182_01495792509	അതിനുശേഷം ബൊളീവിയൻ സൈനികർ മൃതശരീരം പേര് വെളിപ്പെടുത്താത്ത ഒരിടത്തേക്ക് മാറ്റി
mlf_05394_00021161790	അല്ലെങ്കിൽ ആദ്യം ബാറ്റു ചെയ്ത ടീം അത്രയും റൺസിനു ജയിച്ചു.
mlf_06469_00326661323	അതിനൊത്തനടുക്കായി സരസ്വതി ശില്പവും കാണാം
mlf_03435_01413780070	അന്തരീക്ഷ ശാസ്ത്രമനുസരിച്ച് കേരളത്തിൽ നാല് ഋതുക്കളുണ്ട്.
mlf_09549_00875058375	നാവിഗേഷൻ ആരംഭിച്ചു
mlf_03132_01363725620	ആഫ്രിക്കൻ ആനകളെ ഇപ്പോൾ സഫാരികൾക്ക് ഉപയോഗിക്കാറുണ്ട്
mlf_03132_01671063408	എങ്കിലും അവരുടെ പേരുകള്‍ കൂടെ നിര്‍ദ്ദേശിക്കുന്നു
mlf_08428_01369886393	ആദ്യത്തെ സംഭവത്തിനു ശേഷം തുടർന്നുള്ള ആറ് ആഴ്ച ടൈഗർ ഹില്ലിലേക്ക് ആക്രമണം ഒന്നും നടത്തിയുമില്ല
mlf_01130_01388147525	ഈ ക്ഷേത്രത്തിലെ പ്രധാന പ്രതിഷ്ഠ വിഷ്ണു ആണ്
mlf_06262_02115846246	മാഷെ ഒരു സം വാദം ഇവിടെ നടക്കുന്നുണ്ട്
mlf_02018_00690562886	മനുഷ്യൻ ചന്ദ്രനിൽ പോയ ശേഷമാണ് ഈ ധാരണ മാറിയത്
mlf_06469_01048190282	പിന്നെ ഒരു കാര്യം പറയാൻ മറന്നു
mlf_06262_00494960304	മൈസൂര്‍ എന്ന വാക്കിനാല്‍ താഴെപ്പറയുന്ന എന്തിനേയും വിവക്ഷിക്കാം
mlf_06469_00192763278	കോട്ടയം ജില്ലയിലെ ഒരു പ്രധാന പട്ടണം ആണ് വൈക്കം
mlf_02321_01299567505	ഈ ലേഖനം ആറാട്ടുപുഴ പൂരം എന്ന താളുമായി ലയിപ്പിക്കുന്നതിന് ശുപാർശ ചെയ്തിരിക്കുന്നു
mlf_08428_01449377261	അതിനുപകരം ഡീസൽ ഇലക്ട്രിക്ക് എഞ്ചിനുകൾ ഉപയോഗിച്ചു തുടങ്ങി
mlf_04674_01528273707	അത് പ്രോഗ്രാം കൂടുതൽ സങ്കീർണ്ണമാകാതിരിക്കാൻ സഹായിക്കുന്നു
mlf_07754_02080946936	ദേശാഭിമാനി എന്ന വാക്കാല്‍ വിവക്ഷിക്കാവുന്ന ഒന്നിലധികം കാര്യങ്ങളുണ്ട്
mlf_02018_01494662504	റോമാ സാമ്രാജ്യം എന്ന വാക്കാൽ വിവക്ഷിക്കാവുന്ന ഒന്നിലധികം കാര്യങ്ങളുണ്ട്
mlf_03182_01532628225	വളരെ നാൾ കഴിഞ്ഞ് വീണ്ടും ഒരു പുതിയ ഭാഗം കൂടി ചേർത്തു
mlf_09852_00427731943	കേരള കാര്‍ഷിക സര്‍വ്വകലാശാല ഇവിടെയാണ് സ്ഥിതിചെയ്യുന്നത്
mlf_04310_02088503814	മുന്നൂറ്‌ അടി കഴിയുമ്പോൾ
mlf_03132_01117384576	ആക്രമണകാരിയായ പൂച്ചയെ അടക്കിനിർത്താൻ ഈ പ്രത്യേകത ഉപയോഗിക്കാവുന്നതാണ്
mlf_03228_01414301161	അതുകൊണ്ട് ഇട്ടാവയിലെ മജിസ്ട്രേറ്റും കളക്റ്ററേറ്റുമായിരുന്ന ജെ ക്യുമിനൊപ്പം ജോണിന് താമസിക്കേണ്ടി വന്നു
mlf_03132_01443837923	അമുസ്ലീങ്ങളുടെ മേൽ ചുമത്തിയിരുന്ന ജസിയ നികുതി അക്ബർ നീക്കംചെയ്തു
mlf_03435_01513301933	അഞ്ച്‌ ആൺകുട്ടികളും നാല്‌ പെൺകുട്ടികളും അടങ്ങുന്ന ഒരു കുടുംബത്തിൽ ആയിരുന്നു സാലിം അലി ജനിച്ചത്‌.
mlf_06469_01471393763	അതാണ് എന്നെ ആശ്ചര്യപ്പെടുത്തുന്നത്
mlf_02321_01269797944	യു എ ഇ യിൽ തൊഴിൽ മന്ത്രാലയത്തിന്റെ സേവനങ്ങൾ സ്മാർട്ട് ഫോൺ വഴിയാക്കി
mlf_04310_01322851043	ഒന്നര മൈൽ കഴിയുമ്പോൾ
mlf_03228_01047150808	അതായിരുന്നു ജാർഡിന്റെ ഓസ്ട്രേലിയക്കെതിരായുള്ള ആദ്യ മത്സരപരിചയം
mlf_02321_01613266014	അവസാനദിവസത്തെ കഥയിൽ കിരാതംകഥ നിർബന്ധമാണ്
mlf_04720_00838133874	അതിൽ നല്ലത് ഉണ്ട് എന്ന് തോന്നുന്നു
mlf_03132_00237649902	അനവധി ദേശീയ അന്തർദേശീയ കായികമേളകൾക്ക് ഡെൽഹി ആതിഥേയത്വം വഹിച്ചിട്ടുണ്ട്
mlf_09549_01822695832	പ്രശ്നം വിവരിക്കുക
mlf_03182_00851970253	അവിടെയിരുന്നാൽ ദേശീയപാത ഒന്ന് എ യെ അക്രമിക്കാൻ എളുപ്പമായിരുന്നു
mlf_01130_01086601134	അഭിനയഹസ്തം നൃത്തഹസ്തം എന്നിങ്ങനെ മുദ്രകൾ രണ്ട് തരത്തിലുണ്ട്
mlf_03132_00949608605	അദ്ദേഹം ക്ലാര്‍നെറ്റ് വായിച്ചിരുന്നു
mlf_01130_01563697447	എനിക്ക് ഒന്നിനെപ്പറ്റിയും ഭയമില്ല
mlf_09549_02003916153	നാനൂറ് അടിയിൽ
mlf_02925_00665369783	തെറ്റ് കണ്ടു പിടിക്കാൻ തന്നെയാണ് താങ്കൾ വരുന്നത് എന്നാണോ എന്നാണ് എന്റെ ചോദ്യം
mlf_03228_00186766303	അതോടെ പനിവിട്ട സെനറ്റർ ക്രമേണ സുഖം പ്രാപിച്ചു
mlf_04310_01465584610	റാമ്പിലൂടെ പോകുക
mlf_03182_00344213338	മദ്ദളം എന്ന വാക്കിനാൽ താഴെപ്പറയുന്ന എന്തിനേയും വിവക്ഷിക്കാം
mlf_06262_01329832287	ജില്ലയിലെ ഒരു പ്രധാന വിനോദസഞ്ചാര ആകര്‍ഷണമാണ് ഈ സ്ഥലം
mlf_02018_00822804081	പുതിയ ഒരു തെളിവ് ലഭിക്കും വരെ മാത്രം
mlf_09852_01989981914	അത് ചരിത്രം എന്ന തലക്കെട്ടില്‍ അല്ലല്ലോ കൊടുത്തിരിക്കുന്നത്
mlf_03182_00954236202	ഭൂമിയിൽ നിന്നു നോക്കുമ്പോൾ സൂര്യനും
mlf_02879_02090851707	അദ്ദേഹത്തിന്റെ ചില പുസ്തകങ്ങൾ ഇവിടെ ചേർക്കുന്നു
mlf_03435_02036491254	അബ്രഹാമികമതങ്ങൾ ആത്മഹത്യയെ പാപമായാണ് കണക്കാക്കുന്നത്
mlf_02321_00314724236	അവന്റെ അഭിപ്രായം ഒരു പരിധി വരെ ശരിയാണ്
mlf_05023_00604682356	കളിയുടെ ഭാഗമായി രണ്ടു സ്കോറർമാർ ഉണ്ടായിരിക്കണം
mlf_07754_01062927133	അനുഭവങ്ങൾക്ക് എന്തും എഴുതിവക്കാൻ പാകത്തിലുള്ള മെഴുകല്ല നമ്മുടെ മനസ്സ്
mlf_09549_00333693771	അന്‍പത്ത് മീറ്ററിൽ
mlf_05401_01435847482	അതികഠിനമായ പേശി വേദന കാരണം തന്നെ ഒന്ന് മുടി ചീകാനോ മുഖം വടിക്കാനൊ അദ്ദേഹത്തിനായില്ല
mlf_03228_02109181269	അടിസ്ഥാന സൗകര്യ വികസനത്തിലായിരുന്നു ഇക്കാലയളവിൽ മോദി ശ്രദ്ധിച്ചത്
mlf_03182_00227155120	അപരിചിതമായ ശബ്ദം കേട്ട പൂച്ച ഭയന്നു
mlf_07754_01641656002	ആരോഗ്യരംഗം പൂർണ്ണമായും സൗജന്യമായി
mlf_04720_01892020514	അച്ചടിയുടെ ബാലപാഠങ്ങൾ അദ്ദേഹം പുസ്തകങ്ങളിൽ നിന്ന് വായിച്ച് മനസ്സിലാക്കുകയായിരുന്നു
mlf_01640_00244604085	ഒരു മുക്കാൽ മൈലിൽ
mlf_09845_00560264265	അടുത്തദിവസം തന്നെ അതേമാതിരി ഒരു കുറിപ്പ് ഓവർബെക്കിനും കിട്ടി
mlf_09549_01133391360	വടക്കുപടിഞ്ഞാറോട്ട് പോവുക
mlf_05023_00718689740	അവർ അവ നന്നായി മനസ്സിലാക്കുകയും ചെയ്തിരുന്നു
mlf_02879_01894970575	ഇപ്പോഴും ഇദ്ദേഹം ഈ നിലയിൽ തുടരുന്നു
mlf_08428_00364088455	അത്രക്ക് ദുരിതം നിറഞ്ഞതായിരുന്നു അവരുടെ ജീവിതം
mlf_02321_00196930164	എന്റെ അഭിപ്രായങ്ങൾ സംവാദം പേജിൽ രേഖപ്പെടുത്തിയിട്ടുണ്ട്
mlf_05401_00623307817	ആവശ്യമായ ബ്രിട്ടീഷ് സേനാംഗങ്ങളുടെ കണക്ക്
mlf_05401_01395970518	മലബാർ പ്രദേശം മദിരാശി സംസ്ഥാനത്തിന്റെ ഭാഗമായി ബ്രിട്ടീഷുകാരുടെ നേരിട്ടുള്ള ഭരണത്തിനു കീഴിലായിരുന്നു
mlf_02925_01198887324	അദ്ദേഹത്തെ സംസ്കരിച്ചത് ഓർവെലിന്റെ ശവകുടീരത്തിനടുത്താണ്
mlf_03132_01213116185	അലങ്കാരങ്ങളിൽ ആനകളും അവയുടെ പുറത്തിരിക്കുന്ന സ്ത്രീപുരുഷ രൂപങ്ങളുമാണുള്ളത്
mlf_03435_01117788031	അതിനദ്ദേഹം ദൈർഘ്യം കുറഞ്ഞ ജീവിതകാലമാണ്‌ ഞാൻ ഇഷ്ടപ്പെടുന്നത് എന്ന മറുപടിയാണ് നൽകിയത്.
mlf_02879_00428749012	ബുദ്ധൻ എന്ന വാക്കിനാൽ താഴെപ്പറയുന്ന എന്തിനേയും വിവക്ഷിക്കാം
mlf_03228_02092637055	ഇന്ത്യൻ സംസ്ഥാനമായ തമിഴ്നാട്ടിലെ ഒരു പട്ടണമാണ് കന്യാകുമാരി
mlf_06262_00444732241	അതുപോലെ ആ സീരീസിൽ ആയിരത്തിലധികം റൺസും.
mlf_03132_00855766095	അനുകരണത്തിന്റെ ക്ഷമത വർദ്ധിപ്പിക്കുന്നതിനാവശ്യമായ പ്രധാന ഘടകങ്ങളാണിവ
mlf_03182_01435281663	ഈ പ്രദേശത്ത് ഒരു പുരാതന ഗ്രാമത്തിന്റെ അവശിഷ്ടങ്ങൾ ഇപ്പോഴും കാണാം
mlf_09549_00513664162	എക്സിറ്റ് സ്വീകരിക്കുക
mlf_02321_02077366432	ഭാരതപ്പുഴയുടെ തീരത്ത് സ്ഥിതി ചെയ്യുന്ന പട്ടണമാണ് ഒറ്റപ്പാലം
mlf_09549_01407247713	ഇടതുവശത്തുള്ള ഇന്റർചെയ്ഞ്ച് എടുക്കുക
mlf_03132_00638296005	അവസാനത്തെ പ്രക്രിയ ഇരുമ്പ് ഉല്പാദനമാണ്
mlf_02018_00683448337	ആഫ്രിക്കൻ നാഷണൽ കോൺഗ്രസ്സിന് ധനസമ്പാദനത്തിനു വേണ്ടി മണ്ടേല ലോകപര്യടനം നടത്തിയിരുന്നു
mlf_09845_00612089964	അവരെപ്പോലെയുള്ളവരെക്കുറിച്ച് മുൻകാലങ്ങളിൽ കേട്ടുകേൾവി പോലും ഉണ്ടായിരുന്നില്ല എന്ന് അദ്ദേഹം എഴുതി
mlf_09852_00587126281	കാത്തിരുന്നിട്ട് കാര്യമില്ല
mlf_03132_01329892974	അതിനാല്‍ ഇതു വലിയ പ്രശ്നം അല്ല
mlf_07754_00321375020	അത് കൊണ്ട് തന്നെ ഇസ്‌ലാമിക ചരിത്രത്തിലെ പ്രാധാന്യമുള്ള വിവിധ സ്ഥലങ്ങൾ മക്കയിലുണ്ട്
mlf_01130_00970878818	അസുരരാജാവും വിഷ്ണുഭക്തനുമായിരുന്ന പ്രഹ്ലാദന്റെ പേരക്കുട്ടി ആയിരുന്നു മഹാബലി
mlf_02925_00028970770	ഞങ്ങൾ വളരെയധികം ക്ഷീണിച്ചിരുന്നു
mlf_03435_01925442397	അതോടെ, സന്ദർശകരുടെ എണ്ണത്തിന് പരിധിയില്ലാതായി.
mlf_02925_01137258809	അതുമൂലം കഠിനരീതിയിലുള്ള വിദ്യാഭാസമാണ് അദ്ദേഹത്തിന് ലഭിച്ചത്
mlf_02321_00305015067	ഇതിൽ കൂടുതലും ഗൾഫ് മേഖലയിൽ ആണ്
mlf_06469_00868286942	പ്രവീൺ ഇന്ന് നല്ല ഒരു പരിപാടി ചെയ്തു
mlf_01130_00502962358	ആശയസംവദനത്തിന് ഉപയോഗിക്കുന്നത് അഭിനയഹസ്തങ്ങളാണ്
mlf_02321_01444006147	തൃശ്ശൂർ എന്നാൽ ആ പട്ടണം ആണ് നമ്മൾ ഉദ്ദേശിക്കുന്നത്
mlf_02321_00920249064	അപ്പോഴാണ് തീർത്ഥാടകൻ മറ്റാരുമല്ല സാക്ഷാൽ ശ്രീകൃഷ്ണനാണെന്ന് ഭക്തന് മനസ്സിലായത്
mlf_09549_01837948540	അറുനൂറ് മീറ്ററിൽ
mlf_09845_00505834525	സെന്റ് ജോര്‍ജ്ജ് ഫോര്‍ട്ട് എന്നായിരുന്നു അതിന്റെ പേര്
mlf_02321_01669889825	ഇപ്പോൾ റബ്ബർ കൂടുതലായി കൃഷി ചെയ്യുന്നു
mlf_03435_01200872783	അന്ന് അദ്ദേഹത്തിന് അറുപത്തിയഞ്ച് വയസ്സുണ്ടായിരുന്നു.
mlf_02321_01537784340	പ്രപഞ്ചത്തിൽ ഏറ്റവും കൂടുതലുള്ള മൂന്നാമത്തെ മൂലകമാണ് ഓക്സിജൻ
mlf_02321_00424537145	ഉള്ളൂർ എന്ന വാക്കിനാൽ താഴെപ്പറയുന്ന എന്തിനേയും വിവക്ഷിക്കാം
mlf_03132_00133154543	വേല എന്ന മലയാള പദത്തിന്റെ അര്‍ത്ഥം ഉത്സവം എന്നാണ്
mlf_09549_00230031572	ഒരു യൂ-ടേണ്‍ എടുക്കുക
mlf_09549_00237813099	ട്രാഫിക് സർക്കിളിൽ പ്രവേശിക്കുക
mlf_05401_01004591048	ഈ താളില്‍ ചില വിവരങ്ങള്‍ ഉണ്ട്
mlf_09549_01379172909	നൂറ് യാർഡിൽ
mlf_03132_01196372049	രണ്ടാമത്തെ ആള്‍ പുത്രന്‍ എന്ന് വിളിക്കപ്പെടുന്നു
mlf_07754_00274300226	അത്തരത്തിലുള്ള നിരവധി കിണറുകൾ ചരിത്ര ശേഷിപ്പുകളായി ഇവിടെ അവശേഷിക്കുന്നുണ്ട്
mlf_03228_00428545542	അതിൽ അദ്ദേഹം ഇത്തരം ഒന്നിന്റെ രണ്ട് ഗുണങ്ങളാണ് എടുത്തു പറഞ്ഞിരുന്നത്
mlf_03435_01748013260	ചൈനയില്‍ ഈ ചെടി അറിയപ്പെടുന്നത് സുവര്‍ണ്ണ ഓറഞ്ച് എന്ന പേരിലാണ്‌
mlf_02879_01672365657	ആനകൾ തുമ്പിക്കൈയിൽ പതിനാലിൽപ്പരം ലിറ്റർ വെള്ളം വലിച്ചെടുത്ത് വായിലേക്ക് ഊതാറുണ്ട്
mlf_02925_01829364057	ദൈവത്തിന്റെ അമ്മ എന്നാണ് ഈ പദങ്ങളുടെ അർത്ഥം
mlf_06469_01669149025	ഒരു ടീമിൽ പതിനൊന്ന് അംഗങ്ങളുണ്ടായിരിക്കണം
mlf_01130_00239480533	അതിനായുള്ള വിപുലമായ ശേഖരങ്ങൾ ജാവയിൽ ഇണക്കിച്ചേർത്തിരിക്കുന്നു
mlf_01130_00523054204	ആദിമ ക്രൈസ്തവ സഭ എന്നോ മറ്റോ തലക്കെട്ട് മാറ്റാം
mlf_03132_00750447592	അണ്ഡം എന്നറിയപ്പെടുന്ന ഇതിനുള്ളിലായി ഭൗതികാവശിഷ്ടം അടക്കം ചെയ്ത പേടകം സ്ഥാപിച്ചിരുന്നു
mlf_03182_01169177183	കൃഷ്ണൻ നായർ എന്ന വാക്കാൽ വിവക്ഷിക്കാവുന്ന ഒന്നിലധികം കാര്യങ്ങളുണ്ട്
mlf_01130_00722383767	അഭിനയ ക്രിയകളിലൂടെയാണ് കഥാപാത്രത്തിന്റെ സ്വഭാവം പ്രേക്ഷകരെ മനസ്സിലാക്കിതരുന്നത്
mlf_03435_00287399360	അവിടെ ഇഹ്റാം കെട്ടുന്നതോടുകൂടി രാജാവും പ്രജയും എല്ലാം തുല്യമായി
mlf_09549_00930133558	മുന്നൂറ്‌ അടിയിൽ
mlf_03132_01231693608	അയനാന്തങ്ങൾ കൃത്യമായി കാണിക്കുന്ന ശിലാനിർമ്മിതികളും ലോകത്തിന്റെ പലഭാഗത്തും നിർമ്മിക്കപ്പെട്ടു
mlf_03182_01219053867	ഈ നഗരം പിന്നീട് ന്യൂ ഡെൽഹി എന്ന് അറിയപ്പെട്ടു
mlf_09852_01299761103	അതിനാൽ മഴ പെയ്താൽ ജിദ്ദയിൽ വെള്ളപ്പൊക്ക സാധ്യത കൂടുതലാണ്
mlf_07754_02011580921	അമേരിക്കൻ ചാരസംഘടനയായ സി_letter ഐ_letter എ_letter ഇവർക്ക് എല്ലാവിധ സഹായങ്ങളും നൽകിയിരുന്നു
mlf_02321_02113466945	കോട്ടയം എന്ന വാക്കിനാൽ താഴെപ്പറയുന്ന എന്തിനേയും വിവഷിക്കാം
mlf_09549_01896960868	ഒന്നര കിലോമീറ്ററിൽ
mlf_03228_01076417938	അത് കൊണ്ട് തന്നെ ബദർ യുദ്ധത്തിൽ പിതാവും പുത്രനും ജ്യേഷ്ഠനും അനുജനും പരസ്പരം ഏറ്റുമുട്ടി
mlf_03132_01004194769	അനന്തരവനായ മാർത്താണ്ഡവർമ്മയോട് അതിയായ സ്നേഹവാത്സല്യങ്ങൾ കാണിച്ചിരുന്ന ആളായിരുന്നു അദ്ദേഹം
mlf_05401_01904867644	എനിക്കു് കൊടുക്കു് എന്നതു് അനൗപചാരികവും ഹാസ്യാത്മകവും പ്രാദേശികവുമായി ഉപയോഗിച്ചേക്കാം
mlf_03182_01162568267	അവർ വിപണിക്കനുസൃതമായ പുതിയ നയങ്ങൾ നടപ്പിൽ വരുത്തി
mlf_04720_00114831578	അവർ ദീർഘമായ കത്തിടപാടുകളിൽ ഏർപ്പെട്ടു
mlf_04310_02079502900	തുടർന്ന്
mlf_05023_01042940021	അവർ അവിടെ ഇടതുപക്ഷപ്രസ്ഥാനങ്ങളുമായി വളരെ അടുത്ത ബന്ധം പുലർത്തുന്ന ഒരാളായിരുന്നു
mlf_06262_00286728262	ആയിരത്തിതൊള്ളായിരത്തി എൺപത്തിനാലാകട്ടെ, സ്വേച്ഛാധിപത്യത്തിന് കീഴിലുള്ള ജീവിതത്തിന്റെ ചിത്രീകരണമാണ്.
mlf_09852_00430983352	അവയെക്കുറിച്ചറിയാന്‍ ഭരത് നാനാര്‍ത്ഥങ്ങള്‍ എന്ന താള്‍ കാണുക
mlf_03132_00086174693	ആധുനിക സൗദി അറേബ്യ നിലവിൽ വന്നത് മുതൽ സമ്പൂർണ രാജ ഭരണമാണ് രാജ്യത്തെ ഭരണക്രമം
mlf_03228_02027537463	അവയെക്കുറിച്ചറിയാൻ ഭീമൻ നാനാർത്ഥങ്ങൾ എന്ന താൾ കാണുക
mlf_01130_01680851567	അത്താഴപൂജക്ക് ശേഷം അശ്വതീപൂജ എന്ന പേരിൽ രഹസ്യമായ മറ്റൊരു ചടങ്ങൂകൂടി നടത്തപ്പെടുന്നു
mlf_03182_01424534019	എന്നിട്ട് എന്ത് കൊണ്ട് ഇങ്ങനെ സംഭവിച്ചു എന്ന് പറയുക
mlf_06469_00534638990	പിന്നീട് മിനി സ്ക്രീനിലേക്ക് ചേക്കേറിയ ശ്രീവിദ്യ സീരിയൽ രംഗത്തും സജീവമായിരുന്നു
mlf_06469_01832400781	അതുകൊണ്ട് തന്നെ പൂച്ചകളെ വളർത്തുന്നവർ ഇത്തരം പൂച്ചകളെ ഒഴിവാക്കാറുമുണ്ട്
mlf_06469_01917625463	ഇതിൽ വേറിട്ടു നിൽക്കുന്നത് ഓണം മാത്രം
mlf_02925_01578815239	അകത്തേ അറയുടെ നാലു വശത്തായി നാലു ആർച്ചുകൾ സ്ഥിതി ചെയ്യുന്നു
mlf_09852_00580364547	ആഫ്രിക്കൻ ആനകൾക്ക് തുമ്പിക്കൈയുടെ അറ്റത്ത് വിരൽ പോലെ രണ്ട് അറ്റങ്ങൾ ഉണ്ടാകാറുണ്ട്
mlf_06262_02057899420	ആദ്യത്തെ കത്തിനൊപ്പം അയച്ചുകൊടുത്ത നാല് കവിതകൾ വായിച്ച ഹിഗിൻസിന് അവ അത്രയൊന്നും ഇഷ്ടപ്പെട്ടില്ല.
mlf_04310_01164908520	നേരേ വലത്തേക്ക് തിരിയുക
mlf_03132_01473686484	അവിടേയും കുഷ്ടരോഗി പരിചരണമായിരുന്നു പ്രവർത്തനം
mlf_06469_01158383416	പക്ഷെ അപ്പോൾ ഒരു പ്രശ്നം ഉണ്ട്
mlf_03228_02012586199	ചന്ദ്രനിൽ അന്തരീക്ഷം ഇല്ല എന്നു തന്നെ പറയാം
mlf_02321_01671009434	ആയിരക്കണക്കിന് കാഴ്ചകുലകളാണ് ഭക്തർ ഉത്രാടദിവസം ഗുരുവായൂരപ്പനു സമർപ്പിക്കപ്പെടുന്നത്
mlf_09549_00527891365	കവലയിൽ നാലാമത്തെ എക്സിറ്റ് എടുക്കുക
mlf_02018_00897016984	അച്ചടക്കമില്ലാത്ത ക്രിസ്ത്യൻ സമൂഹം എന്നാണ് വില്ല്യം ആദ്യം അവരെ പറ്റി ധരിച്ചത്
mlf_06469_00024525612	അമേരിക്കക്കെതിരേ യുദ്ധം ചെയ്യുന്ന വിയറ്റ്നാമിലെ ധീരന്മാർക്ക് കാസ്ട്രോ എല്ലാ വിധ പിന്തുണയും നൽകി
mlf_01130_01811553330	സതി എന്ന വാക്കിനാൽ താഴെപ്പറയുന്ന എന്തിനേയും വിവക്ഷിക്കാം
mlf_06469_01313098677	തിരുവനന്തപുരം ഒരു പ്രമുഖ വിദ്യാഭ്യാസ കേന്ദ്രമാണ്
mlf_04720_00164740627	അതോടൊപ്പം ഇന്ത്യയിൽ എങ്ങും ആയിരക്കണക്കിനാളുകൾ പങ്കെടുത്ത നിയമലംഘന സമരങ്ങൾ അരങ്ങേറി
mlf_05394_01607796309	കൃഷ്ണന്‍ നായര്‍ നാനാര്‍ത്ഥങ്ങള്‍ എന്ന താള്‍ കാണുക
mlf_09549_01198147929	വഴി ഉപയോഗിക്കുക
mlf_03228_01266060093	താങ്കൾ പറയുന്നത് ശരിയാണ് എന്ന് തോന്നുന്നു
mlf_07754_00192421969	അവസാനത്തെ പ്രക്രിയ ഇരുമ്പ് ഉല്പാദനമാണ്
mlf_03435_00917385760	അതോടെ മൂന്നാം പൂണിക് യുദ്ധത്തിന് കളം ഒരുങ്ങി
mlf_08428_01625246524	ഈ താളിലെ വിവരങ്ങൾ തർജ്ജമ ചെയ്യാൻ പാടില്ല
mlf_03182_00824800336	അക്കാലത്ത് വനമായിരുന്ന ഈ ഭൂപ്രദേശം ഇന്ന് പരിഷ്കൃതമായ നാട്ടിൻപുറമായിത്തീർന്നിരിക്കുന്നു
mlf_04674_00988608988	അതിൽ കൂടുതൽ ഭൂമി കൈവശം വെക്കാൻ പാടില്ല എന്ന നിയമം കർശനമാക്കി
mlf_08428_00300546662	ചെയ്തു കഴിഞ്ഞു തലക്കെട്ട് മാറ്റി സലീം അലി എന്നാക്കി
mlf_05401_01035938373	അങ്ങനെ രക്തച്ചൊരിച്ചിലില്ലാതെ ഗുലാബ് സിങ് തന്റെ സാമ്രാജ്യം സ്വന്തമാക്കി
mlf_09549_00803157315	ഇരുനൂറ്‌ യാർഡിൽ
mlf_03132_00796722421	അവിടെ വച്ച് അവർ സ്വയം അറസ്റ്റ് വരിക്കുകയും ചെയ്തു
mlf_07754_02088457202	ആകാശത്തിലെ വിവിധ ഭാഗങ്ങളിലുള്ള നക്ഷത്രങ്ങളുടെ എണ്ണം ശ്രദ്ധയോടെ അദ്ദേഹം കണക്കുകൂട്ടി
mlf_03132_00909252255	പ്രാതലായാണ് സാധാരണ വിളമ്പുന്നതെങ്കിലും വൈകീട്ടും ഇത് ഉപയോഗിക്കാറുണ്ട്
mlf_03435_01195443538	ഞാന്‍ ചില ഉദാഹരണങ്ങള്‍ പറഞ്ഞു എന്നേ ഉള്ളൂ
mlf_04310_00882810195	റാമ്പിലേക്ക് ഇടത് ഭാഗത്ത് അല്പം തിരിയുക
mlf_06262_01625252977	ദൈവ വിശ്വാസികള്‍ ആയിരുന്നു ഈ ജനത
mlf_02879_01823115945	അവർക്കെല്ലാം റോമൻ പൗരാവകാശം അനുവദിച്ചാണ് സമരം അവസാനിപ്പിച്ചത്
mlf_05401_01070408623	അയോ കഴിഞ്ഞാൽ സൗരയൂഥത്തിൽ ഏറ്റവും സാന്ദ്രതയേറിയ ഉപഗ്രഹമാണ്‌ ചന്ദ്രൻ
mlf_03228_02141974510	എങ്കിലും മനസ്സിൽ തോന്നുന്നത് പറയാതെ വയ്യ
mlf_04310_01914319862	നേരേ മുന്നോട്ട് പോകുക
mlf_01640_01394939480	നേരേ തുടരുക
mlf_03435_01607776283	അവര്‍ കൂടുതല്‍ സഞ്ചാരം നടത്താന്‍ തുടങ്ങി
mlf_02484_01968003842	അവ പ്രത്യക്ഷപ്പെടുക ഉയർന്ന അക്ഷാംശങ്ങളിലുമായിരിക്കും.
mlf_03182_01825486842	ആനിമൽ ഫാം പ്രസിദ്ധീകൃതമായപ്പോൾ രണ്ടാം ലോകമഹായുദ്ധം അന്ത്യത്തോടടുക്കുകയായിരുന്നു
mlf_03182_01317650084	പിന്നെ ഉണ്ടാക്കിയ ആള് അയാളുടെ അഭിപ്രായം പറയുന്നു
mlf_01130_01506941706	ഇന്ന് രാവിലെ മുതൽ കുഴപ്പമില്ല എന്ന് തോന്നുന്നു
mlf_01640_00683768899	എന്‍നൂര്‍ മീറ്ററിൽ
mlf_04310_00797255425	അറുനൂറ് അടി കഴിയുമ്പോൾ
mlf_03435_00854869663	അത് വീണ്ടും രണ്ടായി മാറി രണ്ട് ഭാഗങ്ങളായി തീർന്ന് ഇന്ന് നിൽക്കുന്ന സ്ഥാനങ്ങളിലെത്തി
mlf_04310_00705600475	ജി_letter-en പി_letter-en എസ്_letter-en സിഗ്നൽ പോയി
mlf_04310_01903235103	അന്‍പത്ത് മീറ്റർ കഴിയുമ്പോൾ
mlf_03132_00703480461	അതായത് ഇത്തരം തമോദ്വാരങ്ങളുടെ സിംഗുലാരിറ്റി ഒരു ബിന്ദുവായിരിക്കും
mlf_05394_01504604334	ആദ്യ ഗുരു അദ്ദേഹത്തിന്റെ അച്ഛൻ തന്നെയായിരുന്നു
mlf_07754_00823188241	സ്റ്റേറ്റ് ബാങ്ക് ഓഫ് ഇന്ത്യയുടെ ഒരു വലിയ ശാഖ ഫോര്‍ട്ട് റോഡില്‍ ഉണ്ട്
mlf_03182_01948112579	പെട്ടെന്ന് അവൻ എന്നെ കണ്ടു
mlf_07754_00232181735	അരമണ്ഡല നിലയിലിരുന്ന് മുട്ട് മടക്കി പാദം നേരെ ഉയർത്തി തറയിൽ തട്ടുന്നു
mlf_07754_01908323700	മഹാനായ അശോകന്‍ ഈ രാജവംശത്തിന്റെ ഭാഗമായി
mlf_05401_00667321256	അവർക്ക് പാലും ഉച്ചഭക്ഷണവും സമ്മാനമെന്ന രീതിയിൽ കുളിക്കാനായി സോപ്പുകളും നൽകിയിരുന്നു
mlf_03435_00596608821	ശിക്ഷ ശ്രുതി എന്ന വാക്കാല്‍ വിവക്ഷിക്കാവുന്ന ഒന്നിലധികം കാര്യങ്ങളുണ്ട്
mlf_03132_00136736293	അതുകൊണ്ടുണ്ടായ നാനാത്വം വാസ്തുവിദ്യയിൽ കാണുന്നുമുണ്ട്
mlf_04310_01452369697	നൂറ്റി അന്‍പത്ത് യാർഡ് കഴിയുമ്പോൾ
mlf_02879_00916224870	അവന് അവള് അത് അവർ അതിന് അതിന്റെ അയാളുടെ അവരുടെ അവന്റെ അവളുടെ അദ്ദേഹത്തെ
mlf_09549_00659285902	ഒന്നര മൈലിൽ
mlf_06469_02053565120	ഞാൻ മലയാളം വിക്കിയുടെ പൊതു നയം പറഞ്ഞു എന്ന് മാത്രം
mlf_02925_02122367416	അവരെ വ്യക്തിപരമായ തലത്തിൽ മനസ്സിലാക്കാൻ സാധിക്കുകയില്ല
mlf_09549_01237440039	ഒരു മുക്കാൽ മൈലിൽ
mlf_05401_01529653569	അവയെക്കുറിച്ചറിയാന്‍ അശോകന്‍ നാനാര്‍ത്ഥങ്ങള്‍ എന്ന താള്‍ കാണുക
mlf_01640_01816187366	ട്രാഫിക് സർക്കിളിൽ പ്രവേശിക്കുക
mlf_06469_01266033218	അദ്ദേഹത്തിന്റെ കൃതികൾ സിംഹഭാഗവും പഞ്ചാബിനെയും അപ്ഗാനിസ്ഥാനെയും കേന്ദ്രീകരിച്ചാണ്
mlf_03182_00643444501	സമ്പ്രദായം പാരമ്പര്യം എന്നീ വാക്കുകൾ ഉപയോഗിക്കാം
mlf_09549_01723581407	നേരേ തുടരുക
mlf_02018_00361940960	അച്ഛൻ മൊയ്സുദ്ദീൻ അമ്മ സീനത്തുന്നീസ
mlf_08428_01806688837	അന്റാർട്ടിക്കയുടെ ചുറ്റുമുള്ള സമുദ്രത്തെ ദക്ഷിണസമുദ്രം എന്നാണിന്ന് പൊതുവേ വിളിക്കുന്നത്
mlf_06262_00673201017	തെളിവ് ചേര്‍ത്തത് വലിയ പ്രശ്നം കാണുന്നില്ല
mlf_09845_02012524248	അമേരിക്കയുമായുള്ള വൻതോതിലുള്ള വ്യാപാരമാണ് അടിസ്ഥാന നാണയമായി ഡോളറിനെ നിലനിർത്തുന്നത്
mlf_06469_02050159985	ഈ ക്ഷേത്രത്തിലെ പ്രതിഷ്ഠ കൃഷ്ണൻ ആണ്
mlf_03182_01489741235	ആർട്ടിക് സമുദ്രത്തോടു ചേർന്നുകിടക്കുന്ന വടക്കു കിഴക്കൻ സംസ്ഥാനങ്ങളിൽ തണുത്ത ദിനങ്ങളാണധികവും
mlf_03435_01456183896	എന്നാല്‍ ക്ഷേത്രങ്ങള്‍ ഇന്നും ഇതേ രീതിയില്‍ തന്നെയാണ്‌ നിര്‍മ്മിക്കുന്നത്
mlf_01640_00975075247	ഇരുനൂറ്‌ യാർഡിൽ
mlf_07754_00577351875	ആംഗ്ലിക്കൻ സഭയിൽ ചെവിക്കുമ്പസാരത്തിന് വിവാദഭരിതമായ ചരിത്രമാണുള്ളത്
mlf_03132_00699602358	അവതരിപ്പിക്കുന്ന പരിപാടിയിൽ തുടക്കത്തിൽ ഈശ്വരാരാധന നടത്തുന്നത് ഒരു ആത്മധൈര്യം ഉണ്ടാകാൻ കൂടിയാണ്
mlf_09549_00247999612	നാനൂറ് മീറ്ററിൽ
mlf_09549_01479571352	തെക്കുപടിഞ്ഞാറോട്ട് പോവുക
mlf_02925_01959315158	ഇതേ പേരിൽ വേറെ ഒരു പ്രമാണം നിലവിലുണ്ട്
mlf_03228_02062362977	അദ്ദേഹത്തിന്റെ സൈനികർ ജലാലാബാദിലെത്തിയിരുന്നതിനാൽ നിയന്ത്രണം ബുദ്ധിമുട്ടിലായി
mlf_03435_01645974494	അവയെക്കുറിച്ചറിയാന്‍ അശോകന്‍ നാനാര്‍ത്ഥങ്ങള്‍ എന്ന താള്‍ കാണുക
mlf_02484_01335071235	അവയെക്കുറിച്ചറിയാന്‍ മധു നാനാര്‍ത്ഥങ്ങള്‍ എന്ന താള്‍ കാണുക
mlf_04674_00741942406	അതുപോലെ അനേകം എസ് ഇ എസ് ഇ എം എം എ ലെവെൽ അഞ്ച് കമ്പനികളുടെ ആസ്ഥാനമാണിവിടം
mlf_07754_00029816796	ആവശ്യമായ മെമ്മറി ഏറ്റവും കുറവ് അഞ്ഞൂറ്റി പന്ത്രണ്ട് എം_letter ബി_letter യാണ്
mlf_06262_00944832194	വള്ളത്തോള്‍ നഗര്‍ എന്നാണ് ഈ റെയില്‍‌വേ സ്റ്റേഷന്‍ നാമകരണം ചെയ്തിരിക്കുന്നത്
mlf_04310_00982297799	റാമ്പിലേക്ക് അല്പം വലത്തേക്ക് തിരിയുക
mlf_02484_01612155773	അവയിൽ ചിലതൊക്കെ ശരിയാണെന്ന് വരാം
mlf_04310_00759311675	അഞ്ഞൂര്‍ അടി കഴിയുമ്പോൾ
mlf_09852_00075919363	അപകടം മുൻകൂട്ടി കണ്ട ബ്രിട്ടൻ പിന്മാറാൻ തീരുമാനിച്ചു
mlf_08428_00277311490	അനേകം ക്ഷേത്രങ്ങളുടെ ഭാഗങ്ങൾ ഇവയിലുണ്ട്
mlf_09549_01756451303	പാതയിൽ തുടരുക
mlf_03182_01867193862	യന്ത്രം എന്ന വാക്കാൽ വിവക്ഷിക്കാവുന്ന ഒന്നിലധികം കാര്യങ്ങളുണ്ട്
mlf_09852_01555230937	ആധുനിക സൗദി അറേബ്യ നിലവിൽ വന്നത് മുതൽ സമ്പൂർണ രാജ ഭരണമാണ് രാജ്യത്തെ ഭരണക്രമം
mlf_02321_01358855254	എല്ലാ നിറവും ചേരുമ്പോൾ ആണ് കറുപ്പ് ഉണ്ടാവുന്നത്
mlf_04310_00498695381	ഇരുനൂറ്‌ അടി കഴിയുമ്പോൾ
mlf_01130_01078409060	അശോകൻ ഗ്രീക്കിലും അരമായിക ഭാഷയിലും കല്പനകൾ പുറപ്പെടുവിച്ചിരുന്നു
mlf_03228_01948382711	ഈ ലേഖനം ഇസ്ലാം എന്ന താളുമായി ലയിപ്പിക്കുന്നതിന് ശുപാർശ ചെയ്തിരിക്കുന്നു
mlf_02879_01502212682	ഇസ്ലാമിക് കലണ്ടർ എന്ന താൾ ഈ ലേഖനവുമായി ലയിപ്പിക്കുന്നതിന് ശുപാർശ ചെയ്തിരിക്കുന്നു
mlf_07754_00814370149	അവിടെ രാജകുമാരന്റെ വക ഹൃദ്യമായ ഒരു വരവേൽപ്പ് അദ്ദേഹത്തിന്‌ ലഭിക്കുകയുണ്ടായി
mlf_02879_01801427513	നമ്മൾ തമ്മിൽ സ്വകാര്യ ചർച്ച ഇക്കാര്യത്തിൽ വേണ്ട
mlf_07754_01055804522	ഞാന്‍ ഹിന്ദി ബംഗാളി എന്നീ ഭാഷകളും താരതമ്യം ചെയ്തു
mlf_03182_00472178829	അമേരിക്കയും ക്യൂബയും തമ്മിലുള്ള ബന്ധം കൂടുതൽ വഷളാവാൻ തുടങ്ങി
mlf_02321_01122737601	അമേരിക്കൻ സർക്കാർ ഈ ആരോപണത്തെ അസംബന്ധം എന്നു പറഞ്ഞു തള്ളിക്കളയുകയായിരുന്നു
mlf_04674_00645049851	അവരിലുടെ ഗാന്ധി ഹിന്ദുത്വം ബുദ്ധമതം ബ്രാഹ്മണ സാഹിത്യം തുടങ്ങിയവ പഠിക്കാൻ ഇടയായി
mlf_03132_01414739852	അന്ന് മോത്തിഹാരി ബ്രിട്ടീഷ് ഇന്ത്യയിലെ ബംഗാൾ പ്രസിഡൻസിയുടെ ഭാഗമായിരുന്നു
mlf_04310_01821578858	റാമ്പിൽ തന്നെ തുടരുക
mlf_02321_01282697861	അക്കാലത്ത് ജ്യോതിർ ഭൗതികത്തിലെ അവസാന വാക്കായി കരുതപ്പെട്ടിരുന്ന ആർതർ എഡിങ്ട്ടൺ ഇതിനെ എതിർത്തു
mlf_03182_01563211173	ഞാൻ സ്വയം വരച്ച ചിത്രങ്ങൾ തന്നെയാണ്
mlf_08428_00423052542	അവരുടെ വിയോഗം അദ്ദേഹത്തെ ദുഃഖവിവശനാക്കുകയും ചെയ്തു
mlf_03132_00233496710	നായര്‍ എന്നു പറയുന്നത് കേരളത്തിലെ ഒരു ജാതി സമൂഹത്തിന്റെ പേര്‍ ആണ്
mlf_06469_01643208397	ആദ്യ രണ്ടു ദിവസം മൂവരും ഒളിവിൽ കഴിഞ്ഞു
mlf_08428_00714579312	സ്വന്തം എന്നു പറയാൻ കുറച്ച് വ്യത്യാസം മാത്രം
mlf_03132_01770930607	യൂറോപ്പിലെ ചില ഭാഗങ്ങളിലും കൃഷി ചെയ്യുന്ന ഒരു സസ്യമാണ്‌ കറുപ്പ്
mlf_04310_00766041468	എന്നൂര് മീറ്റർ കഴിയുമ്പോൾ
mlf_04674_00001168047	ആയുർവേദത്തിന് കേരളത്തിൽ വമ്പിച്ച സ്വാധീനം ലഭിച്ചത് ഈ മതങ്ങളുടെ സ്വാധീനം നിമിത്തമാണ്
mlf_02018_00534917350	അപ്പസ്തോലൻ എന്നത് ഗ്രീക്കു പദമാണ്
mlf_05401_01857738262	അല്പം എരിവും പുളിവും കലർന്ന ആഹാരരീതിയാണ് കേരളീയരുടേത്
mlf_02879_00031822830	അവരെ അറസ്റ്റ് ചെയ്ത് ജയിലിലടച്ചപ്പോൾ ലഹള പൊട്ടിപ്പുറപ്പെട്ടു
mlf_08428_00655431183	അതിസാഹസികമായ ഈ കാലയളവിൽ ബഷീർ കെട്ടാത്ത വേഷങ്ങളില്ല
mlf_09549_00899091521	നേരേ വലത് തിരിയുക
mlf_08428_00151267245	അദ്ദേഹത്തിന്റെ കാലത്താണ് അടിമകൾ സ്പാർട്ടക്കുസിന്റെ നേതൃത്വത്തിൽ സമരം ആരംഭിച്ചത്
mlf_02879_01044630544	യാക്കോബായ സഭ എന്ന പ്രയോഗം സാധാരണയായി സുറിയാനി ഓർത്തഡോക്സ് സഭയെ വിളിച്ചു വരുന്ന പേരാണ്
mlf_01130_00265871390	ഓട് എന്ന വാക്കാൽ വിവക്ഷിക്കാവുന്ന ഒന്നിലധികം കാര്യങ്ങളുണ്ട്
mlf_03132_02084385482	മൂവാറ്റുപുഴ കേരളത്തിലെ ഒരു പ്രധാന പട്ടണമാണ്
mlf_07754_01886485033	ആദിവാസികളെ ഒഴിച്ചാൽ ഇവിടെ താമസിക്കുന്നവർ ഇന്ത്യയിലെ വിവിധ ദേശങ്ങളിൽ നിന്നും കുടിയേറിയവരാണ്‌
mlf_04720_01095916546	ആഭ്യന്തര വ്യോമഗതാഗത ടെർമിനലും ഈ വിമാനത്താവളത്തിന്റെ മറ്റൊരു ഭാഗത്താണ്
mlf_09549_01090353829	അറുനൂറ് അടിയിൽ
mlf_07754_01855114956	ഞാന്‍ തൊടുപുഴ എന്ന വിഭാഗം ചെയ്തിട്ടുണ്ട്
mlf_03228_00893420186	വിമാനം എന്ന വാക്കാൽ വിവക്ഷിക്കാവുന്ന ഒന്നിലധികം കാര്യങ്ങളുണ്ട്
mlf_02484_00203460415	അവരുടെ ആദ്യസന്താനമായിരുന്നു നീച്ച
mlf_03182_00764120562	ആമസോൺ നദിയുടെ തീരത്തുകൂടെ ആയിരുന്നു ഈ യാത്ര മിക്കവാറും
mlf_02879_01627499941	അശോകന്റെ ശിലാശാസനങ്ങളാണ് ഇന്ത്യയിലെ സംരക്ഷിക്കപ്പെട്ട ഏറ്റവും പുരാതനമായ ചരിത്രരേഖകൾ
mlf_03182_00395721303	രണ്ട് ഔദ്യോഗിക നാമങ്ങൾ സ്വീകരിച്ച ആദ്യ പാപ്പ
mlf_03182_00386331661	അതിനെ തുടർന്ന് ബുദ്ധമതം ക്ഷയോന്മുഖമായ ഒരു കാലഘട്ടത്തിലേക്ക് പ്രവേശിച്ചു
mlf_03182_01321528281	അത് ഒരു തീർത്ഥാടനയാത്രയായാണ് അദ്ദേഹം വിശേഷിപ്പിച്ചത്
mlf_04310_01145322420	വലത്തേക്ക് തിരിയുക
mlf_04310_01521477738	ട്രാഫിക് സർക്കിളിൽ രണ്ടാമത്തെ എക്സിറ്റിലൂടെ പോകുക
mlf_04310_01184539672	വലതുവശത്തുള്ള ഇന്റർചെയ്ഞ്ചിലൂടെ പോകുക
mlf_03182_01134487863	അവയെക്കുറിച്ചറിയാൻ പറവൂർ നാനാർത്ഥങ്ങൾ എന്ന താൾ കാണുക
mlf_04720_00293923069	അശോകൻ എന്ന വാക്കാൽ വിവക്ഷിക്കാവുന്ന ഒന്നിലധികം കാര്യങ്ങളുണ്ട്
mlf_02018_00450534751	വിവാദം ഉണ്ടായത് ഗ്രന്ഥം പ്രസിദ്ധീകരിച്ച ശേഷം അല്ലേ
mlf_07754_01109235997	അതിനാൽ ഗാന്ധി ഒത്തുതീർപ്പിലൊന്നും എത്താതെ മടങ്ങി
mlf_02018_01698076031	അങ്ങനെ അദ്ദേഹം സ്വന്തം രാജ്യത്തിൽ തന്നെ വെറുക്കപ്പെട്ടവനായി
mlf_09852_01151335869	അവര്‍ ഇപ്പോള്‍ തന്നെ നന്നായി പ്രവര്‍ത്തിക്കുന്നുണ്ട്
mlf_03228_01011034823	ഇങ്ങനെ ഒരു ലേഖനം വേണ്ട എന്നാണ് അഭിപ്രായം
mlf_09852_01781365467	അതിൽ രാമപുരത്തു വാര്യർ കുഞ്ചൻ നമ്പ്യാർ തുടങ്ങിയ മഹാകവികളും ഉണ്ടായിരുന്നു
mlf_02018_00923846281	ആലുവ ശിവരാത്രിയോളം തന്നെ പ്രശസ്തമാണ് അന്നമനട മഹാദേവ ക്ഷേത്രത്തിലെ ശിവരാത്രി
mlf_06469_01693768034	ആകെ വെറും ആയിരത്തിയഞ്ഞൂറ് എണ്ണം മാത്രമേ ഉള്ളൂ എന്നാണ് അവരുടെ കണക്കുകൾ
mlf_01130_01327966379	അവർ വച്ചുനീട്ടിയ വ്യവസ്ഥകൾ വളരെ ഉദാരമായിരുന്നിട്ടും അദ്ദേഹം ആ സ്ഥാനം സ്വീകരിച്ചില്ല
mlf_04674_01786563719	അവ പോളിപ്ലോയിഡുകളോ ട്രിപ്ലോയിഡുകളോ ആയതാണ് ഇതിനു കാരണം
mlf_01640_00785588387	മുന്നൂറ്‌ മീറ്ററിൽ
mlf_02484_00582379706	അദ്ദേഹം സുറിയാനിപ്പള്ളികളിൽ മലയാളത്തിൽ പ്രസംഗിക്കുമായിരുന്നു.
mlf_01640_00308621305	നിങ്ങളുടെ ലക്ഷ്യസ്ഥാനം ഇടതുവശത്തായിരിക്കും.
mlf_03228_00801221444	സാംസ്കാരിക രംഗത്തും ഗണ്യമായ സംഭാവനകൾ നൽകിയിട്ടുണ്ട്
mlf_05401_01372576530	ആ പരാമര്‍ശം ലേഖനത്തില്‍ നിന്നു മാറ്റണം
mlf_09549_01062077571	വഴിയിലേക്ക് വലത് തിരിയുക
mlf_03182_00325103507	അപ്ഡേറ്റ് ചെയ്യുമ്പോൾ ഓപ്പറേറ്റിങ് സിസ്റ്റം ഭാഗങ്ങൾ മാത്രമേ വിൻഡോസ് അപ്ഡേറ്റ് ചെയ്യാറുള്ളു
mlf_07754_00745194320	അനാദി കാലം മുതൽക്കേ കപ്പൽ യാത്രയ്ക്കും ദിശ അറിയുന്നതിനും നക്ഷത്രങ്ങളെയാണ് ആശ്രയിച്ചുപോരുന്നത്
mlf_02321_00496891488	അയാൾ ലുക്രേത്തിയ എന്ന ഉന്നതകുലജാതയായ സ്ത്രീയെ ബലാത്സംഗം ചെയ്തു
mlf_01640_01314487580	വലത് തിരിയുക
mlf_03132_01457707284	അഞ്ച് മാസത്തോളം മദർ സുപ്പീരിയർ എന്ന സ്ഥാനത്തു നിന്നും ഒഴിഞ്ഞു നിന്നു
mlf_09852_00960326618	അവിടത്തെ പഠനത്തിനിടെ അദ്ദേഹം എഴുതിയ രണ്ടു കവിതകൾ ഒരു പ്രാദേശിക പത്രം പ്രസിദ്ധീകരിച്ചു
mlf_02321_01113681445	താങ്കൾ വിവർത്തനം ചെയ്യുന്ന പദങ്ങൾ ഇവിടെ അല്ലെങ്കിൽ ഇവിടെ എഴുതാം
mlf_03228_00029718238	അതോടെ കീറ്റ്സിന്റേയും സഹോദരങ്ങളുടേയും ചുമതല മുത്തശ്ശിയുടേതായി
mlf_02925_02022635059	അമ്മ വ്യവസായപ്രമുഖനായ ജോഷിയാ വെഡ്ജ്‌വുഡിന്റെ മകളായിരുന്നു
mlf_06469_00534668752	അവിടത്തെ അരിയോപാഗസ് എന്ന പൊതുസ്ഥലത്ത് അദ്ദേഹം പ്രസിദ്ധമായൊരു പ്രസംഗം നടത്തി
mlf_05401_00349788790	അവയ്ക്ക് സാമ്പത്തികമായും സാമൂഹികമായും വളരെയധികം മൂല്യവും പ്രാധാന്യവുമുണ്ട്
mlf_03182_01443567460	അവ വളരെയധികം ഉബുണ്ടു ചായ്വുള്ളതും പലപ്പോഴും ഡെബിയനിൽ ഉപയോഗശൂന്യമാണെന്നും വിമർശനമുയർന്നിട്ടുണ്ട്
mlf_08428_01375003006	ലേഖനവുമായി ബന്ധപ്പെട്ട സംവാദം പ്രസ്തുത ലേഖനത്തിന്റെ സംവാദം താളിൽ മാത്രം ചെയ്യുക
mlf_01130_01090936762	അടുപ്പിച്ച് രണ്ടു തവണ അദ്ദേഹം ഇന്ത്യ നാഷണൽ കോൺഗ്രസിന്റെ പ്രസിഡന്റായി തെരഞ്ഞെടുക്കപ്പെട്ടിട്ടുണ്ട്
mlf_08428_00283519664	ഇംഗ്ലീഷ് എന്ന വാക്കാൽ വിവക്ഷിക്കാവുന്ന ഒന്നിലധികം കാര്യങ്ങളുണ്ട്
mlf_03435_01645476829	രൂപ എന്ന വാക്കാല്‍ വിവക്ഷിക്കാവുന്ന ഒന്നിലധികം കാര്യങ്ങളുണ്ട്
mlf_01640_00246179564	അഞ്ഞൂര്‍ അടിയിൽ
mlf_03435_00166264022	ആനകൾ എഴുപത് വയസ്സ് വരെയും അതിനു ‍മുകളിലും ജീവിക്കാറുണ്ട്
mlf_03132_01618890866	ഈ ലേഖനം ചേര എന്ന താളുമായി ലയിപ്പിക്കുന്നതിന്‌ ശുപാര്‍ശ ചെയ്തിരിക്കുന്നു
mlf_04310_00963762026	വള്ളത്തിൽ കയറുക
mlf_06262_00314810906	ഒരു വലിയ നഗരത്തിൽ ജീവിക്കാൻ എനിക്ക് ഒരാഗ്രഹവുമില്ല
mlf_09845_00356362412	അതുപോലെ കോപ ഡെൽ റേ ഫൈനലിൽ ഒരു വട്ടം നേർക്കുനേർ വന്നപ്പോൾ വിജയിച്ചതും ബാഴ്സയാണ്
mlf_03435_01640264978	പക്ഷേ പലരും അതു ചെയ്തു കണ്ടില്ല
mlf_05401_01886928948	ലോകത്തിലെ ഏറ്റവും നീളം കൂടിയ നദി നൈല്‍ ആണ്
mlf_04674_00657847852	ഇല്ലെങ്കിൽ കുറച്ച് സഹായ ലിങ്കുകൾ തരാം
mlf_03435_00854886019	അദ്ദേഹം അനേകം പ്രാർത്ഥനാ യോഗങ്ങളിൽ പങ്കെടുത്തു
mlf_06469_01264499111	അങ്ങനെയാണ് ഗാന്ധിജിയും ടാഗോറും പരിചയപ്പെടുന്നത്
mlf_03182_01849587187	അദ്ദേഹത്തിന് പകരം ബോബ് വ്യാറ്റ് ആണ് ഇംഗ്ലണ്ടിനെ നയിച്ചത്
mlf_04310_01090162213	ഇന്റർചെയ്ഞ്ച് കടക്കുക
mlf_02018_01598214146	അങ്ങനെ ഒരു വഴി ഉള്ളതായി അറിവില്ല
mlf_05401_00129610274	ആര്യന്മാർ ദേശവാസികളുടെമേൽ ആധിപത്യം സ്ഥാപിച്ചു കഴിഞ്ഞു
mlf_02321_00958805444	അതുമായി ബന്ധപ്പെട്ട ഒരു പി ഡി എഫ് ഫയൽ ഉണ്ടായിരുന്നു
mlf_07754_00729781513	അതുപോലെ വേറെയും ചില തെറ്റുകള്‍ കാണുന്നുണ്ട്
mlf_05401_01839748275	അനേകം പുരസ്കരങ്ങളും പുസ്തകത്തെയും രചയിതാവിനെയും തേടിവന്നിട്ടുണ്ട്
mlf_06469_00813324672	എഴുതിയ ആൾ തന്നെ ചേർക്കണം എന്നില്ല
mlf_04720_00879347445	ആണാനകളിലും പെണ്ണാനകളിലും സ്വവർഗ്ഗരതി സാധാരണമാണ്
mlf_01130_00339411587	അവസാനകാലത്ത് ലൂഥർ ജൂതരേക്കുറിച്ചെഴുതിയ കാര്യങ്ങൾ വിവാദപരമായിരുന്നു
mlf_03435_00185813351	അതിനുള്ള പണം അവർ തന്നെ സ്വയം കണ്ടെത്തുകയായിരുന്നു
mlf_03435_00647810075	ആരോഗ്യരംഗം പൂർണ്ണമായും സൗജന്യമായി
mlf_06262_00744536129	അതുകൊണ്ടുതന്നെ, സ്വാതന്ത്ര്യപൂർവ്വ ഭാരതത്തിൽ ഈ നിറം വരേണ്യവർഗ്ഗത്തിന്റെ അടയാളമായിരുന്നു.
mlf_09852_00600980489	അടിമത്തത്തെച്ചൊല്ലിയാണ് അമേരിക്കയിൽ ആദ്യത്തെ ആഭ്യന്തര യുദ്ധം പൊട്ടിപ്പുറപ്പെടുന്നത്
mlf_05401_01960823400	അതിനടുത്ത വർഷം ഭഗത് സിംഗ് കീർത്തിയുടെ പത്രാധിപ സമിതിയിൽ അംഗമായി
mlf_02321_01587586301	അതിൽ സൂചന എന്നാണ് അർത്ഥം കൊടുത്തിരിക്കുന്നത്
mlf_07754_00871759168	അതോടെ ശരീരോഷ്മാവു കൂടി രോഗി മരണത്തോടടുത്തു
mlf_06262_01796365763	ശക്തന്‍ തമ്പുരാന്‍ ഇവരില്‍ നിന്ന് കൂടുതല്‍ നികുതി ആവശ്യപ്പെട്ടു
mlf_04674_00914667570	തല എന്ന വാക്കാൽ വിവക്ഷിക്കാവുന്ന ഒന്നിലധികം കാര്യങ്ങളുണ്ട്
mlf_05023_01918306118	അമേരിക്ക ക്യൂബക്കെതിരേ ഒരു ജൈവയുദ്ധത്തിനു തയ്യാറെടുക്കുകയാണെന്ന് കാസ്ട്രോ ആരോപിച്ചു
mlf_03182_00826630313	അവസാനം മൂവായിരത്തിയഞ്ഞൂറോളം വരുന്ന അഭയാർത്ഥികളെ അമേരിക്ക നിയമപരമായി സ്വീകരിക്കാം എന്നു സമ്മതിച്ചു
mlf_06262_01240944843	അമേരിക്കൻ ചാരസംഘടനയായ സി.ഐ.എ ഇവർക്ക് എല്ലാവിധ സഹായങ്ങളും നൽകിയിരുന്നു.
mlf_04674_01487340216	ലേഖനങ്ങൾ ഇനിയും നന്നാക്കാൻ ശ്രമിക്കാം ജസീം
mlf_01130_00959802147	പാർട്ടി എന്നീ പേരിലും ഈ വിഭാഗം ചിലയിടങ്ങളിൽ അറിയപ്പെടുന്നു
mlf_06262_00721579660	അതിലൊന്നായിരുന്നു ഇഷ്ടിക നിർമ്മാണം.
mlf_09845_00509668449	അതിനായി ആയിരത്തിയെട്ട് നാളികേരമാണ് ഉപയോഗിച്ചിരുന്നത്
mlf_01640_01971518083	എന്‍നൂര്‍ അടിയിൽ
mlf_02925_02142236277	അന്നത്തെ നമ്പൂതിരി പാഠ്യശാലകൾ ശാലൈ എന്ന പേരിലാണ് അറിയപ്പെട്ടിരുന്നത്
mlf_03435_01392712600	ഈ താളില്‍ നിങ്ങള്‍ക്ക് ആവശ്യമായ ഉപകരണങ്ങള്‍ കിട്ടും
mlf_04310_01520470960	നൂറ് അടി കഴിയുമ്പോൾ
mlf_05401_02035858146	ആദ്യത്തെ കത്തിനൊപ്പം അയച്ചുകൊടുത്ത നാല് കവിതകൾ വായിച്ച ഹിഗിൻസിന് അവ അത്രയൊന്നും ഇഷ്ടപ്പെട്ടില്ല
mlf_04720_01348910265	അതിനു താഴെയുള്ള തറ ഭാഗം വിലപ്പെട്ട കല്ലുകൾ കൊണ്ട് അലങ്കരിച്ചിരിക്കുന്നു
mlf_09852_02002180332	മാഷെ ഒരു സം വാദം ഇവിടെ നടക്കുന്നുണ്ട്
mlf_02018_01991981345	അതിൽ നിന്നും നീണ്ട നാരുകൾ പുറത്തു വരുന്നതായും കാണാം
mlf_02321_00204747089	ആദിവാസികൾ ഒഴിച്ചാൽ ഇവിടെ താമസിക്കുന്നവർ ഇന്ത്യയിലെ വിവിധ ദേശങ്ങളിൽ നിന്നും കുടിയേറിയവരാണ്
mlf_02484_00489614502	അതുകൊണ്ടു തന്നെ കഥ പാണ്ഡുവിന്റെയും ധൃതരാഷ്ട്രരുടേയും ജനനത്തിൽ തുടങ്ങുന്നു.
mlf_09549_01498226598	പടിഞ്ഞാറോട്ട് പോവുക
mlf_03132_01476110971	അബ്ദുള്ള ബിൻ അബ്ദുൽ അസീസ് രാജാവാണ്‌ സൗദി അറേബ്യയിലെ ഇപ്പോഴത്തെ ഭരണാധികാരി
mlf_01640_01518594129	നിങ്ങളുടെ ലക്ഷ്യസ്ഥാനം വലതുവശത്തായിരിക്കും.
mlf_06262_01392102711	അതിനെ പ്രത്യേകിച്ച് വേറേ മാനദണ്ഡങ്ങള്‍ ഒന്നും ഇല്ല
mlf_05394_01987142982	അല്ലെങ്കിൽ അതിനുള്ള ഒരുക്കുങ്ങൾ നടത്തുന്നുണ്ടായിരുന്നു.
mlf_02925_00938260031	അടൂർ ഗോപാലകൃഷ്ണനാണ് ഈ ചിത്രം സംവിധാനം ചെയ്തത്
mlf_03228_00123774561	അമ്മയുടെ പുകവലി കുട്ടിയുടെ ഭ്രൂണാവസ്ഥയിലെ ശ്വാസകോശവളർച്ചയെ ബാധിക്കുമെന്ന് പഠനങ്ങൾ സൂചിപ്പിക്കുന്നു
mlf_02484_01945858357	അതാണ് ഏറ്റവും കൂടുതല്‍ ഉപയോഗിക്കപ്പെടുന്ന പൂവ് എന്നു തോന്നുന്നു
mlf_07754_01798964197	അക്കാലത്ത്‌ അത്‌ ഒരു കൃതിയുടെ രൂപം പ്രാപിച്ചോ എന്നത് വ്യക്തമല്ല
mlf_03132_00572192208	ആ പണം അമ്മയുടെ കയ്യില്‍ കൊടുത്തു
mlf_03228_00587732703	ആനകൾ മൃഗശാലകളിലും ദേശീയോദ്യാനങ്ങളിലും പ്രദർശിപ്പിച്ചുവരുന്നു
mlf_04310_01416424109	തെക്കോട്ട് പോവുക
mlf_02018_01331459095	അവരുടെ സാക്ഷരതയും വിദ്യാഭ്യാസനിലവാരവും ഉയർത്തുന്നതിൽ കാര്യമായ പങ്കു വഹിച്ചു
mlf_03228_01369246863	അലി ആണ് ഇവിടെ നിന്നുള്ള പ്രതിനിധി
mlf_06469_01661146807	തുള്ളൽ എന്ന വാക്കിനാൽ താഴെപ്പറയുന്ന എന്തിനേയും വിവക്ഷിക്കാം
mlf_01130_00033664250	അവസാനം ചെ സാന്താ ക്ലാര ആക്രമിക്കാനായി തന്റെ ആത്മഹത്യാ സംഘത്തെ തയ്യാറാക്കി
mlf_04674_01415764730	അവയെക്കുറിച്ചറിയാൻ രൂപ നാനാർത്ഥങ്ങൾ എന്ന താൾ കാണുക
mlf_06262_00055646815	എല്ലാ വര്‍ഷവും ഫെബ്രുവരി മാര്‍ച്ച് കാലയളവില്‍ ആണ് ഈ ഉത്സവം നടക്കുന്നത്
mlf_07754_01153149787	അബ്ദുൾ അസീസ് രാജാവ് ആണ് സൗദി അറേബ്യയിൽ ഒരു നീതിന്യായ സംവിധാനം സ്ഥാപിച്ചത്
mlf_05401_00362341568	അതോടെ സൗദ് രാജകുടുംബം സാവധാനം ലോക നേതാക്കൾക്കൊപ്പം സ്ഥാനം പിടിച്ചു
mlf_04674_01111966262	അത് നന്മപ്രവർത്തികളിലൂടെ നേടാവുന്നതല്ല
mlf_02484_02005340867	വേളി എന്ന വാക്കാല്‍ വിവക്ഷിക്കാവുന്ന ഒന്നിലധികം കാര്യങ്ങളുണ്ട്
mlf_03132_00654654928	അദ്ദേഹത്തിന്റെ പുസ്തകങ്ങൾക്ക് വില്പന മിക്കവാറും ഇല്ലെന്നായി
mlf_04720_01078147003	അദ്ദേഹം സിഡ്നിയിലെ ദി സൺ എന്ന പത്രത്തിലെ ലേഖകനായിരുന്നു
mlf_03132_01542139112	അവകാശികളും ബന്ധുക്കളുമല്ലാത്തവർക്ക് ഭൂമി കൈമാറുന്നതിൽ നിയന്ത്രണം ഇതിലൂടെ ഏർപ്പെടുത്തി
mlf_09845_00370083017	സൂര്യന്‍ എന്ന നക്ഷത്രം എന്ന വിഷയത്തെക്കുറിച്ച് അറിയണമെങ്കില്‍ സൂര്യന്‍ എന്ന താള്‍ കാണുക
mlf_02321_00900661161	അവർ പാക് അധീന കാശ്മീരിലേക്ക് കടക്കാതിരിക്കാൻ ഇന്ത്യൻ സൈന്യം പ്രത്യേക ശ്രദ്ധ വച്ചിരുന്നു
mlf_06262_01216037639	അവ പിന്നീട് സെൻ എന്ന ചിന്താധാരക്ക് വഴിതെളിച്ചു.
mlf_01640_00558102236	മൂന് കിലോമീറ്ററിൽ
mlf_03435_01586144192	ഈ വാക്കിന്റെ ഏറ്റവും വ്യാപകമായ ഉപയോഗം ഈ അര്‍ത്ഥത്തിലാണ്
mlf_05401_00798964284	ഇന്നും ഇന്ത്യയില്‍ കുട്ടികള്‍ക്ക് സ്വര്‍ണ്ണം ഔഷധമായി നല്‍കുന്നുണ്ട്
mlf_03435_00193539958	ഭൗതികം എന്ന വാക്കിനാല്‍ താഴെപ്പറയുന്ന എന്തിനേയും വിവക്ഷിക്കാം
mlf_07754_00759440151	അടിമകളെയും കടൽക്കൊള്ളക്കാരെയും ദേശദ്രോഹികളെയും കൊല്ലാൻ കുരിശിലേറ്റൽ ഉപയോഗിച്ചിരുന്നു
mlf_06469_01580917752	ആസ്മ ഏതെങ്കിലും പ്രത്യേക ജനവിഭാഗങ്ങളെ കൂടുതലായി ബാധിക്കുന്നുവെന്ന് സാമാന്യവൽക്കരിക്കാനാവില്ല
mlf_02321_00723532803	അടുത്ത കാലത്തായി ഈ സിദ്ധാന്തമാണ് കൂടുതൽ വിശ്വസനീയമായി കരുതിപ്പോരുന്നത്
mlf_04720_02007201598	അമേരിക്ക നൂറ്റിയമ്പത്തിമൂന്ന് യുദ്ധക്കപ്പലുകളുപയോഗിച്ച് ക്യൂബക്കു ചുറ്റും ഒരു പ്രതിരോധവലയം തീർത്തു
mlf_04310_00882079237	അഞ്ഞൂര്‍ മീറ്റർ കഴിയുമ്പോൾ
mlf_07754_00637849087	ആ പതിപ്പ് തന്നെയാണ് എന്റെ പ്രമാണം
mlf_09549_00007271334	നേരിയ ഇടത്
mlf_06469_00037132453	അവിടെ അദ്ദേഹം പതിനഞ്ചാമത്തെ വയസ്സുവരെ പഠിച്ചു
mlf_06469_01068788432	വൃത്താകൃതിയിലുള്ള പുൽമൈതാനങ്ങളാണു ക്രിക്കറ്റ് കളിക്കുവാൻ ഉപയോഗിക്കുന്നത്
mlf_02321_00846027406	ആ വർഷത്തെ ലോകകപ്പിനിടയിൽ സച്ചിന്റെ പിതാവ് പ്രൊഫസർ രമേശ് തെൻഡുൽക്കർ അന്തരിച്ചു
mlf_01640_00557543944	പടിഞ്ഞാറോട്ട് പോവുക
mlf_04310_00629743580	എന്നൂര് അടി കഴിയുമ്പോൾ
mlf_03435_00780100594	ഉദാഹരണത്തിന് കൊറിയ എന്നു സെര്‍ച്ച് ചെയ്യുക
mlf_08428_00800610098	അദ്ദേഹം ആ മലയാളി ഡോക്ടറെ ജീവിതപങ്കാളിയാക്കി
mlf_05401_01197088585	അതായത് കാർഷികവിഭവങ്ങൾ ഉപയോഗിച്ചുള്ള മൂല്യവർദ്ധിത ഉൽപ്പന്നങ്ങളുടെ ഉല്പാദനം കേരളത്തിൽ കുറവാണ്
mlf_07754_01963871934	അവ പൊടിപടലങ്ങൾക്കും വാതകങ്ങൾക്കുമിടയിൽ ഗ്യാലക്സികളായി നിലകൊള്ളുന്നു
mlf_01640_00305603659	നൂറ്റി അന്‍പത്ത് യാർഡിൽ
mlf_07754_00016042189	അതുകൊണ്ട് തന്നെ പൂച്ചകൾക്ക് ഡയാലിസിസ് വേണ്ടി വരാറില്ല
mlf_06469_01312874956	അവ രണ്ടിന്റേയും ഉറവിടം ഒന്നുതന്നെയാകാം
mlf_03132_02086681035	അന്നുവരെ വന്നവരാകട്ടേ ദുർഘടം നിറഞ്ഞ മലമ്പാതകളിലൂടെ നടന്നും കഴുതപ്പുറത്തുമാണ്‌ വന്നിരുന്നത്
mlf_02321_00059578628	അപകടം മുൻകൂട്ടി കണ്ട ബ്രിട്ടൻ പിന്മാറാൻ തീരുമാനിച്ചു
mlf_01130_01213171280	അശ്വമേധം പോലുള്ള യാഗങ്ങളിലും രാജസൂയം പോലുള്ള യജ്ഞങ്ങളിലും നൃത്തം ഒരു പ്രധാന ചടങ്ങായിരുന്നു
mlf_02018_01430472562	അടിമവ്യവസ്ഥയെ ന്യായീകരിക്കാൻ അദ്ദേഹം ബൈബിളിലെ പഴയനിയമത്തെ ആശ്രയിച്ചു
mlf_01130_01865161573	ആഘോഷങ്ങളിലെ ചടങ്ങുകൾ വിവിധമതങ്ങളിൽ വിവിധതരമാണെങ്കിലും ചില സമാനതകൾ ദർശിക്കാനാവും
mlf_06262_01980820726	ഈ ലേഖനം അരി എന്ന ലേഖനവുമായി ലയിപ്പിക്കാന്‍ ശുപാര്‍ശ ചെയ്തിരിക്കുന്നു
mlf_03182_00298881285	ജോഡി എന്ന ചിത്രത്തിൽ ഒരു കാമിയോ വേഷത്തിലാണ് തൃഷ ആദ്യമായി അഭിനയിച്ചത്
mlf_09845_01253367190	എന്നാല്‍ ഇതു ശരിയാണോ എന്നു സംശയമുണ്ട്
mlf_03435_00299496924	അത് ഇപ്പോഴും അങ്ങനെ തന്നെ തുടരുന്നു
mlf_03228_01565381454	അതേ പ്രവീൺ എനിക്കും അങ്ങനെ തോന്നുന്നു
mlf_02018_01820847836	കേരളത്തിലെ പാലക്കാട് ജില്ലയിലെ ഒരു ചെറിയ ഗ്രാമമാണ് കോലങ്കോട്
mlf_04720_01352412808	അവയുടെ രചയിതാവ് പ്രസിദ്ധ കവിയായ ജോൺ ഡൻ ആണെന്ന് പറയപ്പെടുന്നു
mlf_04720_01423808816	അതായിരുന്നു അദ്ദേഹത്തിന്റെ അനൗപചാരിക നാമം
mlf_03228_00648878726	ഓക്സിജൻ വളരെ ചെറിയ അളവിൽ ജലത്തിൽ ലയിക്കുന്നു
mlf_03435_01669726077	നമുക്ക് സമയമില്ല
mlf_06469_00083667848	അവർക്ക് മൂന്നോ നാലോ മക്കൾ ഉണ്ടായിരുന്നു
mlf_07754_01314387321	അതുകൊണ്ട് ഉത്തരവാദിത്തങ്ങൾ വിഭജിച്ച് പോകുമായിരുന്നില്ല
mlf_02925_01313943596	എന്നിട്ട് ലൈസൻസ് ഭാഗം അപ്പാടെ നീക്കി ഇത് കൊടുക്കുക
mlf_09845_01321962051	ആ ലക്കം മാസികയുടെ പുറംചിത്രവും മദർതെരേസയുടേതായിരുന്നു
mlf_09549_00033025620	അഞ്ഞൂര്‍ അടിയിൽ
mlf_09852_00310605336	അവയിൽ തിയ്യതി രേഖപ്പെടുത്തി നൽകാൻ ടിക്കറ്റ് കൗണ്ടറുകളിൽ പ്രത്യേകം പഞ്ചിങ് പ്രസ്സുകൾ ഉണ്ടായിരുന്നു
mlf_02484_02061603498	അവൾ ഒറ്റയ്ക്കായപ്പോൾ അറിവിന്റെ വൃക്ഷത്തിൽ നിന്നു ഭക്ഷിക്കാൻ സാത്താൻ അവളെ പ്രേരിപ്പിച്ചു
mlf_01640_00740081782	ട്രാഫിക് സർക്കിൾ കടക്കുക
mlf_02321_01930988600	അമേരിക്കയിൽ നീച്ചയുടെ രചനകൾ വാൾട്ടർ കൗഫ്മാന്റെ പരിഭാഷയിൽ പരക്കെ ലഭ്യമായി
mlf_06262_01894937154	അവർ ഉറുഷ്യയുടെ രാജി ആവശ്യപ്പെട്ടു.
mlf_02321_01509392888	അത്രയും ആത്മബന്ധം തന്റെ കുതിരക്കാരനുമായി ഉണ്ടായിരുന്നു
mlf_09852_00063614402	അമൃതം‌ ഗമയ എന്ന ചിത്രത്തിലെ ഡോക്ടറുടെ കഥാപാത്രം ഇതിലൊന്നാണ്
mlf_09549_01871336655	തെക്കുകിഴക്കോട്ട് പോവുക
mlf_02018_00345782548	അപ്പസ്തോല നടപടികൾ അനുസരിച്ച് പൗലോസ് ഒരു റോമൻ പൗരനായിരുന്നു
mlf_03435_01754941269	അതുകൊണ്ട് ലഡാക് മേഖലയിലേക്ക് ചരക്കെത്തിക്കാനുള്ള എളുപ്പമാർഗ്ഗമാണ് ദേശീയ പാത ഒന്ന്.എ എന്നു പറയാം.
mlf_05023_01852056846	ദേശീയ അവാർഡ് നാലു തവണ ലഭിച്ചു
mlf_03132_00292447649	അഞ്ചേകാലിന്റെ ട്രെയിനിൽ ഞാൻ ഇന്ന് പുള്ളിയെ കണ്ടു
mlf_04310_01354913005	ഇടത് ഭാഗത്തുകൂടി പുറത്തുപോകുക
mlf_01640_00900787666	നാവിഗേഷൻ ആരംഭിച്ചു
mlf_04674_00436981130	ആദ്യത്തെ പ്രശ്നത്തിന്റെ കാതൽ സീനിയോറിറ്റി അനുസരിച്ചുള്ള സ്ഥാനക്കയറ്റമായിരുന്നു
mlf_05401_01386740597	അവരുടെ ആദ്യസന്താനമായിരുന്നു നീച്ച
mlf_03132_01151969886	അങ്ങനെ ക്ലബ്ബിനായി ഗോൾ നേടുന്ന ഏറ്റവും പ്രായം കുറഞ്ഞ കളിക്കാരൻ എന്ന റെക്കോർഡ് അദ്ദേഹം സ്വന്തമാക്കി
mlf_03435_01107215068	അദ്ദേഹത്തിന്റെ കഠിനമായ അച്ചടക്കനടപടികളിൽ ശാരീരിക ശിക്ഷകളും ഉൾപ്പെട്ടിരുന്നു
mlf_02321_01637930178	അതോടെ സൃഷ്ടാക്കളുടെ ശ്രദ്ധ പുതിയ മേഖലയിലേക്കു തിരിഞ്ഞു
mlf_01640_01272377577	മുന്നൂറ്‌ യാർഡിൽ
mlf_06469_01667608597	ഇവിടെയും താങ്കളുടെ നല്ല സംഭാവനകൾ ഏറെ പ്രതീക്ഷിക്കുന്നു
mlf_01130_00780134996	ശിവൻ ആണ് ഇവിടത്തെ പ്രധാന പ്രതിഷ്ഠ
mlf_06469_02004583012	അമ്മയുടെ മരണവാർത്തയാണ് അദ്ദേഹത്തെ ഇന്ത്യയിൽ എതിരേറ്റത്
mlf_02321_00574684332	ഇംഗ്ലീഷ് എന്ന വാക്കിനാല്‍ താഴെപ്പറയുന്ന എന്തിനേം വിവക്ഷിക്കാം
mlf_03182_01273458760	അമേരിക്കയുടെ വിദേശനയങ്ങൾക്കെതിരേ ശക്തമായ പ്രതിഷേധമുയർത്തിയിരുന്നു ചാവെസ്
mlf_04310_02095243849	വടക്കോട്ട് പോവുക
mlf_03228_00184871166	മോഹൻദാസിന് ഏഴു വയസ്സുള്ളപ്പോൾ അച്ഛൻ പോർബന്ദർ വിട്ട് രാജ്കോട്ടിൽ ജോലി സ്വീകരിച്ചു
mlf_05401_01401707152	അതിൽ എന്നെ ആശ്വസിപ്പിക്കുന്ന ഒരു വാക്യം ഞാൻ കണ്ടെത്തും
mlf_03435_00146585524	അല്ലെങ്കില്‍ അത് സഭയുടെ താളിലേക്ക് മാറ്റാം
mlf_05394_01015244433	അങ്ങനെയാണ് ചാണ്ടിയുടെ സഹോദരിയായ ഡോ. എലിസബത്തിനെ കണ്ടു മുട്ടുന്നത്.
mlf_02879_00428366783	അതു വിസമ്മതിച്ച ലൂഥർ കാമുകിയെ രഹസ്യത്തിൽ വിവാഹം കഴിക്കാൻ ഫിലിപ്പിനെ അനുവദിച്ചു
mlf_09549_02119890405	നിങ്ങളുടെ ലക്ഷ്യസ്ഥാനം ഇടതുവശത്തായിരിക്കും.
mlf_06262_00464352948	അവ മഠത്തിൽ മഠം, കുന്നത്തു മഠം, നീലത്തും മഠം എന്നിങ്ങനെയാണ്.
mlf_05394_00923635962	അവർ ഹുമയൂണിന്റെ രാജധാനിയായിരുന്ന ദിൻപനയിൽ ഹുമയൂണിന്റെ ശവകുടീരം പണിയിച്ചു.
mlf_08428_00771582669	അത് പിൻവലിക്കാനുള്ള അധികാരം മാർപ്പാപ്പയിൽ മാത്രം നിക്ഷിപ്തമാണ്
mlf_02321_01935641047	അതിനാൽ ഇക്കാര്യത്തിൽ വ്യക്തമായ ഒരു നയം ആവശ്യമാണ്
mlf_05401_00097907920	അടികൾ ക്ഷേത്രത്തിൻറെ ചുമതല മൂന്ന് മഠങ്ങൾക്കായി പങ്കുവച്ചിരുന്നു
mlf_02321_01979673633	ആളോഹരി വരുമാനം കുറഞ്ഞു മൂല്യശോഷണം കൂടാതെ ദാരിദ്ര്യത്തിന്റെ തോത് കുത്തനെ കൂടി
mlf_07754_01846632895	അതിനുള്ള പണം അവർ തന്നെ സ്വയം കണ്ടെത്തുകയായിരുന്നു
mlf_03182_01914955691	അവ പരസ്പരം ഭ്രമണം ചെയ്തുകൊണ്ടിരിക്കും
mlf_04720_00005048696	അമേരിക്ക ഒരിക്കലും യഥാർത്ഥത്തിലുള്ള പരിഷ്കരണം താല്പര്യപ്പെട്ടിരുന്നില്ല
mlf_06469_01735698250	അതിന്റെ ഭാഗമായി നിലവിലുള്ള ചിഹ്നത്തിന്റെ ഒരു പരിഷ്കൃത രൂപമാണ് ഷർട്ടുകളിൽ ഉപയോഗിച്ചത്
mlf_03435_00060148703	അദ്ദേഹത്തിന്റെ നിരവധി സ്മാരകങ്ങൾ ഇറാനിലുണ്ട്
mlf_03182_00723946348	അനവധി പുരസ്കാരങ്ങളും പട്ടങ്ങളും ബിരുദങ്ങളും അദ്ദേഹത്തിനു ലഭിച്ചു
mlf_01640_00170219893	രണ്ട്‌ കിലോമീറ്ററിൽ
mlf_03132_01105463601	അനാദി കാലം മുതൽക്കേ കപ്പൽ യാത്രയ്ക്കും ദിശ അറിയുന്നതിനും നക്ഷത്രങ്ങളെയാണ് ആശ്രയിച്ചുപോരുന്നത്
mlf_09852_00877102658	അലാരിപ്പ് ജതിസ്വരം ശബ്ദം വർണം പദം ജാവളി ശ്ലോകം തില്ലാന എന്നീ ഇനങ്ങളാണ് ഭരതനാട്യത്തിൽ ഉള്ളത്
mlf_04310_01816631816	നൂറ് മീറ്റർ കഴിയുമ്പോൾ
mlf_04674_00543055905	അവിടുത്തെ ഒരു സ്കൂളിൽ പ്രധാന അദ്ധ്യാപകനായി ജോലിയിൽ പ്രവേശിച്ചു
mlf_09549_00675646000	ജി_letter-en പി_letter-en എസ്_letter-en സിഗ്നൽ നഷ്ടമായി
mlf_06469_01488060466	അവയെക്കുറിച്ചറിയാൻ അറബി നാനാർത്ഥങ്ങൾ എന്ന താൾ കാണുക
mlf_02018_01697234108	എല്ലാ പ്രശ്നങ്ങളും ഇവിടെ ഇതിനു താഴെ സംവാദം ആയി ഇടുക
mlf_01640_01422487288	കാൽ മൈലിൽ
mlf_01130_01882085036	ഇത് സഹായി താളിൽ നൽകിയാൽ നന്നായിരിക്കും
mlf_02321_01966288773	ആറ് ആഴ്ചയ്ക്കും ഏഴ് ആഴ്ചയ്ക്കും ഇടയിൽ പൂച്ച ഇവരെ മുലയൂട്ടുന്നത് നിർത്തും
mlf_03228_01423329124	ആഘോഷങ്ങളിൽ പലതും പ്രാചീനകാലത്തെ പാരമ്പര്യം പേറുന്നവയാണ്
mlf_09549_01952574662	രണ്ട്‌ കിലോമീറ്ററിൽ
mlf_02925_00138560802	അദ്ദേഹത്തിന്റെ തൂക്കം കൂടിയെങ്കിലും ആരോഗ്യത്തിൽ കാര്യമായ പുരോഗതിയുണ്ടായില്ല
mlf_03132_01864361277	മേനോന്‍ ആയിരുന്നു ഈ ചിത്രം സംവിധാനം ചെയ്തത്
mlf_05023_00370700518	ആര്യന്മാർ ദേശവാസികളുടെമേൽ ആധിപത്യം സ്ഥാപിച്ചു കഴിഞ്ഞു
mlf_02321_01438108793	സ്ഥിരമായി സംഭാവന നൽകുന്ന ഉപയോക്താക്കളുടെ എണ്ണവും കുറവാണ്
mlf_02018_00375603354	കനത്ത അക്ഷരങ്ങൾ നിരവധി തെളിവുകൾ ഉണ്ട് എന്ന് സൂചിപ്പിക്കുന്നു
mlf_03132_01262524615	മന്ത്രിയെ കണ്ടപ്പോഴോ ഒപ്പമൊരു ഫോട്ടോ എടുക്കണമെന്നായി ആവശ്യം
mlf_03182_00086025961	എനിക്ക് അതിനെ കുറിച്ച് കൂടുതൽ അറിയില്ല
mlf_06469_01013718514	ഭാരതപ്പുഴയുടെ തീരത്തുള്ള ഒരു പുരാതനമായ ക്ഷേത്രമാണ് തിരുനാവായ ക്ഷേത്രം
mlf_02321_00181824852	നിരാശനാകാതെ ദാസ് പരിശ്രമിച്ചുകൊണ്ടേയിരുന്നു
mlf_02879_00119515057	എന്തായാലും ഈ ഫോട്ടോ അവിടെ ഉപയോഗിക്കാൻ പറ്റില്ല
mlf_03228_01406160155	അത് മനോഹരമാണ്
mlf_04674_01147968506	കേരളത്തിൽ ഉപയോഗിക്കുന്ന ഒരു ഭക്ഷണപദാർത്ഥമാണ്‌ നൂല് പുട്ട് അഥവാ ഇടിയപ്പം
mlf_01640_01013631821	തെക്കുകിഴക്കോട്ട് പോവുക
mlf_06469_00469047476	അവരുടെ സഹകരണം എപ്പോഴും സമാധാനപരമായിരുന്നില്ല
mlf_02321_01600285243	കേരളത്തിലെ സ്ഥലങ്ങൾ എന്ന പേരിൽ പുതിയ ഫലകം ഉണ്ടാക്കി
mlf_01640_01403514494	ഇടത് ഉള്ള എക്സിറ്റ് സ്വീകരിക്കുക
mlf_01130_01799561577	അരങ്ങേറ്റത്തിനു ശേഷം ഏതാണ്ട് അഞ്ചു ചിത്രങ്ങളിൽകൂടി കമലഹാസൻ ബാലതാരമായി അഭിനയം തുടർന്നു
mlf_01640_02062275288	നൂറ് മീറ്ററിൽ
mlf_03182_01536592949	അതിന്റെ ആദ്യലക്കം ആയിരത്തിയെഴുന്നൂറ്റിയമ്പത്തിയാറ് മാർച്ച് പത്തൊമ്പതാം തിയതി പുറത്തിറങ്ങി
mlf_09852_02069368879	അവയ്ക്ക് മൊത്തം നാല്പത്തിയായിരത്തിയഞ്ഞൂറ് പ്രതികൾ ഉണ്ടായിരുന്നു
mlf_01130_01796252017	അതിനായി ഞാൻ ചെയ്തത് പരമാവധി ചിത്രങ്ങൾ ഇല്ലാത്ത ലേഖനങ്ങളിൽ ചിത്രം ചേർക്കുക
mlf_01640_00944279580	വടക്കോട്ട് പോവുക
mlf_06262_01237194749	ചാക്യാർ കൂത്തും കൂടിയാട്ടവും പാരമ്പര്യ രീതിയിൽ അദ്ദേഹം അഭ്യസിച്ചു.
mlf_06262_00232278812	വെള്ളി എന്ന വാക്കാല്‍ വിവക്ഷിക്കാവുന്ന ഒന്നിലധികം കാര്യങ്ങളുണ്ട്
mlf_02879_01292328164	അതിനാൽ അവർക്ക് അവർ പഠിക്കേണ്ട കാര്യങ്ങൾ പഠിക്കാൻ മുതിർന്നവരെ ആശ്രയിച്ചേ മതിയാകൂ
mlf_01130_01754682933	അതിനു പത്തു ദിവസം മുൻപ് അത്തം നാളിൽ തന്നെ ആഘോഷങ്ങൾക്ക് ആരംഭമാകുന്നു
mlf_06262_01736176120	അതിനെ വാലാമപ്പുര എന്നോ തിണ്ണവീടെന്നോ വിളിക്കുന്നു.
mlf_02484_01663045784	അതുപോലെ മംഗലം നദി ആണോ മംഗളം നദി ആണോ ശരി
mlf_01130_00565059999	അതുകൊണ്ട് തത്ത്വമീമാംസയിലെ വലിയ പ്രശ്നങ്ങളുടെ പരിഹാരം അപ്രാപ്യമായിത്തന്നെയിരിക്കും
mlf_09549_00061198747	നേരേ ഇടത്
mlf_03228_00517005113	അവർ ഒത്തു ചേർന്ന് ഒരു കൂട്ടായ്മ ആരംഭിച്ചു
mlf_03182_00138846345	അവിശ്വസനീയമായ പിണ്ഡമാവും നക്ഷത്രങ്ങൾക്കുണ്ടാവുക
mlf_04674_00442486725	അവസാനം പറഞ്ഞ വിഭാഗത്തിലെ പ്രഥമഗണനീയമായിട്ടുള്ളത് തൊഴിൽജന്യ ആസ്മയാണ്
mlf_05401_01312598469	അതിന്റെ മുഖം ശ്രീകോവിലിലേക്കാണ്‌‍
mlf_03228_02070983457	കേരള കാർട്ടൂൺ അക്കാദമിയുടെ വൈസ് ചെയർമാൻ
mlf_02879_00008125272	അശോകനു ശേഷം മഗധയ്ക്ക് ബലക്ഷയം നേരിട്ടു
mlf_09852_01284610514	ആന ഒരു ദിവസം സഞ്ചരിക്കുന്ന അത്രയും ദൂരം സഞ്ചരിക്കുന്ന മൃഗങ്ങൾ വളരെ കുറവാണ്
mlf_02925_00909719006	അദ്ദേഹത്തിന്റെ രാഷ്ട്രീയ ആഗ്രഹങ്ങൾ വീണ്ടും പുനരുജ്ജീവിക്കപ്പെട്ടു
mlf_03228_01515472295	അതുകൊണ്ട് സാധാരണ ഉബുണ്ടുവിൽ ലഭ്യമായ യാതൊന്നും കിവിയിൽ നഷ്ടമാകുന്നില്ല
mlf_02321_01702006937	ആംഗ്ലോ അമേരിക്കൻ പാരമ്പര്യമുള്ള നാടുകളിൽ സാന്റാക്ലോസിന്റെ വരവ് പ്രത്യേകരീതിയിലാണ്
mlf_04310_00827166239	വലത് ഭാഗത്തുകൂടി പുറത്തുപോകുക
mlf_05401_01078813236	അതിനാൽ തുറന്ന താരവ്യൂഹങ്ങളും പുതിയ നക്ഷത്രങ്ങളുടെ രൂപവത്കരണവും ഇവയിൽ കുറവാണ്
mlf_08428_01972311073	ഇത് വച്ച് യാക്കോബായ സഭയുടെ ഭാഗമാണ് ഓർത്തഡോക്സ് സഭയും
mlf_03228_00804067234	അതിൽ രാമപുരത്തു വാര്യർ കുഞ്ചൻ നമ്പ്യാർ തുടങ്ങിയ മഹാകവികളും ഉണ്ടായിരുന്നു
mlf_02321_01552392131	ആറാമത്തെ ഗണേശരഥമാകട്ടെ ഈ സ്മാരകങ്ങൾക്കകലെ ആയിട്ടാണുള്ളത്
mlf_06469_00174576909	അദ്ദേഹത്തിന്റെ സ്വാധീനം അസാമാന്യമായിരുന്നു
mlf_04674_01260866843	എന്നാൽ ഇപ്പോൾ ഒരുപാട് മാറ്റങ്ങൾ വന്നിട്ടുണ്ട്
mlf_09845_01041379709	അതുകൊണ്ടുതന്നെ കോമൺ‌വെൽത്ത് രാജ്യങ്ങളിലാണ് ക്രിക്കറ്റിനു പ്രചാരമുള്ളത്
mlf_02879_01379229674	അതിനാൽ ഗാന്ധി ഒത്തുതീർപ്പിലൊന്നും എത്താതെ മടങ്ങി
mlf_09549_02017760526	അന്‍പത്ത് അടിയിൽ
mlf_05401_01559334932	ഇംഗ്ലണ്ടിൽ പോയ വർഷം തന്നെ അദ്ദേഹത്തിന് ആദ്യത്തെ കുട്ടി പിറന്നു ഹരിലാൽ ഗാന്ധി
mlf_02484_00909722790	ലോകത്തിലെ ഏറ്റവും നീളം കൂടിയ നദി നൈല്‍ ആണ്
mlf_03228_00231671260	സിമി അവിടെ കുറച്ചു എഴുതുകയും ചെയ്തിരുന്നു
mlf_06262_00316462189	അതു പോലെ യു.ബി. സിറ്റിയും ബാംഗ്ലൂരിലാണ്‌.
mlf_06469_00962424107	ഇവിടെ ഉള്ള ഫലങ്ങൾ ഇറക്കുമതി ചെയ്യണം എന്നു തോന്നുന്നില്ല
mlf_05401_00980268599	അത് തനിക്കു തിരികെ തരുകയില്ലെന്ന് വാക്കുതരണമെന്നും അദ്ദേഹം അവരോടാവശ്യപ്പെട്ടു
mlf_01640_00606634759	, തുടർന്ന്
mlf_02018_01174114195	അതോടെ ആഢംബരജീവിതം ഉപേക്ഷിച്ച് അദ്ദേഹം സന്യാസം സ്വീകരിച്ചു
mlf_01640_01359457058	ജി_letter-en പി_letter-en എസ്_letter-en സിഗ്നൽ നഷ്ടമായി
mlf_06469_02137341952	അത് പലപ്പോഴും എന്തെങ്കിലും പരീക്ഷണം ആവാം
mlf_04720_00053270743	അത് കൊണ്ട് തന്നെ ഇസ്ലാമിക ചരിത്ര പ്രാധാന്യമുള്ള നിരവധി പ്രദേശങ്ങൾ ഇവിടെയുണ്ട്
mlf_05401_01600089910	അനേകമായിരം ചിത്രങ്ങളും പ്രതിമകളും അന്നത്തെ ഭരണാധിപന്മാരുടെ മേൽനോട്ടത്തിൽ ഉണ്ടാക്കപ്പെട്ടു
mlf_03132_00658561813	അണുക്കളെ തിരിച്ചറിയാൻ സഹായിക്കുന്ന ചില മാംസ്യങ്ങളാണ് ഈ ഭക്ഷകക്രിയയെ സഹായിക്കുന്നത്
mlf_02879_01770937909	ആയിരക്കണക്കിനാളുകൾ ദിവസവും പ്രദർശനം കാണാൻ എത്തും
mlf_07754_00253375463	ആർട്ടിക് തീരത്ത് ഇതിനുള്ള സാങ്കേതിക മാർഗങ്ങൾ വികസിപ്പിച്ചു കഴിഞ്ഞിരിക്കുന്നു
mlf_06469_01845849463	അതിനാൽ നൈട്രജൻ തന്മാത്രയെ മറ്റു സംയുക്തങ്ങളാക്കി മാറ്റുന്നത് എളുപ്പമല്ല
mlf_01640_00678818290	നിങ്ങളുടെ ലക്ഷ്യസ്ഥാനം ഇടതുവശത്താണ്.
mlf_02321_01258099629	അക്കാലത്ത് ക്രിസ്തീയ മതത്തിനോടു കാണിച്ചിരുന്ന സഹിഷ്ണൂതക്ക് ഇത് ഉത്തമോദാഹരണമാണ്
mlf_06469_01573316550	അതിൽ ഒരുഭാഗം മാത്രം അടുത്ത സുഹൃത്തുക്കൾക്കിടയിൽ വിതരണം ചെയ്യുകയാണുണ്ടായത്
mlf_03228_01951974833	അപവർത്തനം മൂലം ഈ വലിപ്പം അൽപം വർദ്ധിക്കുന്നു
mlf_03435_01034153166	അതു പോലെ പ്രകാശത്തിന്റെ ഉത്സവം എന്നറിയപ്പെടുന്ന ദീപാവലിയും ഇവിടെ ആഘോഷിക്കുന്നു.
mlf_05401_01337199112	കൂട്ടത്തില്‍ ഇതു കൂടി ചേര്‍ത്തു വായിക്കുക
mlf_03228_01553917466	അക്കാലത്ത് അദ്ദേഹം ഒരു സ്പെല്ലിങ്ങ് ഉച്ചാരണ നിഘണ്ടു രചിച്ചു
mlf_05401_01642294850	അപ്പോഴും അദ്ദേഹം പഠിപ്പിക്കലും സുവിശേഷ പ്രഘോഷണവും തുടർന്നു
mlf_06262_01021197746	മലയാള സിനിമയിലെ പ്രമുഖനായ ഹാസ്യനടൻ ആണ് ജഗതി എന്നറിയപ്പെടുന്ന ജഗതി ശ്രീകുമാർ
mlf_07754_00174658712	ആര്യശൈലിയിലെ ക്ഷേത്രങ്ങളിലെ ബാഹ്യതലങ്ങൾ പൊതുവെ കണ്ണഞ്ചിപ്പിക്കുന്ന കൊത്തുപണികൾ നിറഞ്ഞവയാണ്
mlf_06262_01138629799	ഇന്ത്യയുടെ വ്യാവസായിക തലസ്ഥാനം എന്ന പേരിലും അറിയപ്പെടുന്നു
mlf_03182_01733214474	കോളേജിൽ മലയാളം അദ്ധ്യാപകനായി ജോലി ചെയ്യുന്നു
mlf_04720_02074873130	പേരിന്റെ ഉറവിടത്തെക്കുറിച്ച് ചരിത്രകാരന്മാർക്കിടയിൽ വിഭിന്ന അഭിപ്രായങ്ങൾ നിലവിലുണ്ട്
mlf_03182_00196106367	ദയവായി വ്യാകരണം എന്ന ലേഖനം നോക്കുക
mlf_07754_02020357422	അതിന്റെ ആദ്യലക്കം ആയിരത്തിയെഴുന്നൂറ്റിയമ്പത്തിയാറ് മാർച്ച് പത്തൊമ്പതാം തിയതി പുറത്തിറങ്ങി
mlf_02925_00759353026	ബംഗാളി എന്ന വാക്കാൽ വിവക്ഷിക്കാവുന്ന ഒന്നിലധികം കാര്യങ്ങളുണ്ട്
mlf_02879_00801892470	അദ്ദേഹത്തിന്റെ ആദ്യരചനകൾ ശരാശരി നിലവാരം മാത്രമുള്ളവയായിരുന്നു
mlf_05401_00610930832	ഓട് എന്ന വാക്കിനാല്‍ താഴെപ്പറയുന്ന എന്തിനേയും വിവക്ഷിക്കാം
mlf_08428_01763407081	അതേ സമയം വളരെയധികം ഛിന്നഗ്രഹങ്ങളുണ്ടെന്ന് അറിയുന്ന കാര്യമാണ്
mlf_01130_00420136293	അന്നത്തെ സുപ്രീം കോടതി ജഡ്ജിയായിരുന്ന കാർലോസ് പിയദ്രയെ പുതിയ പ്രസിഡന്റായി നിയമിച്ചു
mlf_04674_01064955143	അദ്ദേഹത്തിന്റെ നാലു സഹോദരന്മാരിൽ മൂന്നുപേർ ആത്മഹത്യചെയ്യുകയായിരുന്നു
mlf_09549_00919081870	ട്രാഫിക് സർക്കിളിൽ, വഴിയിലേക്ക് പോവുക
mlf_06469_01459609701	അസുഖബാധിതനായി ആശുപത്രിയിൽ ആയിരുന്നതിനാൽ ഈ പട്ടാളമുന്നേറ്റത്തിൽ ചാവേസ് പങ്കെടുത്തിരുന്നില്ല
mlf_06262_00847935914	അഹിംസ എന്നാൽ ഹിംസ ചെയ്യാതിരിക്കൽ എന്നാണ് സാധാരണ വിവക്ഷിക്കുന്നത്.
mlf_06469_00996693615	ഇങ്ങനെ ഒരു താളിന്റെ ആവശ്യം പ്രത്യേകമായി ഇല്ല എന്നു തോന്നുന്നു
mlf_01640_01997500995	കവലയിൽ അഞ്ചാമത്തെ എക്സിറ്റ് എടുക്കുക
mlf_02321_01930579535	അഞ്ചു ഭാഗങ്ങളായി തിരിച്ച ഘടനയാണ് ഈ കൃതിക്കുള്ളത്
mlf_09852_00401711127	ആ സമയത്തു തന്നെയായിരുന്നു രജനീകാന്ത് അഭിനയിച്ച ചന്ദ്രമുഖി എന്ന സിനിമയും പുറത്തിറങ്ങുന്നത്
mlf_03132_00149375345	ആ സീസണിന്റെ അവസാനം ചാമ്പ്യൻസ് ലീഗ് കിരീടത്തോടെയായിരുന്നു
mlf_05394_00934659113	അയൽക്കാർക്കും വേലക്കാർക്കുമെല്ലാം അതിൽ അവകാശമുണ്ട്‌.
mlf_03182_00822305295	സ്വാമി ഇരിക്കുന്ന രൂപത്തിൽ ആണ് പ്രതിമ നിർമ്മിച്ചിരിക്കുന്നത്
mlf_01130_01318431892	അവർക്ക് നൽകുന്ന ബലിയാണ് ശ്രീബലി അഥവാ ശീവേലി അത്രെ
mlf_03228_00846574716	അർഗീസിന് ഒന്നിലധികം ഭാര്യമാരുണ്ടായിരുന്നു
mlf_01130_00586352140	അദ്ദേഹം സന്ധിവാതത്തിനുള്ള ശസ്ത്രക്രിയക്ക് വിധേയനായി
mlf_09549_00622542732	ഒരു കിലോമീറ്ററിൽ
mlf_09852_01896992285	അവിടെ വച്ച് അവർ സ്വയം അറസ്റ്റ് വരിക്കുകയും ചെയ്തു
mlf_02018_00563550362	അക്കാലത്തു മസ്ജിദുൽ ഹറമിലേക്ക് മുഖ്യമായും മൂന്നു പ്രവേശന കവാടങ്ങളാണ് ഉണ്ടായിരുന്നത്
mlf_04310_01035810923	ഇരുനൂറ്‌ യാർഡ് കഴിയുമ്പോൾ
mlf_06262_00473340554	റോമന്‍ കത്തോലിക്കാ മതം ആണ് പ്രധാന മതം
mlf_05023_00438222948	അങ്ങിനെ തന്നെ വേണമെന്നു പഠിപ്പിക്കുന്ന മതവും ആണ്
mlf_06469_01475507904	അവരുടെ അറിവനുസരിച്ച് അത് വരെ മക്കയിലെങ്ങും ഒരു ജലാശയത്തിന്റെ സാധ്യത ഇല്ലായിരുന്നു
mlf_02484_00182465574	അമേരിക്കയുമായുള്ള വൻതോതിലുള്ള വ്യാപാരമാണ് അടിസ്ഥാന നാണയമായി ഡോളറിനെ നിലനിർത്തുന്നത്
mlf_04310_00777401360	മുന്നൂറ്‌ മീറ്റർ കഴിയുമ്പോൾ
mlf_09549_01039034180	മൂന് കിലോമീറ്ററിൽ
mlf_03435_00470895863	വിശുദ്ധ ജലം എന്നാണ് ഈ വാക്കിന്റെ അര്‍ത്ഥം
mlf_05401_01310926586	അതിനു ശേഷം ജ്യേഷ്ഠന്മാരെപ്പോലെ ലണ്ടൻഡെറിയിലെ ഫോയൽ കോളേജിൽ ചേർന്നു
mlf_07754_00262435710	അമ്മയാകട്ടെ തികഞ്ഞ ഈശ്വരവിശ്വാസിയായിരുന്നു
mlf_03182_01978282753	അതേസമയം അദ്ദേഹം വൈക്കത്തിനടുത്തുള്ള വെല്ലൂരെ തന്റെ മഠം സത്യാഗ്രഹികളുടെ ഉപയോഗത്തിന് വിട്ടുകൊടുത്തു
mlf_02879_00195928267	പ്രത്യേകിച്ച് താങ്കൾക്ക് താങ്കളുടെ തിരുത്തലുകൾ ഒരുമിച്ച് കാണാൻ കഴിയും
mlf_03435_01419850437	ഒരു ബോട്ട് പ്രോഗ്രാം ഉണ്ടെങ്കില്‍ നന്നായിരിക്കും
mlf_09549_01483400144	നൂറ് മീറ്ററിൽ
mlf_03182_01155256255	അണുസംയോജനം മൂലം താപനിലയും പ്രകാശമാനവും കൂടുന്നു
mlf_06262_01501431671	അതുപോലെ തന്നെ അവരുടെ അവകാശങ്ങളെക്കുറിച്ചും ഈ ഔദ്യോഗിക രേഖയിൽ പറയുന്നുണ്ട്.
mlf_02879_01853870621	ഇങ്ങനെ പന്ത്രണ്ട് മാസം പന്ത്രണ്ട് ദിവസം
mlf_05401_00840229212	ആസ്റ്ററുടെ പ്രസാധനനയങ്ങളിൽ ഓർവെലിന്റെ ശക്തമായ സ്വാധീനം പ്രകടമായിരുന്നു
mlf_06469_00891329826	ആർ വി ഹാറ്റ്ഫീൽഡ് എന്ന നിർമ്മാണ വിദഗ്ദ്ധനാണിത് നിർമ്മിച്ചത്
mlf_02879_02022523633	അതിനുശേഷം രാഷ്ട്രത്തലവനായി നേതാജി സത്യപ്രതിജ്ഞ ചെയ്തു
mlf_09549_02093751751	നേരേ തുടരുക
mlf_03132_01998040407	അത്തരം കുമ്പസാരങ്ങളിൽ പാപമോചനം സ്വകാര്യമായും അപ്പൊൾത്തന്നെയും ലഭിച്ചു
mlf_02484_00461209211	അവിടെ കുടുംബസ്വത്തിന്റെ ഭാഗമായ ടങ്ങ്സ്ടൻ ഖനികളിൽ അദ്ദേഹം ജോലിചെയ്തു
mlf_01640_01507420771	നേരേ വലത് തിരിയുക
mlf_03228_00263249193	അവിയലും സാമ്പാറും പിന്നീട് വന്നതാണ്
mlf_01640_00481651114	വടക്കുപടിഞ്ഞാറോട്ട് പോവുക
mlf_08428_01837647408	അദ്ദേഹം കൂടുതലും ഒരു ഭരണതന്ത്രജ്ഞനായിരുന്നു
mlf_01130_01893404261	അദ്ദേഹത്തിന്റെ മാതൃഭാഷ അറബി ആയിരുന്നു
mlf_01640_01047548097	പ്രശ്നം വിവരിക്കുക
mlf_02879_01172131441	അങ്ങനെ കാസ്ട്രോ എല്ലാ ഔദ്യോഗിക പദവികളിൽ നിന്നും വിരമിച്ചു
mlf_08428_01808446072	മമ്മൂട്ടി മലയാളത്തിലെ പ്രമുഖ ചലച്ചിത്രനടൻ
mlf_09549_00109481052	നിങ്ങൾ എത്തിച്ചേർന്നു.
mlf_03228_01403700695	അവിടെ അദ്ദേഹം മിച്ചമുണ്ടായിരുന്ന ധനവും തുലച്ചു
mlf_08428_01062094791	ഈ ലേഖനം ബൈബിൾ എന്ന ലേഖനവുമായി ലയിപ്പിക്കാൻ ശുപാർശ ചെയ്തിരിക്കുന്നു
mlf_02321_00594502635	ഇതിന്റെ പേരിൽ ഒരു തർക്കം ഞാൻ തീരെ ആഗ്രഹിക്കുന്നില്ല
mlf_07754_00177673845	അൽ ഇത്തിഹാദ്‌ അൽ അഹ്‌ലി എന്നിവ ജിദ്ദയിലെ അറിയപ്പെടുന്ന ക്ലബ്ബുകളാണ്
mlf_03132_01837337883	അതിനാൽ മുഹമ്മദ്‌ നബി മദീനയെ വൃത്തിയുള്ള നഗരമാക്കി മാറ്റാൻ തദ്ദേശവാസികളോട് ആവശ്യപ്പെട്ടു
mlf_02925_01534060200	അദ്ദേഹം ഇംഗ്ലീഷ് മലയാളം തമിഴ് സംസ്കൃതം എന്നീ ഭാഷകളിൽ പ്രാവീണ്യം നേടി
mlf_03182_00694188554	കൊച്ചിൻ എന്നു തന്നെയാണ് ക്ലബ് അറിയപ്പെട്ടിരുന്നത്
mlf_04310_00594310430	ഒരു മൈൽ കഴിയുമ്പോൾ
mlf_01130_00696745991	ആറു പേരിൽ രണ്ടുപേർ ന്യായാധിപന്മാരായിരുന്നു
mlf_02879_00484986520	അദ്ദേഹം വൻ ഭൂസ്വത്ത് ഈ ക്ഷേത്രത്തിനു നൽകി
mlf_01640_02109034114	നാനൂറ് മീറ്ററിൽ
mlf_02879_01726632273	അവ നിർദ്ദേശങ്ങളുടെ അർത്ഥം വേഗം ഗ്രഹിക്കുകയും അതിനനുസരിച്ച് പെരുമാറുകയും ചെയ്യുന്നു
mlf_06262_01899981061	ഇവിടത്തെ പ്രധാന കൃഷി റബ്ബര്‍ ആണ്
mlf_09549_01045069084	ഇരുനൂറ്‌ മീറ്ററിൽ
mlf_02879_00084244690	അക്കാലത്തെ മദീനയിലെ പ്രധാന ഭക്ഷണം ഈന്തപഴം ആയിരുന്നു
mlf_03228_00367416067	അരങ്ങേറ്റക്കാരനായ വഖാർ യൂനിസ് അദ്ദേഹത്തെ ബൗൾഡാക്കി
mlf_08428_00735775698	അഖിലേന്ത്യാ തലത്തിൽ പ്രാദേശിക ഭാഷാ ഇൻസ്റ്റിറ്റ്യൂട്ടുകളിൽ എറ്റവും മികച്ചത് കേരളത്തിന്റേതാണ്
mlf_09549_00896192679	നാനൂറ് യാർഡിൽ
mlf_03435_01723513938	അപരാജിത നിർമ്മിക്കുന്ന സമയത്തുപോലും ഒരു മൂന്നാം ഭാഗത്തെപ്പറ്റി റേ ചിന്തിച്ചിരുന്നില്ല.
mlf_04720_01361530518	അതോടൊപ്പം ഈ താളും വായിച്ചുനോക്കുക
mlf_03182_00903337082	അവരുടെ പ്രേരണയുടെ ഫലമായി സൈന്യത്തെ പിരിച്ചുവിടുകയും ചെയ്തു
mlf_01640_01068633727	ഒരു കിലോമീറ്ററിൽ
mlf_03228_01294352496	കൊല്ലം എന്ന വാക്കിനാൽ താഴെപ്പറയുന്ന എന്തിനേയും വിവക്ഷിക്കാം
mlf_05401_00880837566	അമേരിക്ക ലോകത്താകമാനം പാവ സർക്കാരുകളെ സൃഷ്ടിച്ചു വരുന്ന ഒരു സമയമായിരുന്നു
mlf_04674_00722498522	അത് കിട്ടിയാൽ ഞാൻ തന്നെ തുടങ്ങാം
mlf_03182_00963091731	അദ്ദേഹത്തിന്റെ പ്രവചനഗ്രന്ഥങ്ങളിലാണ് അത് മുഖ്യമായും കാണപ്പെടുന്നത്
mlf_06262_01161288192	ചുരുക്കത്തില്‍ ഇന്റര്‍നെറ്റില്‍ നിന്ന് അടിച്ചു മാറ്റി അപ്‌ലോഡ് ചെയ്യരുത്
mlf_02321_01716505174	അയൽ രാജ്യങ്ങളിൽ നിന്നുമുണ്ടായേക്കാവുന്ന സൈനിക നീക്കങ്ങളെ ചെറുക്കുക എന്നതായിരുന്നു പ്രധാന ലക്ഷ്യം
mlf_05023_00510705048	എനിക്ക് ഈ പുസ്തകം ഇംഗ്ലീഷിലേക്ക് തർജ്ജമ ചെയ്താൽ കൊള്ളാമെന്നുണ്ട്
mlf_04310_01190544200	റാമ്പിലേക്ക് വലത്തോട്ട് തിരിയുക
mlf_05401_00191796229	അതുപോലെ മുൻ കാലങ്ങളിൽ ഏഴ് ദിവസത്തെ താലപ്പൊലി ഉണ്ടായിരുന്നുവത്രെ
mlf_05401_00559721628	ഇവര്‍ ധാരാളം പേരെ മത പരിവര്‍ത്തനം ചെയ്തു
mlf_02018_00133156256	ഒരു ചിത്രം കൂടി ചേർത്താൽ വളരെ നന്നായിരുന്നു
mlf_03132_01566744277	നീലഗിരി ജില്ലയിലെ കൃഷി മൊത്തത്തില്‍ രണ്ടായി തരം തിരിക്കാം
mlf_03132_01940682230	ദേശാഭിമാനി എന്ന വാക്കിനാല്‍ താഴെപ്പറയുന്ന എന്തിനേയും വിവക്ഷിക്കാം
mlf_03228_00628951865	ആധുനിക ഭരണത്തിനു മുമ്പ് മക്കയുടെ നിലനിൽപ്പ് തന്നെ വിദേശികളെ സ്വീകരിക്കുന്നതിലൂടെയായിരുന്നു
mlf_06469_00505493875	കാരണം എന്റെ കയ്യിൽ ഈ ഒരു പുസ്തകം മാത്രമേ ഉള്ളൂ
mlf_03132_00041903070	അതുകൊണ്ട് തന്നെ അവിടങ്ങളിലുള്ള മറ്റ് ജീവികൾക്ക് പൂച്ചകളോട് അധികം പേടിയുണ്ടാകാറില്ല
mlf_06469_01739254870	നീക്കം ചെയ്യരുത് എന്നതാണ് എന്റെ അഭിപ്രായം
mlf_03182_01063796124	അതിനാൽ രാജാവ് തന്നെയാണ് ഇവിടെ പ്രധാനമന്ത്രിയും ആകുന്നത്
mlf_09845_00489651896	മുഗള്‍ സാമ്രാജ്യത്തിന്റെ ഭാഗമായിരുന്ന ഹൈദരാബാദ് സ്വാതന്ത്ര്യം പ്രാപിച്ചു
mlf_03435_01559278998	ആറന്മുള ശ്രീ പാർത്ഥസാരഥിക്ഷേത്രത്തിൽ നടത്തുന്ന ആചാരനിബിഡമായ ചടങ്ങാണ് വള്ളസദ്യ
mlf_09845_00930231550	പുതിയ കാമറ വാങ്ങി എന്ന് തോന്നുന്നു
mlf_08428_00529920116	അടിമകളും സമരത്തിൽ പങ്കു ചേർന്നു
mlf_06262_01611899342	അത് തനിക്കു തിരികെ തരുകയില്ലെന്ന് വാക്കുതരണമെന്നും അദ്ദേഹം അവരോടാവശ്യപ്പെട്ടു.
mlf_09549_00866528819	നൂറ്റി അന്‍പത്ത് യാർഡിൽ
mlf_02879_00518696864	അത് അപ്പോഴും പൂർത്തിയാകാത്ത കവിതയായിരുന്നു
mlf_02925_01469027453	അത്യന്തം വിനാശകാരികളായ ഈ ആനകളാണ് അലക്സാണ്ടറുടെ സൈന്യത്തെ പിന്തിരിപ്പിക്കാൻ കാരണം
mlf_03228_01981241883	അവയെക്കുറിച്ചറിയാൻ ബംഗാളി നാനാർത്ഥങ്ങൾ എന്ന താൾ കാണുക
mlf_04674_01232206651	അത്താഴ ശീവേലി കഴിഞ്ഞാലുടനെ താംബൂലനേദ്യം ആരംഭിക്കുകയായി
mlf_09549_00830528160	ട്രെയിന്‍ പിടിക്കുക
mlf_05394_00385615822	അതിലെല്ലാം പറഞ്ഞിരുന്നത് ചൈന റെക്കോഡ് കയറ്റുമതി നേടിയെടുത്തു എന്നാണ്.
mlf_07754_00078876345	അബ്രഹാമികമതങ്ങൾ ആത്മഹത്യയെ പാപമായാണ് കണക്കാക്കുന്നത്
mlf_06469_01196158664	അതേ സമയം കാസ്ട്രോയെ ക്രൂരനായ ഏകാധിപതിയായി വിശേഷിപ്പിക്കുന്നവരുമുണ്ട്
mlf_09549_01715250073	നിങ്ങളുടെ ലക്ഷ്യസ്ഥാനം വലതുവശത്താണ്.
mlf_01130_01624026003	ഇവയെ പല പ്രത്യേകതകൾ കൊണ്ടും തരം തിരിച്ചിരിക്കുന്നു
mlf_02018_01821660072	കേരളത്തിലെ ആനകൾ എന്ന ലേഖനം വേണമെങ്കിൽ എഴുതാം
mlf_03228_00653866252	കേരള കാർഷിക സർവ്വകലാശാല ഇവിടെയാണ് സ്ഥിതിചെയ്യുന്നത്
mlf_02925_01659677952	ഇത് തണുത്തതല്ല
mlf_01640_01520565448	നൂറ്റി അന്‍പത്ത് മീറ്ററിൽ
mlf_02484_00746953123	അമാവാസിയോടടുത്ത ദിനങ്ങളിലാണ് ഇത് കൂടുതൽ വ്യക്തമായി കാണാനാവുക
mlf_03435_01592726124	അതിന് കിഴക്കും പടിഞ്ഞാറും ഓരോ കവാടങ്ങളുണ്ട്
mlf_04674_01882910863	അ മുതൽ ഔ വരെയുള്ള സ്വരങ്ങൾ തനിയേ നിന്നാൽ പൂജ്യത്തെ സൂചിപ്പിക്കുന്നു
mlf_09845_01834583404	ആദിമജനതകളോടു കാട്ടുന്ന ക്രൂരതയെ ഡാർവിൻ എതിർത്തു
mlf_01640_01599356277	പാതയിൽ തുടരുക
mlf_03435_01146759868	രാജ്യത്തിന്റെ സാംസ്കാരിക കേന്ദ്രമാണ് ഈ പ്രദേശം
mlf_03228_02022909815	അതിനു വേണ്ടി നീക്കം ചെയ്യുന്ന ഭാഗങ്ങൾ ഇവിടെ ചേർക്കുന്നു
mlf_07754_00650228659	ആ ലോകകപ്പിലെ ഗോൾ നേടുന്ന ഏറ്റവും പ്രായം കുറഞ്ഞ കളിക്കാരനും മറ്റാരുമായിരുന്നില്ല
mlf_03228_00841041428	അച്ഛൻ ഒരു അക്കൗണ്ടന്റായിരുന്നു
mlf_03182_01210490657	പ്രധാന താളിലെ ചുവന്ന കണ്ണികൾ കഴിവതും ഒഴിവാക്കുക
mlf_02321_01289332745	വിക്കിയിൽ ആയുധങ്ങൾ സ്ഥലങ്ങൾ ഹൈന്ദവ ലേഖനങ്ങൾ എന്നിവ തർജ്ജമ ചെയ്യുന്നു
mlf_04720_00897809449	രണ്ടു ലേഖനങ്ങളും രണ്ടായി തന്നെ മതി
mlf_05401_01314554401	എന്നാല്‍ ക്ഷേത്രങ്ങള്‍ ഇന്നും ഇതേ രീതിയില്‍ തന്നെയാണ്‌ നിര്‍മ്മിക്കുന്നത്
mlf_03435_02127868851	ആധുനികകാലത്തെ സുരക്ഷാക്യാമറകൾ വല്യേട്ടനെ അനുസ്മരിപ്പിച്ചേക്കാം.
mlf_06262_00113707382	അവസാനം അദ്ദേഹം ക്രിക്കറ്റ് തിരെഞ്ഞെടുത്തു.
mlf_03435_01821698865	അത് ഓരോ ഭൂവുടമയുടെയും ഉടമസ്ഥാവകാശം തൊള്ളായിരത്തി തൊണ്ണൂറ്റി മൂന്ന് ഏക്കറിൽ പരിമിതപ്പെടുത്തി
mlf_03435_00728589004	ആശീർവാദ് സിനിമാസിന്റെ നിർമ്മാണത്തിൽ ആദ്യമായി പുറത്തിറങ്ങിയ ചിത്രമാണ് നരസിംഹം
mlf_06469_00182160631	ആദ്യവർഷങ്ങളിൽ വാർഷിക ലാഭത്തിന്റെ അഞ്ചു ശതമാനം കൊടുക്കാമെന്നായിരുന്നു വാഗ്ദാനം
mlf_07754_00219678536	ഷിജു ഞാന്‍ എന്നെ തന്നെ മറന്നു പോകുന്നു
mlf_09845_02006312417	അടിമവ്യവസ്ഥയെ ന്യായീകരിക്കാൻ അദ്ദേഹം ബൈബിളിലെ പഴയനിയമത്തെ ആശ്രയിച്ചു
mlf_01640_01824600553	നാനൂറ് അടിയിൽ
mlf_02484_00546577934	അവയെക്കുറിച്ചറിയാന്‍ കൂലി നാനാര്‍ത്ഥങ്ങള്‍ എന്ന താള്‍ കാണുക
mlf_03182_01915140114	ആശയങ്ങളെ കഴിയുന്നത്ര കാച്ചിക്കുറുക്കിയതിനാൽ താരതമ്യേന വലിപ്പം കുറഞ്ഞവയായിരുന്നു അവരുടെ കവിതകൾ
mlf_03228_00515972334	ആഴ്സണലിന്റെ പേരിൽ ധാരാളം ഇംഗ്ലീഷ് ഫുട്ബോൾ റെക്കാർഡുകളുമുണ്ട്
mlf_09852_01751057952	അവിടെ ഇഹ്റാം കെട്ടുന്നതോടുകൂടി രാജാവും പ്രജയും എല്ലാം തുല്യമായി
mlf_06469_00768036218	പത്തു വർഷത്തോളം ആ പദവി വഹിച്ചു
mlf_03182_01654382671	അറബി ഭാഷയിൽ സമ്പന്നമായൊരു യഹൂദസാഹിത്യം തന്നെ ഇക്കാലത്തുണ്ടായി
mlf_04310_00932645953	ആയിരം അടി കഴിയുമ്പോൾ
mlf_06262_01539389461	അതിനുശേഷം ഫെബ്രുവരി പതിനൊന്ന്ന് പരമ്പരയിലെ രണ്ടാം ഏകദിനത്തിൽ സച്ചിൻ നാല്പത്തി രണ്ട് റൺസെടുത്തു.
mlf_03435_00617080319	അതിനാൽ ഗർഭിണികൾ പൂച്ചകളുമായി അകലം പാലിക്കേണ്ടതാണ്‌.
mlf_02321_01331584655	പൂക്കൾ ചെറുതും മഞ്ഞ നിറത്തിലും ഉണ്ടാകുന്നു
mlf_04310_01659402315	രണ്ട്‌ മൈൽ കഴിയുമ്പോൾ
mlf_03182_01777767507	കൂടുതൽ വിവരങ്ങൾ ഇവിടെ നിന്നും ലഭിക്കും
mlf_06262_00183051953	അതിനുശേഷമാണ് റോമാനഗരത്തിന്റെ നേതൃത്വത്തിൽ വിപുലമായ രാജ്യവിസ്തൃതി ഉണ്ടായത്.
mlf_05401_01874938633	അന്റാർട്ടിക്കയിലുള്ള ഭാരതത്തിന്റെ രണ്ടാമത്തെ ഗവേഷണകേന്ദ്രമാണ്‌
mlf_03132_00274712359	അവൻ ക്ലാസ് മുറിയിലേക്ക് ഓടി
mlf_03182_00508433414	അതിനു ശേഷം പൈപ്പുകൾ ഉപയോഗിച്ച് അത് പണി സ്ഥലത്തേക്ക് എത്തിക്കുകയായിരുന്നു
mlf_04310_01887937204	നാനൂറ് യാർഡ് കഴിയുമ്പോൾ
mlf_03228_01549005241	മുരളി എന്ന പേരിലാണ് സാധാരണ അറിയപ്പെടുന്നത്
mlf_03132_01833807472	അതിനാൽ തുറന്ന താരവ്യൂഹങ്ങളും പുതിയ നക്ഷത്രങ്ങളുടെ രൂപവത്കരണവും ഇവയിൽ കുറവാണ്
mlf_02925_00021503624	അത് കോടതിയിൽ അന്ന് വീണ്ടും ചോദ്യം ചെയ്യപ്പെട്ടു
mlf_03228_01176942793	അമേരിക്കയുടെ സുരക്ഷിതത്വത്തിനു നേരെയുള്ള ഈ വെല്ലുവിളി അവർ പുറംലോകത്തെ അറിയിച്ചു
mlf_02879_01156236952	ആയിരത്തോളം വർഷം പഴക്കമുള്ള ഈ മലമ്പാത സൗദി അറേബ്യയിലെ പ്രധാന ആകർഷണങ്ങളിൽ പെട്ടതാണ്
mlf_09852_02133997265	ആവശ്യമുള്ള വീതിയിൽ കല്ലുവെട്ടിയെടുത്ത് കടഞ്ഞ് പിന്നീട് കൊത്തുപണികൾ ചെയ്ത് ഭംഗിയാക്കിയവയാണിവ
mlf_05401_01288150635	അതു പോലെ കെട്ടു പിണയാത്ത പാദരക്ഷകളും ധരിക്കണം
mlf_02321_00480755375	എന്തെങ്കിലും തെറ്റുകൾ കണ്ടാൽ ദയവായി പറയുക
mlf_02484_01498145548	എല്ലാ താളുകളും ഇന്നു രാത്രിയില്‍ മാറ്റാം
mlf_03435_00093041914	ആനകൾ എന്നും സഞ്ചരിക്കുന്ന വഴികളുടെ ഓരത്തായിരിക്കും ഇത്തരം കുഴികൾ കുഴിക്കുക
mlf_03182_02145379370	മലയാള പത്രങ്ങൾ ഒക്കെ വേറെ ഒരു പേരാണ് സാധാരണ പറയുക
mlf_09845_00701084493	തമിഴ്‌നാട്‌ ഇന്ത്യയുടെ തെക്കേയറ്റത്തുള്ള സംസ്ഥാനമാണ്‌
mlf_01130_02119105584	അവരുടെ സൗഹൃദം പ്ലേറ്റോണികമായിരുന്നുവെന്ന് വാദിക്കുന്ന ആധുനിക വ്യാഖ്യാതാക്കളുണ്ട്
mlf_02321_01569675224	അങ്ങനെ മഴയെ ആശ്രയിച്ചു മാത്രം കൃഷി ചെയ്തിരുന്ന സ്ഥലങ്ങളിൽ കൃഷിപ്പിഴ ഒഴിവായി
mlf_03435_01360661106	അവിടത്തെ പഠനത്തിനിടെ അദ്ദേഹം എഴുതിയ രണ്ടു കവിതകൾ ഒരു പ്രാദേശിക പത്രം പ്രസിദ്ധീകരിച്ചു
mlf_03182_01214170990	കെ ആർ നാരായണൻ ഇന്ത്യയുടെ പത്താമത്തെ രാഷ്ട്രപതിയായിരുന്നു
mlf_06469_01663928813	ഒന്ന് പഴയ ഏതെങ്കിലും ഉപയോക്താവിന്റെ താളിൽ നോക്കൂ
mlf_05401_00547421193	പ്രതിരോധം എന്ന വാക്കാല്‍ വിവക്ഷിക്കാവുന്ന ഒന്നിലധികം കാര്യങ്ങളുണ്ട്
mlf_03132_00143168896	അവയെക്കുറിച്ചറിയാന്‍ നിറം നാനാര്‍ത്ഥങ്ങള്‍ എന്ന താള്‍ കാണുക
mlf_03435_01763759367	അവരിലൊരാളുടെ വീട്ടിൽ സ്പിനോസ താമസമാക്കി.
mlf_04674_00273473685	അദ്ദേഹത്തിന്റെ ആദ്യ സീസണിൽ തന്നെ ബാർസലോണ ലാ ലിഗ കപ്പ് നേടി
mlf_03228_01021019601	അവ പ്രസിദ്ധീകരിക്കാതിരിക്കുന്നതായിരിക്കും ഭേദം എന്നാണ് അദ്ദേഹം ഉപദേശിച്ചത്
mlf_06469_02116468121	അന്നുമുതൽ മസ്ജിദുൽ ജമുഅ എന്ന പേരിൽ ഈ പള്ളി അറിയപ്പെട്ടു
mlf_04674_00019713878	ശ്രുതി എന്ന വാക്കിനാൽ താഴെപ്പറയുന്ന എന്തിനേയും വിവക്ഷിക്കാം
mlf_04310_01049649745	ട്രാഫിക് സർക്കിളിൽ, റാമ്പിലൂടെ പുറത്തേക്ക് പോകുക
mlf_05394_02063939472	ആദത്തേയും ഹവ്വായേയും പറുദീസയ്ക്ക് പുറത്താക്കുക എന്നതാണ്‌ അയാളുടെ ദൗത്യം.
mlf_01130_01251040878	കുട്ടിക്കാലം മുതൽക്കേ ശോഭന ഭരതനാട്യം അഭ്യസിച്ചു
mlf_06262_00680815871	അസ്‌ഹറുദ്ദീനു ശേഷം സച്ചിൻ രണ്ടാമതും ക്യാപ്റ്റനായി.
mlf_03182_01049377000	ആ വാദം അലസമനസ്സുകളുടെ തലയിണ ആണെന്നായിരുന്നു അദ്ദേഹത്തിന്റെ പക്ഷം
mlf_01130_02066141307	കായികസംസ്കാരം ഇല്ലാത്തവരാണ് ഇന്ത്യക്കാരെന്ന് ആയിരുന്നു ബിന്ദ്രയുടെ അഭിപ്രായ പ്രകടനം
mlf_03435_00005794262	ജേക്കബ് പറഞ്ഞ താള്‍ ഞാന്‍ വായിച്ചു
mlf_02925_01892888711	വൃത്തം എന്ന വാക്കിനാൽ താഴെപ്പറയുന്ന എന്തിനേയും വിവക്ഷിക്കാം
mlf_06262_01684573799	അത് കൊണ്ട് തന്നെ ഇസ്‌ലാമിക ചരിത്രത്തിലെ പ്രാധാന്യമുള്ള വിവിധ സ്ഥലങ്ങൾ മക്കയിലുണ്ട്.
mlf_01130_00017668262	അതിന്റെ മറുഭാഗം മറ്റൊരു കുഴൽ വഴി വെന്റിലേറ്റർ യന്ത്രവുമായി ഘടിപ്പിക്കുന്നു
mlf_03228_00656692471	എന്റെ കയ്യിൽ വളരെ കുറച്ച് വിവരങ്ങൾ ഉണ്ട്
mlf_03435_00517990460	ഇതു പിന്നീടു യൂറോപ്പിലും പ്രചാരം നേടി
mlf_01640_01380256000	പകുതി മൈലിൽ
mlf_02321_01670135290	കേരളത്തിലെ പക്ഷികൾ എന്ന വാക്കാൽ വിവക്ഷിക്കാവുന്ന ഒന്നിലധികം കാര്യങ്ങളുണ്ട്
mlf_01640_02056767474	വലതുവശത്തുള്ള ഇന്റർചെയ്ഞ്ച് എടുക്കുക
mlf_03435_00823066376	ഇത് ഈ ക്ഷേത്രത്തിന്റെ മാത്രം പ്രത്യേകതയാണ്
mlf_09852_01979806297	അനന്തരവനായ മാർത്താണ്ഡവർമ്മയോട് അതിയായ സ്നേഹവാത്സല്യങ്ങൾ കാണിച്ചിരുന്ന ആളായിരുന്നു അദേഹം
mlf_01640_00230848993	ഒന്നര മൈലിൽ
mlf_02018_00618366115	അറിവിന്റെ പിന്നിലുള്ള പ്രക്രിയ വിശ്വാസത്തിൽ അധിഷ്ഠിതമാണെന്ന് അദ്ദേഹം കരുതി
mlf_02879_01565137163	ഇത് അദ്ദേഹത്തിന് ഏറെ പ്രശസ്തി നേടിക്കൊടുത്തു
mlf_02879_00056601536	അന്റാർട്ടിക്കയുടെ ഭൂപ്രകൃതിയും അവിടുത്തെ ശിലാനിർമ്മിതികളും മിക്കവാറും അക്കാലങ്ങളിലാണ് രൂപം കൊണ്ടത്
mlf_06262_01122658076	അത് പരസ്യമാക്കിയത് ആരെന്ന ചോദ്യത്താൽ ഓസ്ട്രേലിയൻ തമ്പ് പുകഞ്ഞു.
mlf_01640_01027931388	കടത്തുവള്ളം പിടിക്കുക
mlf_07754_02018104125	ഇവിടത്തെ പ്രധാന ഉത്സവം ഓണം ആണ്
mlf_02321_00297877455	ആകാശമാർഗ്ഗത്തിലൂടെയുള്ള ആക്രമണമായിരുന്നു അവർ നടത്തിയത്
mlf_04310_02009133900	നൂറ് യാർഡ് കഴിയുമ്പോൾ
mlf_03182_01045325567	അതിന്റെ കൂടെ ഇംഗ്ലീഷ് അക്ഷരങ്ങളുടെ അച്ചുകളും ഉണ്ടായിരുന്നു
mlf_05394_01906382207	ആരോഗ്യപ്രശ്നങ്ങൾ ഒഴിവാക്കാനും ആകാരഭംഗി വർദ്ധിപ്പിക്കാനുമെല്ലാമാണ് ഇങ്ങനെ ചെയ്യുന്നത്.
mlf_07754_01107104655	ആൻഡമാൻ എന്നും നിക്കോബാർ എന്നുമുള്ള രണ്ടു ദ്വീപുസമൂഹങ്ങളാണ് ഇവിടെയുള്ളത്
mlf_01130_00441511888	അവർ ഓരോ വർഷവും പുതിയ പുതിയ ഭൂമിയിലേക്ക് കൃഷി മാറ്റുന്നവരാണ്
mlf_03435_02051061540	ഈ പ്രശ്നം ഇന്നലെ രാത്രി മുതല്‍ ഉണ്ട്
mlf_09549_00737455345	അന്‍പത്ത് യാർഡിൽ
mlf_05401_00237614895	അവിടെ ഞെക്കി പുതിയ ഫലകം തുടങ്ങാം
mlf_02484_00522247033	ഇത് എന്താണെന്ന് കൂടി എഴുതിയാല്‍ നന്നായിരുന്നു
mlf_03435_00974297404	അശ്വതിനാളിനു മുന്നേ തന്നെ വിദൂരദേശങ്ങളിൽ നിന്നും നിരവധി പേർ കാവിലെത്തും
mlf_03228_01108507709	അവരുടെ അന്വേഷണത്തിൽ വിജനമായ ആ സ്ഥലത്ത് ഹാജറ ബീവിയും മകൻ ഇസ്മായിലിനെയും കാണുകയും ചെയ്തു
mlf_09845_01085267992	ഈ താളില്‍ നിങ്ങള്‍ക്ക് ആവിശ്യമുള്ള ഉപകരണങ്ങള്‍ കിട്ടും
mlf_03132_00615673418	അഹിംസയിലൂന്നിയ സത്യാഗ്രഹം എന്ന സമര സിദ്ധാന്തത്തിലൂടെ ലോകമെമ്പാടും ഗാന്ധി ശ്രദ്ധേയനായി
mlf_03182_01173353978	അദ്ദേഹം അറുപത്തി നാല് റണ്ണുകൾ വഴങ്ങി രണ്ട് വിക്കറ്റുകൾ നേടി
mlf_06469_01300881032	ഇന്ന് ഒരു പ്രശസ്തമായ കലാ സാംസ്കാരിക കേന്ദ്രമാണ് ഈ മഠം
mlf_09845_00490813240	അൻസ്വാറുകൾ ഭൂവുടമകളും സ്വത്തുടമകളുമായിരുന്നു
mlf_06262_01635617266	അതിനു പകരം വയ്ക്കാൻ വേണ്ടിയുള്ളതായിരുന്നില്ല ഈ പുതിയ കുർബ്ബാന.
mlf_08428_02141215198	അതായത് നിർമ്മാണരേഖ എപ്പോഴും ലഭ്യമാണ്
mlf_06262_00871830844	അവിടെ നിന്ന് തിരുവിതാംകൂർ സേന വടക്കോട്ട്‌ ലക്ഷ്യമിട്ടു.
mlf_06469_00155138413	അദ്ദേഹം ആദ്യത്തെ പഞ്ചവത്സര പദ്ധതി അവതരിപ്പിച്ചു
mlf_06469_02041204966	ഞാൻ ഈ താളിൽ എന്റെ അഭിപ്രായം രേഖപ്പെടുത്തിയിട്ടുണ്ട്
mlf_04674_01631230717	അവൾ പാപം ചെയ്തു എന്നു മനസ്സിലാക്കിയ ആദം അറിഞ്ഞുകൊണ്ടു തന്നെ അതേ തെറ്റു ചെയ്യുന്നു
mlf_03228_00795416642	അതിൽ പലതും ഇന്നും പ്രവർത്തനനിരതമാണ്
mlf_06469_01826776017	അങ്ങനെ കിട്ടിയ റോയൽറ്റി ആയിരുന്നു ഓർവെലിന്റെ ആദ്യത്തെ കാര്യമായ വരുമാനം
mlf_06469_00397366962	ന്യായം എന്ന വാക്കിനാൽ താഴെപ്പറയുന്ന എന്തിനേയും വിവക്ഷിക്കാം
mlf_02018_00681961447	അവർ അധിവസിച്ച പ്രദേശത്തിന് ലാറ്റിയം എന്നു പേർ വന്നു
mlf_06469_00852204173	അത് കൊണ്ട് മക്കയുടെ പ്രബുദ്ധമായ സംസ്കാരവും അതിൽ നിഴലിച്ചു കാണുന്നുണ്ട്
mlf_02321_02022476227	ലേഖനത്തിന്റെ ഇടയ്ക്ക് ഇംഗ്ലീഷ് പദങ്ങൾ ചേർക്കുന്നത് ശരിയല്ല
mlf_03132_01670857107	അതോടെ അലി രാജാവ് ബാഗ്ദാദിലേക്ക് രക്ഷപെട്ടു
mlf_02321_00366746038	അവയെക്കുറിച്ചറിയാൻ ഭരതൻ നാനാർത്ഥങ്ങൾ എന്ന താൾ കാണുക
mlf_03435_02005576597	അകത്തെ അറ എട്ട് വശങ്ങളുള്ള ഒരു അറയാണ്.
mlf_03182_00162466631	അത് നമ്മുടെ നിഷ്ക്രിയത കുറച്ച് നമ്മെ സക്രിയരാക്കുന്നു
mlf_06469_00878682336	എങ്കിൽ കുഴപ്പം ഇല്ല എന്നു തോന്നുന്നു
mlf_03435_00678230528	അതിനു പറ്റിയൊരു ബദൽ കണ്ടെത്തുന്നതു വരെയുള്ള താത്കാലിക മാർഗ്ഗമായിട്ടാണിത്
mlf_03132_01505057274	ആൻഡ്രോയ്ഡിൽ ഉപയോഗിക്കാവുന്ന വിവിധതരത്തിലുള്ള നിരവധി ആപ്ലിക്കേഷനുകൾ ലഭ്യമാണ്
mlf_09845_01743222586	കൂടാതെ മറ്റ് ധാരാളം വിദ്യാഭ്യാസ സ്ഥാപനങ്ങള്‍ ഇവിടെയുണ്ട്
mlf_04674_01427929750	ഇപ്പോൾ പാലക്കാട് ആണ് ഏറ്റവും വലിയ ജില്ല എന്നാണ് എന്റെ അറിവ്
mlf_09845_00026056564	അന്നു മലയാള അച്ചടിശാലകളൊന്നും ഇവിടെ ഉണ്ടായിരുന്നില്ല
mlf_01640_00856460145	അറുനൂറ് മീറ്ററിൽ
mlf_01640_00286713538	കവലയിൽ രണ്ടാമത്തെ എക്സിറ്റ് എടുക്കുക
mlf_08428_00281822928	കണ്ണൂർ ജില്ലയിലെ മട്ടന്നൂർ എന്ന ചെറിയ ഗ്രാമത്തിലാണ് അദ്ദേഹം ജനിച്ചത്
mlf_03228_01315216432	അതിനാൽ തന്നെ രോഗി മുൻപെടുത്തിട്ടുള്ള നെഞ്ചിന്റെ എക്സ്റേകൾ രോഗനിർണയത്തിൽ പ്രധാനമാണ്
mlf_06469_00210590074	അതിൽ മറ്റൊരാളുടെ ചിലവിൽ വേറൊരാൾ ജയിക്കുന്നു
mlf_08428_01752788626	നഗരത്തിലെ എറ്റവും പ്രസിദ്ധമായ വിനോദസഞ്ചാര കേന്ദ്രങ്ങളിൽ ഒന്ന്
mlf_03132_01066926964	അദ്ദേഹം അഭിമുഖങ്ങളിൽ സഹകരിച്ചിരുന്നുമില്ല
mlf_02925_00355562305	അതിന്റെ മേൽക്കൂര ഈത്തപ്പനയോല മേഞ്ഞതും ചുമരുകൾ ചുട്ട ഇഷ്ടിക കട്ട കൊണ്ട് പടുത്തതുമായിരുന്നു
mlf_05401_01573554709	ദേവന്‍ എന്ന ഒരു താള്‍ നിലവിലുണ്ട്
mlf_08428_01416164491	അവസാനം റോം തിരിച്ചടിക്കുകയും ഹാനിബാൾ പിൻവാങ്ങുകയും ചെയ്തു
mlf_01640_00202553470	ഒരു യു-ടേണ്‍ എടുക്കുക
mlf_05401_00715973501	അതേസമയം എല്ലാ മതങ്ങളിലേയും നന്മയിലും അദ്ദേഹം വിശ്വസിച്ചു
mlf_04674_01297377100	അതിനു വേറേ അർത്ഥം ഉണ്ടെങ്കിൽ പറയൂ മാഷേ
mlf_01130_00679876545	അനേക വർഷങ്ങൾ അവർ ഒരേ കിടക്ക പങ്കിട്ടു
mlf_01130_00848667159	അറ്റ്‌ലാന്റിക് വരമ്പിന്റെ ഇരുപുറങ്ങളിലുമുള്ള കടൽത്തറയിൽ നിരപ്പായ തടങ്ങൾ രൂപംകൊണ്ടിരിക്കുന്നു
mlf_04310_02075762083	വടക്കുകിഴക്ക് ഭാഗത്തേക്ക് പോവുക
mlf_09845_02133724445	അദ്ദേഹത്തിന്റെ സ്വാധീനം അസാമാന്യമായിരുന്നു
mlf_02321_00042887565	അവിടുന്ന് യഹൂദരുടേയും ദൈവമല്ലേ
mlf_01130_00620275339	അവർക്കുവേണ്ടിയിരുന്നത് അധികാരവും പുകഴ്ച്ചയും മഹത്ത്വവും ആയിരുന്നു
mlf_05401_01852115552	അനാദി കാലം മുതൽക്കേ കുങ്കുമം ഔഷധസസ്യമായി ഉപയോഗിച്ചുവരുന്നു
mlf_09852_00751718025	അൻപതിലേറെ അംഗീകൃത ആയുർവേദ കേന്ദ്രങ്ങൾ തിരുവനന്തപുരം നഗരത്തിനുള്ളിലും പുറത്തുമായുണ്ട്
mlf_09549_00346112224	നൂറ്റി അന്‍പത്ത് അടിയിൽ
mlf_02321_00792570383	അതിൽ ഒന്ന് സർക്കസ് കൂടാരത്തിലെ കോമാളിയായ കുള്ളന്റേതായിരുന്നു
mlf_04674_00784884925	അഷ്ടഭുജാകൃതിയിലുള്ള രണ്ടു ഗോപുരങ്ങളും ഇടയ്ക്കൊരു കമാനവുമുള്ളതാണ് ഈ പ്രവേശനദ്വാരം
mlf_05023_02117350274	അതിനു പ്രധാനകാരണം തന്റെ വിടവാങ്ങൽ കത്ത് ഫിഡൽ പൊതുജനങ്ങളെ കാണിച്ചു എന്നതായിരുന്നു
mlf_05023_00424527958	അതിവിനാശകാരിയായ ആയുധങ്ങൾ നിർമ്മിക്കുന്നുണ്ടെന്ന് ആരോപിച്ച് ഇറാഖിനെതിരെയും അമേരിക്ക ആക്രമണം നടത്തി
mlf_02321_01242051491	ഏറ്റവും വലിയ നഗരവും ഇതു തന്നെ
mlf_01640_00852334893	ലക്ഷ്യസ്ഥാനത്തേക്ക് നിങ്ങൾ എത്തിച്ചേരും.
mlf_03228_00834521997	നെല്ല് എന്ന താൾ ഈ ലേഖനവുമായി ലയിപ്പിക്കുന്നതിന് ശുപാർശ ചെയ്തിരിക്കുന്നു
mlf_07754_01075375263	അതോടെ മൂന്നാം പൂണിക് യുദ്ധത്തിന് കളം ഒരുങ്ങി
mlf_03435_01031267853	അതായത് പരിക്കു പറ്റുകയോ, അസുഖം ബാധിക്കുകയോ ചെയ്യുമ്പോഴാണ് ഇങ്ങനെ പുറത്തുപോകുന്നത്.
mlf_06469_00228009466	അധികം വൈകാതെ സുസജ്ജമായ സേനയെ ഒരുക്കിക്കൊണ്ട് മാർത്താണ്ട വർമ്മ യുദ്ധത്തിനെത്തി
mlf_09852_01917461143	അതുവരെ യൂറോപ്പുമായുളള വ്യാപാര ബന്ധങ്ങളുടെയെല്ലാം ഇടനിലക്കാർ അറബികളായിരുന്നു
mlf_04674_01468130776	ഇത് അറബി ഭാഷയുടെ ഒരു പ്രത്യേകതയാണ്
mlf_09845_00394145756	അതിനു പറ്റിയൊരു ബദൽ കണ്ടെത്തുന്നതു വരെയുള്ള താത്കാലിക മാർഗ്ഗമായിട്ടാണിത്
mlf_03435_00362724373	ഗോവിന്ദന്‍ നായര്‍ ആണ് ഈ പദ്ധതി കൊണ്ടുവന്നത്
mlf_06469_00303339250	അനീസ് ഷാഹിന എന്നിങ്ങനെ രണ്ട് മക്കളുണ്ട്
mlf_02484_00439313803	അദ്ദേഹത്തിന്റെ പ്രേമബന്ധങ്ങൾ മിക്കവയും യുവാക്കളുമായായിരുന്നു
mlf_03435_01177413976	അദ്ദേഹം പിന്നീട് നാപ്പോളിയിലേക്ക് ചേക്കേറി
mlf_08428_00882012950	അതുപോലെതന്നെ നെറ്റിയുടെ ആകൃതിക്കനുസരിച്ചായിരിക്കണം നെറ്റിയിൽ സിന്ദൂരം അണിയേണ്ടത്
mlf_02879_01124457258	ഖുർആൻ ആണ് ഈ മതത്തിന്റെ അടിസ്ഥാനം
mlf_02484_00656407256	അതിനു ശേഷം അതിനെ മെരുക്കിയെടുക്കുന്നു
mlf_03132_00674904791	അത് കീർ‌ക്കെഗാഡിന്റെ ചിന്തയെ പൂർവാപരവിരുദ്ധവും അർത്ഥരഹിതവുമാക്കുന്നു
mlf_03132_02066981639	അമേരിക്കയിലെ വിദഗ്ദ്ധന്മാർ ഇതുവരെ അർഗ്രാരിയൻ ഭൂപരിഷ്കരണത്തെക്കുറിച്ച് ഒന്നും പറഞ്ഞിട്ടില്ല
mlf_02018_01965406154	കേരളത്തിൽ പരക്കെ കാണപ്പെടുന്ന ഒരു ചെടി
mlf_07754_00217402099	അവിടത്തെ വികസനപ്രവർത്തനങ്ങൾക്ക് തുടക്കമിട്ടത് താനായിരുന്നു
mlf_08428_00611003318	ആറു പേർക്കൊപ്പമായിരുന്നു കൽപനയുടെ രണ്ടാമത്തെ ബഹിരാകാശ യാത്ര
mlf_01640_00648902961	അന്‍പത്ത് മീറ്ററിൽ
mlf_01130_00738928087	ഇടുക്കി ജില്ലയുടെ ഭാഗമായ ഒരു ചെറിയ പട്ടണമാണ് മൂന്നാർ
mlf_02484_01467899754	അപ്പോൾ അവർ നാലു മാസം ഗർഭിണിയായിരുന്നു
mlf_04310_02098651096	നിങ്ങളെത്തുന്ന സ്ഥലം റോഡിന്റെ ഇടതുവശത്തായിരിക്കും.
mlf_04310_00869757337	ഒരു യു-ടേണ്‍ എടുക്കുക
mlf_03182_00034249334	ഇങ്ങനെ ഒരു പട്ടിക കൊണ്ട് എന്തു ഗുണം
mlf_09549_01280807172	പകുതി മൈലിൽ
mlf_03182_01406105992	അത് പാവപ്പെട്ടവർക്ക് അവകാശപ്പെട്ടതാണ്
mlf_04720_01536617198	എന്തായാലും ഞാൻ അത് മലയാളത്തിലേക്ക് മാറ്റിയിട്ടുണ്ട്
mlf_03228_02051803417	അർജന്റീന ബ്രസീൽ പെറു ചിലി തുടങ്ങിയ രാജ്യങ്ങളിൽ എല്ലാം ഇടതുപക്ഷ കക്ഷികൾ അധികാരത്തിൽ വന്നു
mlf_02925_00744807436	ആദ്യ ഏഴു മാസങ്ങളിൽ നീലത്തിമിംഗിലത്തിന്റെ കുഞ്ഞ് ദിനവും നാന്നൂറ് ലിറ്റർ പാൽ വീതം കുടിക്കുന്നു
mlf_02321_01803199433	ആസ്മയിലെ ചുമയും കഫക്കെട്ടും ന്യുമോണിയയായി തെറ്റിദ്ധരിക്കപ്പെടാം
mlf_07754_01419201759	അക്കൊല്ലം തന്നെ കാസ്ട്രോ വിവാഹിതനായി
mlf_09549_00652408745	ലക്ഷ്യസ്ഥാനത്തേക്ക് നിങ്ങൾ എത്തിച്ചേരും.
mlf_02879_00181922449	ആംസ്റ്റർഡാമിലാണ് ബറൂക്ക് സ്പിനോസ ജനിച്ചത്
mlf_02879_01284049154	അതു കൊണ്ടാണ് ഇതിന് പൊട്ടാസ്യം എന്ന പേര് വന്നത്
mlf_06469_00074109595	അതുകൊണ്ട് തലക്കെട്ട് മാറ്റണം എന്നാണെന്റെ അഭിപ്രായം
mlf_03435_00415641169	അതേ വർഷം നാസയുടെ കാലിഫോർണിയയിലുള്ള ഗവേഷണ കേന്ദ്രത്തിൽ ജോലിക്കു ചേർന്നു.
mlf_05401_01443385846	ആഫ്രിക്കൻ ആനകളെ ഇപ്പോൾ സഫാരികൾക്ക് ഉപയോഗിക്കാറുണ്ട്
mlf_01640_01631404697	രണ്ടായി പിരിയുന്നയിടത്ത് വലത്തേക്ക് പോകുക
mlf_01130_00419900917	അത്തരം ദിവസങ്ങളിൽ കടലാസിൽ എഴുതിയാണ് അദ്ദേഹം ആശയവിനിമയം നടത്തിയിരുന്നത്
mlf_03132_01274355220	ഇതുവരെ തിരഞ്ഞെടുത്ത ചിത്രങ്ങള്‍ ഇവിടെ കാണാം
mlf_05401_01428642012	അവയുടെ ലക്‌ഷ്യവും മാർഗവും അവതന്നെയാണ്
mlf_03228_01197362566	ഇത് തമിഴ്നാട്ടിലെ മറ്റു സ്ഥലങ്ങൾക്കു പുറമേ കേരളത്തിലേക്കും കയറ്റി അയക്കപ്പെടുന്നുണ്ട്
mlf_03435_00387749399	ആധുനിക ചരിത്രകാരന്മാരുടെ അഭിപ്രായപ്രകാരം മഹാഭാരതത്തിന്റെ കർത്താവ്‌ ഒരാളാകാൻ വഴിയില്ല.
mlf_01640_00015090452	൱ അടിയിൽ
mlf_03228_01224757060	അവരുടെ ശ്രമങ്ങൾ ഫലപ്രാപ്തിയിലെത്തുന്നതിനു മുമ്പു തന്നെ സർക്കാർ അതെല്ലാം തടയുകയായിരുന്നു
mlf_04310_00491175245	വടക്കുപടിഞ്ഞാറ് ഭാഗത്തേക്ക് പോവുക
mlf_07754_00885358616	അത് പോലെ യെമനി മന്തിയും ഒരു പ്രധാന ഭക്ഷണമാണ്
mlf_06262_01761416703	അതിൽ ഒരാളായിരുന്നു ഫിദൽ കാസ്ട്രോ.
mlf_08428_00069615053	അതിനു ശേഷം നാലു മുതൽ പതിനൊന്നു വരെ ഇളം തണ്ടുകൾ മണ്ണിനു പുറത്തേക്കു വരുന്നു
mlf_09845_01804134186	അഞ്ചേകാലിന്റെ ട്രെയിനിൽ ഞാൻ ഇന്ന് പുള്ളിയെ കണ്ടു
mlf_06469_00408431033	ഇത് ചാലക്കുടി പുഴയുടെ തീരത്താണ് സ്ഥിതിചെയ്യുന്നത്
mlf_02018_01981756092	അരി വേവിച്ച് വെള്ളം ഊറ്റിക്കളയാതെയാണ് ചോറ് കഴിക്കുന്നത്
mlf_04674_01725169267	ആസ്മാ രോഗനിർണയത്തിന്റെ ഒരു പ്രധാന പടിയായും പ്രേരിത നിശ്വാസ വ്യാപ്തത്തെ ഉപയോഗിക്കാം
mlf_03182_01741768069	അവർക്ക് താമസിക്കാനിടം നൽകിയും തിമിരശസ്ത്രക്രിയയുടെ ചെലവ് വഹിച്ചും ജോൺസൺ അവരെ സഹായിക്കാൻ ശ്രമിച്ചു
mlf_09852_01850266312	അന്നുണ്ടായ രാഷ്ട്രീയ ധ്രുവീകരണത്തിൽ അൽബേനിയ മാത്രമാണ് ചൈനയുടെ ഭാഗത്തു നിന്നത്
mlf_06262_00856587809	എന്നാല്‍ അതു മാത്രമല്ല അതിന്റെ ഉദ്ദേശ്യം
mlf_02018_01161273553	ആംസ്റ്റർഡാമിൽ ബറൂക്കിന്റെ പോർത്തുഗീസ് രൂപമായ ബെന്റൊ എന്ന പേരിലും അദ്ദേഹം അറിയപ്പെട്ടു
mlf_09549_00931979668	കടത്തുവള്ളം പിടിക്കുക
mlf_02925_00422843447	അതിനാൽ ഇംഗ്ലണ്ടിൽ നിന്ന് പ്രസ്സും മദ്രാസിൽ നിന്ന് അച്ചുകളും വരുത്തി
mlf_01640_01719311845	ഇന്റർചെയ്ഞ്ച് എടുക്കുക
mlf_05023_00145357042	ആ വിജയത്തോടെ അദ്ദേഹത്തിന് ആദ്യ അന്താരാഷ്ട്ര പുരസ്കാരം ലഭിച്ചു
mlf_04310_00911770518	അറുനൂറ് മീറ്റർ കഴിയുമ്പോൾ
mlf_07754_00266368218	അതിനാൽ തന്നെ ചന്ദ്രന്റെ ഉപരിതല വിസ്തീർണ്ണം ഭൂമിയുടേതിന്റെ പത്തിലൊന്നിലും കുറവാണ്
mlf_03435_00407584982	അത്യാവശ്യം വേണ്ട അവസരങ്ങളില്ലല്ലാതെ ഔദ്യോഗിക വസ്ത്രം ധരിക്കാൻ മാവോ ഇഷ്ടപ്പെട്ടിരുന്നില്ല.
mlf_03182_01048426879	അപൂർവമായി ലഭിക്കുന്ന മഴയിൽ റോഡുകളിൽ വെള്ളം കെട്ടിനിൽക്കുന്നു
mlf_07754_01373882805	ആ സീസണിന്റെ അവസാനം ചാമ്പ്യൻസ് ലീഗ് കിരീടത്തോടെയായിരുന്നു
mlf_02925_00881835437	അതിനാൽ തന്നെ ചന്ദ്രന്റെ ഉപരിതല വിസ്തീർണ്ണം ഭൂമിയുടേതിന്റെ പത്തിലൊന്നിലും കുറവാണ്
mlf_08428_00375226668	ഗുജറാത്തി എന്ന വാക്കാൽ വിവക്ഷിക്കാവുന്ന ഒന്നിലധികം കാര്യങ്ങളുണ്ട്
mlf_03132_00240971962	ഇതിന്റെ മേല്‍ ഈ കാര്യത്തില്‍ സം‌വാദം ആവശ്യമില്ല
mlf_01130_00536950818	ആക്രമണത്തെപ്പറ്റിയുള്ള അന്വേഷണത്തിന് ഈ ഫോൺ സന്ദേശങ്ങൾ ഏറെ സഹായകമായി
mlf_02018_01425880350	അതിൽ തന്നെ കൂടുതൽ സുന്നി മുസ്ലിങ്ങളും ചെറിയ വിഭാഗം ഷിയാ മുസ്ലിങ്ങളും
mlf_09852_01697890011	അടിയുറച്ച ദൈവവിശ്വാസം അദ്ദേഹത്തിനുണ്ടായിരുന്നു
mlf_04720_00752875684	അതിനെ ഉയർത്തി സ്ഥാപിക്കാൻ പിന്നെയും ഇരുപത്തിയൊന്നുദിവസം വേണ്ടിവന്നു
mlf_03132_00799674962	ആകാശഗംഗയ്ക്ക് പുറമെ ഭൂമിയിൽ നിന്ന് നിരീക്ഷിക്കപ്പെട്ട ആദ്യ താരാപഥങ്ങളാണിവ
mlf_08428_00404253418	അവളുടെ മൃതശരീരം പ്രദർശിപ്പിച്ചുകോണ്ട് ജാഥ നടത്തി
mlf_04674_00203902993	അപ്പോഴേക്കും അവിടം ഷംസ് എൽ ഔൾ തന്റെ ഭരണം സ്ഥാപിച്ചു കഴിഞ്ഞിരുന്നു
mlf_03182_01040457736	അതിനിടയിൽ ബ്രിട്ടീഷുകാർ ദ്വീപുകൾക്ക് കടുത്ത ഉപരോധം സൃഷ്ടിച്ചിരുന്നു
mlf_04674_00195247336	അതുകൊണ്ട് പൊള്ളോക്ക് ഹെൻറിയെ ജലാലാബാദിലേക്ക് വിളിപ്പിച്ചു
mlf_03182_00656603996	എന്തോ എന്റെ കമ്പ്യൂട്ടറിൽ രണ്ടും ഒരേ പോലെ ആണ് കാണുന്നത്
mlf_09845_00126790673	എതിര്‍ അഭിപ്രായങ്ങള്‍ ഉണ്ടെങ്കില്‍ ദയവായി അറിയിക്കുക
mlf_06469_01185203393	അതോടെ പ്രസിഡന്റ് സ്ഥാനത്തേക്ക് ഒരാൾക്ക് എത്രതവണ വേണമെങ്കിലും മത്സരിക്കാം എന്ന നിയമം നടപ്പിലായി
mlf_02018_01829986192	അല്ലാത്ത ദിവസങ്ങളിലെ വിശിഷ്ടാഹാരം പച്ചവെള്ളവും ഏതാനും ഈത്തപ്പഴവും
mlf_02484_00726857196	അഫ്ഗാനിസ്താനിലെ ദോസ്ത് മുഹമ്മദ് ഖാനുമായി ഒരു ഉടമ്പടിയിലെത്താൻ അദ്ദേഹത്തിനായി.
mlf_01640_01619388479	നാനൂറ് യാർഡിൽ
mlf_09549_01837972378	ഇരുനൂറ്‌ അടിയിൽ
mlf_02018_00647163096	അന്ന് മുസ്ലിം പ്രാർത്ഥനകൾക്കു മാത്രമായേ ഇത് തുറക്കാറുള്ളൂ
mlf_01640_01473284996	കവലയിൽ ആദ്യത്തെ എക്സിറ്റ് എടുക്കുക
mlf_02879_00654883725	അവൻ പാടിക്കൊണ്ടേയിരുന്നു
mlf_03182_02070202555	അഹ്സാബ് യുദ്ധത്തിന് മുൻകൈയ്യെടുത്തത് ബനുനളീർ എന്ന ജൂതഗോത്രമാണ്
mlf_09852_01475724177	ഭരതന്‍ എന്ന വാക്കാല്‍ വിവക്ഷിക്കാവുന്ന ഒന്നിലധികം കാര്യങ്ങളുണ്ട്
mlf_05401_00106130654	അകത്തേ അറയുടെ നാലു വശത്തായി നാലു ആർച്ചുകൾ സ്ഥിതി ചെയ്യുന്നു
mlf_02018_01399476152	മധു അഭിനയിച്ച ചലച്ചിത്രം ആണ് ഹൃദയം ഒരു ക്ഷേത്രം
mlf_07754_00543697889	അകെയുള്ള നേതൃത്വം മാർത്താണ്ഡവർമ്മ തന്നെയായിരുന്നു
mlf_06262_00914084534	ആറാം തമ്പുരാൻ, ഉസ്താദ്, നരസിംഹം, പ്രജ, നരൻ എന്നിവ ഇങ്ങനെയുള്ള ചിത്രങ്ങളാണ്.
mlf_02925_01414816391	ചേര രാജാക്കന്മാരിൽ നിന്നുമാകാം പേർ വന്നതെന്നാണ് മറ്റൊരു അഭിപ്രായം
mlf_08428_00055546247	മഹാനായ അശോകൻ ഈ രാജവംശത്തിന്റെ ഭാഗമായിരുന്നു
mlf_03228_00577789379	അതുണ്ടായില്ലെങ്കിലും പരിക്ക് അദ്ദേഹത്തിന്റെ സ്വരത്തിന്റെ മട്ട് മാറ്റി
mlf_04310_02073567067	രണ്ടായി പിരിയുന്നയിടത്ത് ഇടത്തേക്ക് പോകുക
mlf_09852_00321133104	എന്തായാലും ഞാന്‍ അത് മലയാളത്തിലേക്ക് മാറ്റിയിട്ടുണ്ട്
mlf_03132_01289851520	ആ ലോകകപ്പിലെ ഗോൾ നേടുന്ന ഏറ്റവും പ്രായം കുറഞ്ഞ കളിക്കാരനും മറ്റാരുമായിരുന്നില്ല
mlf_02484_01676458557	വര്‍ഷം എന്ന വാക്കിനാല്‍ താഴെപ്പറയുന്ന എന്തിനേയും വിവക്ഷിക്കാം
mlf_06469_01557752638	കുറഞ്ഞ കാലം കൊണ്ട് അദ്ദേഹത്തിന്റെ ഭരണ പരിഷ്കാരങ്ങൾ ശ്രദ്ധിക്കപ്പെട്ടു
mlf_04310_00384669079	മൂന് മൈൽ കഴിയുമ്പോൾ
mlf_07754_01347020319	അതിനെ അദ്ദേഹം തന്റെ രണ്ടു സഹോദരിമാർക്കും ഒരു സഹോദരനുമായി വിഭജിച്ചു
mlf_09845_02079458031	പ്രാതലായാണ് സാധാരണ വിളമ്പുന്നതെങ്കിലും വൈകീട്ടും ഇത് ഉപയോഗിക്കാറുണ്ട്
mlf_07754_01353326074	അനവധി പേർ സച്ചിന്റെ ജീവചരിത്രങ്ങൾ രചിച്ചിട്ടുണ്ട്
mlf_02321_01327757424	ആളും അർത്ഥവും വൈക്കത്തേക്ക് പ്രവഹിച്ചു
mlf_04720_00331740118	ആഫ്രിക്കൻ ആനകളിൽ ആണാനയ്ക്കും പെണ്ണാനയ്ക്കും വളരെ വലിയ കൊമ്പുകൾ ഉണ്ടാകും
mlf_03182_00259765715	അവയെക്കുറിച്ചറിയാൻ ദേശാഭിമാനി നാനാർത്ഥങ്ങൾ എന്ന താൾ കാണുക
mlf_06469_00368181691	സൗകര്യം പോലെ അതിൽ കൂടുതൽ വിവരങ്ങൾ ചേർക്കാൻ ഞാൻ ശ്രമിക്കാം
mlf_06469_01351453464	കേരളത്തിലെ കായലുകളിലും മറ്റും സാധാരണ കണ്ടുവരാറുള്ള ഒരു തരം വള്ളമാണ് കെട്ടുവള്ളം
mlf_05401_00881971725	ഓക്സിജന്‍ വളരെ ചെറിയ അളവില്‍ ജലത്തില്‍ ലയിക്കുന്നു
mlf_03182_01394915519	അതിൽ പറയുന്ന പ്രകാരം ആൾ പ്രശസ്തനാണ്
mlf_09549_00320469170	മുന്നൂറ്‌ മീറ്ററിൽ
mlf_03228_01374929642	അതിന്റെ സംവാദ താളിൽ എങ്ങനെ ചേർക്കണം എന്നു വിശദമായി നൽകിയിട്ടുണ്ട്
mlf_03182_01898975033	ബൈബിൾ പരിഭാഷ ആണ് കേരളത്തിൽ കത്തോലിക്കാ സഭ ഉപയോഗിക്കുന്നത്
mlf_03182_01480425862	അയാളെ അധികാരത്തിൽ നിന്നും തൂത്തെറിയുകയായിരുന്നു ഹിറ്റ്‌ലറിന്റെ ലക്ഷ്യം
mlf_03228_00196498446	അറുപതുകളുടെ അവസാനത്തോടെ ഇന്ത്യയൊട്ടാകെ ശരണാലയങ്ങൾ തുറക്കാൻ മിഷണറീസ് ഓഫ് ചാരിറ്റിക്ക് കഴിഞ്ഞു
mlf_03228_01068948235	ഞാൻ കുറച്ച് മലയാള കവിതകൾ എഴുതിയിട്ടുണ്ട്
mlf_03182_00648782488	കൊട്ടാരക്കര പട്ടണം എന്ന വിഷയത്തെക്കുറിച്ച് അറിയണമെങ്കിൽ കൊട്ടാരക്കര എന്ന താൾ കാണുക
mlf_09845_01974838329	അതോടെ ഒക്ടേവിയന് ആ സ്ഥലങ്ങളുടെ നിയന്ത്രണാധികാരം കൈവന്നു
mlf_01640_01458733958	മുന്നൂറ്‌ അടിയിൽ
mlf_06469_01282142938	അതിനാൽ ഗണപതിപ്രതിഷ്ഠ സ്വയംഭൂവാണ്
mlf_01130_02075247445	തേക്കടിയിൽ നിലവിൽ കാണുന്ന തടാകം മുല്ലപ്പെരിയാർ ഡാം കെട്ടിയതിന് ശേഷം ഉണ്ടായതാണ്
mlf_06469_01377084024	ഇക്കാര്യത്തിൽ എന്റെ എളിയ നിർദ്ദേശം ഇതാണ്
mlf_01130_00788717454	അവ നിറങ്ങൾ കൊടുത്ത് ഭംഗിയാക്കിയിരിക്കുന്നു
mlf_03435_01062897333	ആളുകൾ സൈക്കിളുകൾ മോട്ടോർ സൈക്കിളുകൾ സ്കൂട്ടറുകൾ കാറുകൾ മുതലായവ ഉപയോഗിക്കുന്നു
mlf_03132_00306034224	എനിക്ക് അതിനെ കുറിച്ച് വലിയ വിവരം ഇല്ല
mlf_02879_02113735459	സുറിയാനി എന്ന വാക്കിനാൽ താഴെപ്പറയുന്ന എന്തിനേയും വിവക്ഷിക്കാം
mlf_08428_02126295783	അതുവരെ അവതരിപ്പിച്ച നൃത്തങ്ങൾ ഈശ്വര സാക്ഷാത്കാരത്തിന് വേണ്ടിയാണെന്നാണ് വിശ്വസിക്കുന്നത്
mlf_03228_00660599266	അമ്പലത്തിനെ ചുറ്റിപ്പറ്റിയാണു അന്നമട ഗ്രാമത്തിന്റെ വളർച്ച
mlf_05023_00866543063	ആനകൾക്ക് വളരെ അധികം സ്ഥലം വേണം ജീവിക്കാൻ
mlf_05401_01606765155	അതിനു ശേഷം ആണ് റോമൻ റിപ്പബ്ലിക്ക് എന്ന ആശയം ഉടലെടുത്തത്
mlf_02321_01982906648	അതുപോലെ കരിങ്കൽ തൂണുകളിൽ മനോഹരമായ കൊത്തുപണികളും കാണാം
mlf_01640_00797013259	ഒന്നര കിലോമീറ്ററിൽ
mlf_03132_00997807877	അക്കാലത്ത്‌ മനുഷ്യരെല്ലാവരും ഒരുപോലെയായിരുന്നു
mlf_02484_00908722711	ഇവിടത്തെ പ്രധാന ഉത്സവം ഓണം ആണ്
mlf_02925_01722109522	ഉദാഹരണത്തിന് ഇവിടെ ഞെക്കി ഒരു ലേഖനം കാണൂ
mlf_09852_01992603865	അക്ബർ നിർമിച്ച രണ്ടു കോട്ടകൾ ലാഹോറിലും അലഹബാദിലുമാണ്
mlf_09549_00230407651	ട്രാഫിക് സർക്കിൾ കടക്കുക
mlf_06262_00753723072	അല്ലാത്തപക്ഷം അത് ഒരു വൈഡാകുന്നു.
mlf_02018_02030486996	അവയെക്കുറിച്ചറിയാൻ കന്നി നാനാർത്ഥങ്ങൾ എന്ന താൾ കാണുക
mlf_04674_01610103048	ഞാൻ തൊടുപുഴ എന്ന വിഭാഗം ചെയ്തിട്ടുണ്ട്
mlf_02879_00173813387	അന്ന് ശക്തൻ തമ്പുരാന്റെ ഭരണമായിരുന്നു
mlf_06469_00844569634	അദ്ദേഹത്തിന്റെ ചിത്രങ്ങളും മറ്റും വിൽക്കുന്നത് അവർ തുടർന്നു
mlf_09852_00390122468	അങ്ങനെയാണെങ്കിൽ ചികിത്സ എത്രയും പെട്ടെന്നു തന്നെ തുടങ്ങേണ്ടത് അത്യാവശ്യമാണ്
mlf_07754_01949545002	അന്താരാഷ്ട്ര സമൂഹത്തിൽ ഒറ്റപ്പെടുമെന്ന സാധ്യത നിമിത്തം പാകിസ്താൻ സമ്പദ് വ്യവസ്ഥ തകർന്നു
mlf_01130_01543528835	അറ്റ്‌ലാന്റിക്കിന്റെ തെക്കും വടക്കും അതിരുകൾ വ്യക്തമായി നിർവചിക്കപ്പെട്ടിട്ടില്ല
mlf_07754_01089305598	അതിനെ രക്ഷപെടുത്താനായി അദ്ദേഹം കടം വാങ്ങാൻ തുടങ്ങി
mlf_09549_02082066974	വഴിയിലേക്ക് ചെറുതായി ഇടത് തിരിയുക
mlf_08428_01423192936	അതിൽ ഉൾക്കൊണ്ടിരുന്ന വ്യക്തികൾ സോവിയറ്റ് കമ്മ്യൂണിസ്റ്റ് അനുഭാവ പ്രസ്താവനകൾ നടത്തിയിരുന്നു
mlf_04720_01270899399	അപ്പോഴും തന്റെ ഗവേഷണവിവരങ്ങൾ അദ്ദേഹം അവളോട് പറഞ്ഞു
mlf_09852_01545933949	ഞാൻ യുദ്ധത്തിനെതിരെയാണ്
mlf_09549_00042178118	അഞ്ഞൂര്‍ മീറ്ററിൽ
mlf_05401_01077082943	അങ്ങനെ നേടിയ അനുഭവങ്ങളുടെ ചിത്രീകരണമാണ് ആദ്യം വെളിച്ചം കണ്ട ലേഖനമായ ദി സ്പൈക്ക് എന്നത്
mlf_05401_00041152597	അമിതപോഷണം മൂലമുണ്ടാകുന്ന കളകളുടെ വളർച്ച മറ്റുജീവജാതികളുടെ നിലനില്പിന് ഭീഷണിയാകുന്നു
mlf_02018_00202997098	ഷിജു ഞാൻ എന്നെ തന്നെ മറന്നു പോകുന്നു
mlf_02925_01994670572	ഉള്ളൂർ എന്ന വാക്കാൽ വിവക്ഷിക്കാവുന്ന ഒന്നിലധികം കാര്യങ്ങളുണ്ട്
mlf_02484_01506451876	അതുകൊണ്ട് തന്നെ വളരെയധികം സുരക്ഷ ഉപകരണങ്ങൾ ഉപയോഗിക്കാറുണ്ട്
mlf_02484_00759572615	അമ്മ ഷൺമുഖവടിവുവിൽനിന്നാണ്‌ സംഗീതത്തിന്റെ ബാലപാഠങ്ങൾ അഭ്യസിച്ചത്‌
mlf_01130_00908486886	അടുത്തകാലത്തായി ജനങ്ങൾ തിങ്ങിപ്പാർക്കുന്ന ഒട്ടനവധി പ്രദേശങ്ങൾ ഇവിടെ രൂപപ്പെട്ടിട്ടുണ്ട്
mlf_06262_00996855490	ഇത് താങ്കളുടെ സ്വന്തം പേജ് ആണ്‌
mlf_04674_01816797050	അക്കൊല്ലം തന്നെ കാസ്ട്രോ വിവാഹിതനായി
mlf_05401_00001276470	അവയിൽ പ്രധാനമായിരുന്നു തൊഴിലാളി സംഘടനകളുമായി ബന്ധപ്പെട്ടത്
mlf_09549_01115737124	കാൽ മൈലിൽ
mlf_02925_02120581625	ഭഗവതി ഈ പ്രദേശത്തെ പ്രധാന ദേവി ആണ്
mlf_02321_01990872317	അന്ന് ഖദീജക്ക് നാൽപത് വയസ്സായിരുന്നു പ്രായം
mlf_07754_00044094419	അന്നത്തെ യുദ്ധത്തിൽ വ്യോമ ബോംബാക്രമണം ഭയന്നിട്ടാണ് ഇത് ചെയ്തത്
mlf_03435_00392573356	ഞാന്‍ നേരിട്ട് തന്നെ അല്ലേ പറഞ്ഞത്
mlf_03182_01514469922	അതുവഴി ഇന്ത്യയെ കാശ്മീർ പ്രശ്നത്തിൽ ഒത്തുതീർപ്പിനു സമ്മതിപ്പിക്കാം എന്നും പാകിസ്താൻ കരുതി
mlf_04674_00826303958	സിമി ഇതു പാലക്കാട് ജില്ലയിൽ ഉള്ള ഒരു ഡാം ആണ്
mlf_05401_00093107879	ഞാന്‍ മലയാളം വിക്കിയുടെ പൊതു നയം പറഞ്ഞു എന്ന് മാത്രം
mlf_03228_01548908715	അർക്കിയ കാർബൺ നൈട്രജൻ സൾഫർ തുടങ്ങിയ മൂലകങ്ങളുടെ പുനർചംക്രമണം പല ആവാസവ്യവസ്ഥയിൽ നടത്തുന്നു
mlf_03132_01631616724	അതിനായി താങ്കൾക്ക് താങ്കളുടെ പകർപ്പവകാശ ആശങ്കകൾ അറിയിപ്പായി ഇടാവുന്നതാണ്
mlf_03435_00693703277	ഇനിയും ഒരു ലിങ്ക് താഴെ കൊടുത്തിട്ടുണ്ട്
mlf_07754_01612383553	അച്ഛൻ ജാനകിനാഥ് ബോസ് ഒരു പ്രശസ്ത വക്കീലായിരുന്നു അമ്മ പ്രഭാവതി
mlf_03132_00073954960	അരമണ്ഡല നിലയിലിരുന്ന് മുട്ട് മടക്കി പാദം നേരെ ഉയർത്തി തറയിൽ തട്ടുന്നു
mlf_03228_00509915912	കർണാടക സംഗീതത്തിലും ഹിന്ദുസ്ഥാനി സംഗീതത്തിലും അദ്ദേഹം പ്രാവീണ്യം തെളിയിച്ചു
mlf_01130_01742512967	ആ സംഭവഗതികളുടെ അഭികാമ്യതയെക്കുറിച്ച് അദ്ദേഹം സംശയാലുവായിരുന്നു
mlf_03435_01980654460	അന്നത്തെ യുദ്ധത്തിൽ വ്യോമ ബോംബാക്രമണം ഭയന്നിട്ടാണ് ഇത് ചെയ്തത്
mlf_03228_00133681152	ഇന്ന് അതിന്റെ സ്ഥാനത്ത് സാധാരണ നിറങ്ങൾ ഉപയോഗിക്കുന്നു
mlf_03228_01259852131	അതുവരെയുണ്ടായിരുന്ന ഇസ്ലാമികശൈലി പ്രധാനമായും പേർഷ്യൻ കലയുടെ പുനരാവിഷ്കരണമായിരുന്നു
mlf_03132_00082409219	അത് ഞാന്‍ ഓര്‍ത്തഡോക്സ് സഭകള്‍ എന്ന ലേഖനത്തില്‍ കൊടുത്തിട്ടുണ്ട്
mlf_02018_00205094061	എന്നാൽ ഇത് പ്രത്യേക അവസരങ്ങളിൽ മാത്രമാണ്
mlf_03228_01324760217	പക്ഷെ അതിനെ കുറിച്ച് എനിക്കു ഒട്ടും അറിവില്ല
mlf_04720_00961889061	ആദത്തിന്റെ മുന്നറിയിപ്പിനെ അവഗണിച്ച് തോട്ടത്തിൽ ഒറ്റയ്ക്ക് വേലചെയ്യാൻ അവൾ താത്പര്യം കാട്ടി
mlf_02925_01047753179	അന്റാർട്ടിക്കിൽനിന്നു വിട്ടുപോരുന്ന ഹിമാനികൾ കിഴക്കോട്ടും വടക്കോട്ടും നീങ്ങുന്നു
mlf_05394_00781519406	അതിലേക്കായി പുരോഹിതന് മനസ്താപക്കാരനോട് ചോദ്യങ്ങൾ ചോദിക്കാവുന്നതാണ്.
mlf_08428_01156778068	അതിനുശേഷം ഗൗതമബുദ്ധൻ എന്നും ശ്രീബുദ്ധൻ എന്നും അദ്ദേഹം അറിയപ്പെടാൻ തുടങ്ങി
mlf_05401_00450951621	അന്ന്‌ മലകളും കുന്നുകളുമായിരുന്നു അടയാളങ്ങൾ
mlf_01130_00863795018	അവിടെയും അദ്ദേഹം ശാന്തി സന്ദേശം പ്രചരിപ്പിച്ചു
mlf_04674_01401705084	അതോടെയാണ് പ്രശ്നങ്ങൾക്കു തുടക്കമായത്
mlf_02321_01253581312	സംസ്കൃത സാഹിത്യത്തിൽ ബിരുദാനന്തര ബിരുദവും നേടിയിട്ടുണ്ട് അദ്ദേഹം
mlf_03182_00563320307	അടുത്തുവരുന്ന അന്ത്യത്തെ അദ്ദേഹം വിശ്വാസിയുടെ നിർമ്മമതയോടെ സമീപിച്ചു
mlf_07754_00190091599	ഏറ്റവും അടുത്തുള്ള വിമാനത്താവളം തിരുവനന്തപുരം അന്താരാഷ്ട്ര വിമാനത്താവളം
mlf_03435_00499142737	അവർ കാര്യമായ കാവലുകളില്ലാത്ത പട്ടാള ബാരക്കുകൾ ആക്രമിച്ചു.
mlf_09845_00199383133	ചുരുക്കത്തില്‍ ഇന്റര്‍നെറ്റില്‍ നിന്ന് അടിച്ചു മാറ്റി അപ്‌ലോഡ് ചെയ്യരുത്
mlf_04310_01060158307	മൂന് കിലോമീറ്ററിൽ
mlf_07754_00807115585	ഒരു വലിയ നഗരത്തിൽ ജീവിക്കാൻ എനിക്ക് ഒരാഗ്രഹവുമില്ല
mlf_06262_00358264197	ആനയെ പിന്നീട് മനുഷ്യൻ നാട്ടാനകളുടെ കൂടി സഹായത്താൽ കുഴിയിൽ നിന്നും കരയിലേക്ക് കയറ്റുന്നു.
mlf_03182_00778210673	അദ്ദേഹം കൽക്കട്ട സന്ദർശിക്കുന്ന സമയത്തായിരുന്നു
mlf_09549_01224858863	കവലയിൽ മൂന്നാമത്തെ എക്സിറ്റ് എടുക്കുക
mlf_05023_02095011007	അതിന് പകരം താൻ സത്യത്തെ കയ്യെത്തിപ്പിടിച്ചെന്ന് വിശ്വസിച്ച് അദ്ദേഹം സ്വയം പരിഹാസ്യനായി
mlf_02879_01364182614	അദ്ദേഹം താമസിയാതെ കൂടുതൽ സമയ രാഷ്ട്രീയ പ്രവർത്തനത്തിലെക്ക് ഇറങ്ങി
mlf_05401_01075938904	മലമുകളില്‍ ഒരു പഴയ ഡച്ച് കോട്ടയുടെ അവശിഷ്ടങ്ങള്‍ ഉണ്ട്
mlf_03182_01022004655	മലയാളം എന്ന വാക്ക് ഒരു കാലത്തു ദേശനാമം മാത്രമായിരുന്നു
mlf_01130_01694840250	അവയെക്കുറിച്ചറിയാൻ മംഗളം നാനാർത്ഥങ്ങൾ എന്ന താൾ കാണുക
mlf_09852_00355261760	ഈ വിഭാഗത്തിലെ പ്രധാന ലേഖനം വൃത്തം
mlf_03182_02027602327	ആദിവാസികളെ ഒഴിച്ചാൽ ഇവിടെ താമസിക്കുന്നവർ ഇന്ത്യയിലെ വിവിധ ദേശങ്ങളിൽ നിന്നും കുടിയേറിയവരാണ്
mlf_01130_01112000068	അതിനെ ഒരു പുരാതനശില്പമെന്ന മട്ടിൽ റോമിൽ കൂടിയ വിലക്ക് വിൽക്കുകയായിരുന്നു ലക്ഷ്യം
mlf_06469_01905147805	അത് അമർത്തിയാൽ എഴുത്തുപകരണം സജ്ജമാക്കുവാനുള്ള കണ്ണി ലഭിക്കും
mlf_02879_01400518701	എന്റെ അറിവ് അല്ല ഇവിടെ മാനദണ്ഡം
mlf_03132_01195799124	എന്താണ്‌ അതിനു പിന്നില്‍ എന്ന് ആര്‍ക്കും അറിയില്ല എന്നും മാത്രം
mlf_01640_02002498583	ആയിരം അടിയിൽ
mlf_02925_01993327843	ഭരതൻ എന്ന വാക്കാൽ വിവക്ഷിക്കാവുന്ന ഒന്നിലധികം കാര്യങ്ങളുണ്ട്
mlf_04310_01269665890	ഒരു കിലോമീറ്റർ കഴിയുമ്പോൾ
mlf_04674_00829505469	അതെ ഇതു തന്നെയാണ് ഞാനും പറയുന്നത്
mlf_04674_00467436360	അല്ലാതെ നമ്മൾ എഴുതുന്നത് കൊണ്ട് എന്തു പ്രയോജനം
mlf_04674_00865940383	സി ഭാഷ സ്വാധീനം ചെലുത്തിയ മറ്റു കമ്പ്യൂട്ടർ ഭാഷകൾ ഇവയാണ്
mlf_04674_00209576890	അറ്റ്‌ലാന്റിക്കിന്റെ തീർക്കടലുകൾ വിസർജ്യങ്ങൾ കലർന്ന അടിഞ്ഞ് മലിനമായിത്തീർന്നിരിക്കുന്നു
mlf_08428_01284585538	ആഗ്രയിലേക്ക് എത്തിച്ചേരാൻ ഏറ്റവും എളുപ്പ മാർഗ്ഗം ഡെൽഹിയിൽ നിന്ന് റോഡ് റെയിൽ മാർഗ്ഗമാണ്
mlf_02321_00855267135	ഇന്ത്യയുടെ തെക്കുപടിഞ്ഞാറെ അറ്റത്തുള്ള സംസ്ഥാനമാണ് കേരളം
mlf_07754_01864262242	ഒന്നുകില്‍ സത്യവേദപുസ്തകം എന്നു പറയും അല്ലെങ്കില്‍ ബൈബിള്‍ എന്നു തന്നെ പറയും
mlf_02925_01585015629	അസിന്റെ ആദ്യത്തെ വിജയചിത്രം അമ്മ നന്ന ഓ തമിള അമ്മായി എന്ന തെലുഗു ചിത്രമാണ്
mlf_09845_01369660314	ഇവിടെ ചില വിവരങ്ങളും ഒരു പുതിയ ചിത്രവും ചേര്‍ത്തിരിക്കുന്നു
mlf_01640_01678195367	വഴിയിലേക്ക് വലത് തിരിയുക
mlf_09852_01645209715	എനിക്ക് നിങ്ങള്‍ക്ക് ആവശ്യമെങ്കില്‍ കുറച്ചു പൈസ തരാന്‍ കഴിയും
mlf_01130_00758072103	അവയിൽ ചിലത് കുറച്ച് താളുകൾ മാത്രം ഉള്ളതും ചിലത് ഏതാനും വാല്യങ്ങൾ ഉള്ളതുമാണ്
mlf_07754_01022806611	അതേ ദിവസം തന്നെ രാജ്യം ഭാരതരത്ന പുരസ്കാരം നൽകി സച്ചിനെ ആദരിച്ചു
mlf_09852_00325385578	അതു എന്തു കൊണ്ട് ചെയ്തു എന്ന വിശദീകരണം ആണ്‌ ഇത്
mlf_03228_00077016946	പല ധാന്യങ്ങളും ശ്രീലങ്കക്കാർ ഇടിയപ്പത്തിൽ ചേർക്കുന്നു
mlf_02018_01673178250	ആർട്ടിക് പ്രദേശത്തെ അപേക്ഷിച്ച് അന്റാർട്ടിക്കയിൽ തണുപ്പു കൂടുതലാണ്
mlf_03228_00017112277	അവിടെ ഒരു സംന്യാസാശ്രമത്തിൽ തോട്ടക്കാരന്റെ സഹായിയായി അദ്ദേഹം കുറേക്കാലം ജോലിചെയ്തു
mlf_07754_02013647240	പുതിയ ഒരു തെളിവ് ലഭിക്കും വരെ മാത്രം
mlf_02925_00896377923	എന്ന വാക്കാൽ വിവക്ഷിക്കാവുന്ന ഒന്നിലധികം കാര്യങ്ങളുണ്ട്
mlf_04674_00526122019	അതിൻ കടത്തനാട്ടുകാർക്കാണ് അവകാശം
mlf_09845_01200295866	മൂവാറ്റുപുഴ കേരളത്തിലെ ഒരു പ്രധാന പട്ടണമാണ്
mlf_06469_01530741357	അവയിൽ എല്ലാമല്ലെങ്കിലും കുറേയധികം തരംതിരിച്ച് വാല്യങ്ങളായി പ്രസിദ്ധീകരിച്ചിട്ടുണ്ട്
mlf_03228_01761116805	അദ്ദേഹം അകത്തെ അറയിൽ ഒരു വലിയ ദീപസ്തംഭം സ്ഥാപിക്കുകയും ചെയ്തു
mlf_03132_01149085776	അപ്പോഴും അദ്ദേഹം മികച്ച സ്കോർ നേടുമെന്നതിൽ സംശയമില്ല
mlf_03132_01491446750	അറബിക്കടലിന്റെ റാണി എന്നറിയപ്പെടുന്ന കൊച്ചി ഇന്ത്യയിലെതന്നെ പ്രധാന തുറമുഖങ്ങളിലൊന്നാണ്
mlf_09549_00654278817	വടക്കുകിഴക്കോട്ട് പോവുക
mlf_02018_00312582689	ഈ ഗ്രാമം തളിപ്പറമ്പ് താലൂക്കിൽ ഉൾപ്പെടുന്നു
mlf_04310_00905821781	ഒന്നര കിലോമീറ്റർ കഴിയുമ്പോൾ
mlf_09549_00893078774	രണ്ടായി പിരിയുന്നയിടത്ത് ഇടത്തേക്ക് പോകുക
mlf_02018_00085575508	അദ്ദേഹം വൈസ്രോയ് ആയിരുന്ന കാലത്തുതന്നെ സഹോദരി ലെറ്റീഷ്യ മരിച്ചിരുന്നു
mlf_08428_01348203023	സമ്പത്തിന്റെ നടുവിലായിരുന്ന ജവഹറിന്റെ ബാല്യം
mlf_02321_01446344035	ആദ്യത്തെ രണ്ടെണ്ണം ബോളറൂടെ പിഴവിനേക്കാൾ ബാറ്റ്സ്മാന്റെ ഭാഗ്യംകൊണ്ടു നേടുന്ന റണ്ണുകളാണ്
mlf_03182_01028627444	ഇംഗ്ലീഷ് സാഹിത്യത്തിൽ മാസ്റ്റർ ബിരുദവും നേടി
mlf_03132_01593812795	കോളേജ് എന്നിവ ഇവിടെയാണ്‌ സ്ഥിതി ചെയ്യുന്നത്
mlf_02484_01061421847	താങ്കളുടെ മനസ്സില്‍ എന്താണ് എന്ന് മനസ്സിലായി
mlf_03228_01710218293	മൂലം എന്ന വാക്കാൽ വിവക്ഷിക്കാവുന്ന ഒന്നിലധികം കാര്യങ്ങളുണ്ട്
mlf_06469_00798273730	ഞാൻ ആ ലേഖനത്തിൽ ഒന്നും കാര്യമായി ചെയ്തിട്ടില്ല
mlf_04720_02122349103	പുതിയ കാമറ വാങ്ങി എന്ന് തോന്നുന്നു
mlf_06262_00030968751	ആ സ്വഭാവമുള്ള ലേഖനങ്ങള്‍ മാത്രം എഴുതുക
mlf_02879_01878161479	ദയവായി ഇവിടെ കാത്തിരിക്കൂ
mlf_03132_00391098926	അമേരിക്കയുടെ സഹായത്തോടെയാണ് ബാറ്റിസ്റ്റ ഈ നീക്കം നടത്തിയത്
mlf_02018_01257541489	അഞ്ച് ശതമാനത്തോളം താരാപഥങ്ങൾ മാത്രമേ പ്രപഞ്ചത്തിൽ ഒറ്റപ്പെട്ടതായി കണ്ടെത്തിയിട്ടുള്ളൂ
mlf_09852_01507991449	അതിലെല്ലാം പറഞ്ഞിരുന്നത് ചൈന റെക്കോഡ് കയറ്റുമതി നേടിയെടുത്തു എന്നാണ്
mlf_02321_01488988784	അക്ഷയ എന്ന പേരിൽ കമ്പ്യൂട്ടർ സാക്ഷരതാ പദ്ധതിയും സംസ്ഥാന സർക്കാർ ആരംഭിച്ചിട്ടുണ്ട്
mlf_02018_00205138663	കാരണം അവരുടെ ലിപി തന്നെ ലാറ്റിൻ ആണ്
mlf_06469_01190076489	അതിലെ പ്രക്രിയകൾ ഒക്കെ പതുക്കെ അവസാനിക്കുന്നു
mlf_03228_00831542180	അതിനുശേഷം ഈ പ്രവാഹങ്ങൾ ദക്ഷിണ അറ്റ്‌ലാന്റിക് കടന്ന് മറ്റു സമുദ്രങ്ങളിലേക്ക് ഒഴുകുന്നു
mlf_06469_01474789766	അന്ന് ഇൻഡ്യൻ ദേശീയതയുടെ നായകരായിരുന്ന നേതാക്കന്മാരെയെല്ലാം സന്ദർശിച്ചു
mlf_02321_01704786724	ആനകളൂടെ എണ്ണത്തിന്റെ കാര്യത്തിലും പന്തലുകളൂടെ മത്സരങ്ങളിലും ഒരു പോലെ ഉണ്ടായിട്ടുണ്ട്
mlf_02321_01440263644	അതിനുശേഷം കമലഹാസൻ അഭിനേത്രി ആയിരുന്ന സരികയെ വിവാഹം ചെയ്തു
mlf_03182_01332884774	അവരുടെ ഭാഗമായ നൻക്രുറി സമൂഹത്തിന്റെ ചുക്കാൻ പിടിക്കുന്നത് റാണി ലക്ഷ്മിയാണ്
mlf_01130_00450557926	അച്ചടിയുടെ മനോഹാരിത കണ്ട് അന്നത്തെ റസിഡന്റ് ന്യൂവാൾ അദ്ദേഹത്തെ അഭിനന്ദിച്ചു
mlf_06469_01880869218	അതിന്റെ ഇടതുവശത്തു ഏറ്റവും മേലെയായി യൂണിയൻ ജാക്കും സ്ഥാനം പിടിച്ചു
mlf_03228_01414494644	ഈ താൾ ഭാരതീയ ഭാഷകൾ എന്ന താളുമായി ലയിപ്പിക്കുന്നതിന് ശുപാർശ ചെയ്തിരിക്കുന്നു
mlf_02879_01573406478	ദയവായി ഈ സംവാദം താൾ കാണുക
mlf_06469_02050116187	എന്നാൽ സിമി ഒന്നു ശ്രമിച്ചു നോക്കൂ
mlf_06262_00206552945	അത് തിരുവിതാംകൂർ രാജവംശത്തിന്റെ കലാ സാംസ്കാരിക പുരോഗമന നയങ്ങളിൽ നിന്നാണ് ഉണ്ടായത് എന്ന് പറയാം.
mlf_02321_00989572817	മുന്ന് എഴുതിയത് ഒന്നു കൂടെ വായിച്ചു നോക്കുക
mlf_06469_00753687822	അറുന്നൂറോളം നെല്ലിനങ്ങൾ കേരളത്തിൽ കൃഷിചെയ്യുന്നുണ്ട്
mlf_02925_01905766385	അന്നേദിവസം രാവിലെ പതിവുകൂടാതെ അഷ്ടദ്രവ്യ ഗണപതിഹോമം നടത്തുന്നു
mlf_04674_01036129384	അതോടെ സൗദ് രാജകുടുംബം സാവധാനം ലോക നേതാക്കൾക്കൊപ്പം സ്ഥാനം പിടിച്ചു
mlf_02484_01762927784	അദ്ദേഹത്തിന്റെ കീഴിൽ ആഴ്സണൽ ആദ്യ കിരീടങ്ങൾ നേടി
mlf_03228_01994818942	അതുവഴിയും ചിത്രങ്ങളും വിവരങ്ങളും പൊതുജനങ്ങൾക്കു ലഭിക്കുന്നു
mlf_05394_01168392790	അതിനു ശേഷമുള്ള കുറെ കാലം ദ്വീപിന്റെ ചരിത്രം അജ്ഞാതമാണ്.
mlf_08428_00714345702	മലമുകളിൽ ഒരു പഴയ ഡച്ച് കോട്ടയുടെ അവശിഷ്ടങ്ങൾ ഉണ്ട്
mlf_03182_01158640021	ക്രിക്കറ്റ് ലോകകപ്പ് എന്ന വിഷയത്തെക്കുറിച്ച് അറിയണമെങ്കിൽ ക്രിക്കറ്റ് ലോകകപ്പ് എന്ന താൾ കാണുക
mlf_01640_00493535371	ഇടത് വഴിയിലേക്ക് തിരിയുക
mlf_07754_01647078317	ആ സ്ഥലത്ത് ആശുപത്രിയോ വൈദ്യന്മാരോ ഉണ്ടായിരുന്നില്ല
mlf_03132_00239788524	നെടുമുടി എന്ന പേരിൽ അറിയപ്പെടുന്ന നെടുമുടി വേണു
mlf_03182_01626272909	താങ്കൾ പറയുന്ന ആശയം തന്നെയാണ് എനിക്കും ഉള്ളത്
mlf_03182_01695420526	മധുര തമിഴ്നാട്ടിലെ ഒരു വലിയ പട്ടണമാണ്
mlf_06469_00325832880	ഞാൻ ആ പേജിൽ പോയി നോക്കി
mlf_03182_01092043140	അമിതഭക്തി കൊണ്ടും മറ്റും തിക്കും തിരക്കും നിയന്ത്രിക്കൽ നിയന്ത്രണാതീതമാവാറുണ്ട്
mlf_09549_00098782818	ചെറുതായി വലതേക്ക് വഴിതിരിയുക
mlf_02484_01312324089	ദയവായി ആ വിവരങ്ങള്‍ എത്രയും പെട്ടെന്ന് ചേര്‍ക്കുക
mlf_05401_00742012177	ഇന്ത്യയിലെ എഴുപത്തിയഞ്ച് ശതമാനം ജനങ്ങളുടേയും പ്രധാന ഭക്ഷണമാണ്‌ അരി
mlf_02484_01904104574	ഇതിനായി വിലയേറിയ ഉപകരണങ്ങള്‍ ഒന്നും ആവശ്യമില്ല
mlf_05394_01458888469	അദ്ദേഹം സിമന്റിനു പകരം എളുപ്പം ലഭ്യമായിരുന്ന ചുണ്ണാമ്പ് ഉപയോഗിച്ചു.
mlf_07754_01253099337	അതിൽ ഒന്നിന്റെ കൈകൾ ചെഗുവേരയെപ്പോലെ ഛേദിച്ചിരുന്നു
mlf_05401_01760423680	അതിനാൽ ഇംഗ്ലണ്ടിൽ നിന്നും പ്രസ്സും മദ്രാസിൽ നിന്നും അച്ചുകളും വരുത്തി
mlf_03132_01886600780	നടൻ ദിലീപുമായിട്ടുള്ള വിവാഹ ശേഷം മഞ്ജു വാര്യർ സിനിമ അഭിനയം നിർത്തി
mlf_03435_01355491207	അടുത്ത ഗോൾ കൂടി നേടിയതോടെ ബാഴ്സലോണക്ക് വേണ്ടി ഈ നേട്ടം കൈവരിക്കുന്ന താരവുമായി മാറി മെസ്സി
mlf_03228_00541810171	അധികം താമസിയാതെ ദസ്തയേവ്സ്കിയുടെ പിതാവും മരിച്ചു
mlf_06262_00950770705	ഒന്നുകില്‍ സത്യവേദപുസ്തകം എന്നു പറയും അല്ലെങ്കില്‍ ബൈബിള്‍ എന്നു തന്നെ പറയും
mlf_09845_00010604044	ആയിരക്കണക്കിന് ആരാധകർ പണം നൽകി
mlf_09549_00814174219	എന്നൂര് മീറ്ററിൽ
mlf_05401_02115972023	അത് പ്രബുദ്ധമായ ഒരു അരാജകാവസ്ഥയാണ്
mlf_09852_01894386502	അവിടെ അഗസ്തീനോസ് ഏറെക്കാലം ഹിപ്പോ രൂപതയുടെ മെത്രാനായിരിരുന്നു
mlf_03435_00189199352	ആ സമയത്തു തന്നെയായിരുന്നു രജനീകാന്ത് അഭിനയിച്ച ചന്ദ്രമുഖി എന്ന സിനിമയും പുറത്തിറങ്ങുന്നത്
mlf_06469_01274524069	ആശാരിയുടെ സഹായത്താൽ പ്രസ്സും പണികഴിപ്പിച്ചു
mlf_02321_01436457851	എറ്റവും പുതുമുഖം എന്നു വേണമെങ്കിൽ പറയാം
mlf_08428_00757307668	ആധുനിക ഭാരതത്തിലെ ആന്ധ്രപ്രദേശ് തമിഴ്‌നാട് എന്നീ സംസ്ഥാനങ്ങളെയാണ് ഹുയിൻസാങ്ങ് സൂചിപ്പിച്ചത്
mlf_03132_00410906507	അദ്ദേഹം ഇതിഹാസമാണെന്നതിൽ സംശയമേയില്ല
mlf_09852_01606159149	ആകാശഗംഗയ്ക്ക് പുറമെ ഭൂമിയിൽ നിന്ന് നിരീക്ഷിക്കപ്പെട്ട ആദ്യ താരാപഥങ്ങളാണിവ
mlf_06469_01527905607	അതിനെ ചുറ്റി നാല് പ്രാഥമിക ശാഖകൾ ക്യാമ്പിൽ നിന്ന് പുറപ്പെടുന്നു
mlf_06262_02144715652	കാനഡ മെക്സിക്കോ എന്നിവയാണ്‌ അമേരിക്കയുടെ അയല്‍ രാജ്യങ്ങള്‍
mlf_09845_00487273683	ആനകൾ എന്നും സഞ്ചരിക്കുന്ന വഴികളുടെ ഓരത്തായിരിക്കും ഇത്തരം കുഴികൾ കുഴിക്കുക
mlf_02925_01077122034	അദ്ദേഹം അവ പകർത്തി എഴുതാൻ തുടങ്ങി
mlf_07754_00739400587	ആനക്കൊമ്പ് കച്ചവടം മൂലമുള്ള വംശനാശ ഭീഷണിയാണ്‌ പ്രധാനം
mlf_02018_01173131909	അക്ബർ നിർമിച്ച രണ്ടു കോട്ടകൾ ലാഹോറിലും അലഹബാദിലുമാണ്
mlf_03132_01576989129	അലാരിപ്പ് ജതിസ്വരം ശബ്ദം വർണം പദം ജാവളി ശ്ലോകം തില്ലാന എന്നീ ഇനങ്ങളാണ് ഭരതനാട്യത്തിൽ ഉള്ളത്
mlf_04674_01398716115	ഇതിൽ എന്റെ ഒരു ചെറിയ ഒരു അപേക്ഷ കൂടി സമർപ്പിക്കുന്നു
mlf_03182_01445684175	അമേരിക്കൻ ആഭ്യന്തരയുദ്ധകാലത്ത് ജനറൽ ജോൺ ബാങ്ക്ഹെഡ് മാഗ്രൂഡറുടെ ആസ്ഥാനമായിരുന്നു ഹ്യൂസ്റ്റൺ
mlf_07754_01296822695	ഒരു ടീമിൽ പതിനൊന്ന് അംഗങ്ങളുണ്ടായിരിക്കണം
mlf_02484_01365309295	അടുത്ത സന്ദർശനം വൈക്കം സത്യാഗ്രഹത്തോടനുബന്ധിച്ച് ആയിരുന്നു
mlf_02321_02064953579	കേരള സംഗീതത്തിന്റെ ചക്രവർത്തി എന്നു അറിയപ്പെടുന്നു
mlf_03182_00620715973	ആ വർഷം തന്നെ ഒക്ടോബറിൽ തീവ്രവാദിയാണെന്ന സംശയത്തിന്റെ പുറത്ത് ബോസിനെ അറസ്റ്റ് ചെയ്തു
mlf_03182_00979873570	ഞാൻ കാണുമ്പോൾ മുതൽ ഇതു തന്നെയാണ്
mlf_02018_01318528093	കേരളത്തിലെ ഒരു ജില്ല തലസ്ഥാനം കോട്ടയം നഗരം
mlf_04720_00615708134	പ്രിയ ചള്ളിയാൻ എന്റെ സംവാദത്താളിൽ താങ്കളുടെ ഒരു സന്ദേശം കണ്ടിരുന്നു
mlf_07754_01930058131	അലങ്കാരങ്ങളിൽ ആനകളും അവയുടെ പുറത്തിരിക്കുന്ന സ്ത്രീപുരുഷ രൂപങ്ങളുമാണുള്ളത്
mlf_04310_01258714782	മുന്നൂറ്‌ യാർഡ് കഴിയുമ്പോൾ
mlf_04310_00093941035	നേരെ ഇടത്തേക്ക് തിരിയുക
mlf_06469_01929963319	അധികാരം മുകളിൽ നിന്ന് താഴേക്ക് കണ്ണിപൊട്ടാതെ പ്രവഹിച്ചു
mlf_05394_01263300318	തിരുവാതിര എന്ന വാക്കാല്‍ വിവക്ഷിക്കാവുന്ന ഒന്നിലധികം കാര്യങ്ങളുണ്ട്
mlf_01130_01475260735	അതിനടുത്ത വർഷം ഭഗത് സിംഗ് കീർത്തിയുടെ പത്രാധിപ സമിതിയിൽ അംഗമായി
mlf_09845_01973857064	അദ്ദേഹത്തിന്‌ എട്ടു വയസ്സുള്ളപ്പോൾ പിതാവ് മരിച്ചു
mlf_02321_01250007130	എന്നാൽ അവരുടെ മുഴുവൻ ചരിത്രവും നമുക്ക് ലഭ്യമല്ല
mlf_02321_01209077598	അടുത്ത ദിവസം ബൊളീവിയൻ മേധാവികളുടെ ചോദ്യങ്ങൾക്കു മറുപടി പറയാൻ ചെ തയ്യാറായില്ല
mlf_01130_01135932857	അതേസമയം എല്ലാ മതങ്ങളിലേയും നന്മയിലും അദ്ദേഹം വിശ്വസിച്ചു
mlf_02321_01970935480	പകർപ്പവകാശം എന്ന ലേഖനത്തിൽ താങ്കൾ വരുത്തിയ മാറ്റങ്ങൾ കണ്ടു
mlf_06469_00501514307	അതേസമയം ആധുനിക ഭാരതത്തിൽ വൈവിധ്യമാർന്ന അനേകം കെട്ടിടങ്ങളുടെ ആവശ്യവുമുണ്ട്
mlf_04310_01218197791	ട്രാഫിക് സർക്കിളിൽ ആദ്യത്തെ എക്സിറ്റിലൂടെ പോകുക
mlf_02484_00677836348	അന്നേദിവസം രാത്രി വില്ലുപാട്ട് എന്ന പുരാതന ഹൈന്ദവകലാരൂപം ക്ഷേത്രത്തിൽ അരങ്ങേറാറുണ്ട്
mlf_02879_02007269349	അതിനുശേഷമാണ് കുടീരത്തിന്റെ പണി തുടങ്ങിയത്
mlf_03132_01914276107	ആദിമസംസ്‌കാരങ്ങളിലെ ജ്യോതിശാസ്ത്രജ്ഞന്മാർ ചിട്ടയായ ആകാശനിരീക്ഷണങ്ങൾ നടത്തിയിരുന്നു
mlf_03182_00608787673	അതിനാൽ തന്നെ ഈന്തപ്പനയും അതിന്റെ സ്വാദിഷ്ഠമായ പഴവും ഇസ്ലാം സംസ്ക്കാരത്തിലാകെ നിറഞ്ഞു നിൽക്കുന്നു
mlf_09549_01091010084	നുറ് അടിയിൽ
mlf_07754_00332613532	അതോടെ അവിടെയുള്ള നെല്ല് കൃഷി സ്ഥലങ്ങളെല്ലാം ഔസ് ഖസ്റജ് വിഭാഗങ്ങൾ സ്വന്തമാക്കി
mlf_07754_01270114111	അമേരിക്കയിലെ വിദഗ്ദ്ധന്മാർ ഇതുവരെ അർഗ്രാരിയൻ ഭൂപരിഷ്കരണത്തെക്കുറിച്ച് ഒന്നും പറഞ്ഞിട്ടില്ല
mlf_05401_01851919279	അമ്മ ബർമ്മയിൽ ഊഹക്കച്ചവടത്തിലേർപ്പെടുന്ന ഒരു ഫ്രഞ്ചുകാരന്റെ മകളും
mlf_01130_02110434648	ആറ്റിങ്ങൽ സ്വരൂപം തിരുവിതാംകൂറിന്റെ മാതൃഗൃഹമായി കണക്കാക്കപ്പെട്ടിരുന്നു
mlf_01130_00555910768	രാവിലെ കൃത്യം ആറ് മണിക്ക് ഒരു വലിയ വാർപ്പിൽ വെള്ളം ഒഴിച്ചു തിളപ്പിക്കുന്നു
mlf_05401_01016781925	അതിനാൽ ഓരോ സമയവും അല്പാല്പമായി ഹബിൾ താഴോട്ടു വന്നുകൊണ്ടിരിക്കുന്നു
mlf_02879_02007054052	അവരുടെ കല ദൃശ്യവും ചലച്ചിത്രസമാനമായ ഒഴുക്കുള്ളതുമാണ്
mlf_04674_01864549477	അവയിൽ പ്രധാനമായിരുന്നു തൊഴിലാളി സംഘടനകളുമായി ബന്ധപ്പെട്ടത്
mlf_02879_00829106884	രാജ്യത്തെ ഏറ്റവും വലിയ നഗരവും ഇത് തന്നെയാണ്
mlf_01130_01048806343	അതിനു ശേഷം ജിണ്ടാൽ തന്റെ ഓഫീസിനു മുകളിൽ ഇന്ത്യൻ പതാക പ്രദർശിപ്പിക്കുകയും ചെയ്തു
mlf_02879_01714614695	അവിടെ വെച്ച് ഫിദൽ റൗൾ കാസ്ട്രോയുടെ സുഹൃത്തു വഴി ചെഗുവേരയെ പരിചയപ്പെട്ടു
mlf_04310_01835794907	നിങ്ങളെത്തുന്ന സ്ഥലം റോഡിന്റെ വലതുവശത്തായിരിക്കും.
mlf_04720_01163662943	കവിത എഴുതുന്ന വ്യക്തിയെ കവി എന്നു വിളിക്കുന്നു
mlf_02321_01059625900	അതുകൊണ്ട് തന്നെ ഈ ഭാഗത്തുള്ള ത്വക്കിൽ പിടിച്ചാൽ പൂച്ച വളരെ അടക്കവും ഒതുക്കവും കാണിക്കും
mlf_03182_00728501100	അതിനാൽ സംഭവചക്രവാളത്തിലെത്തുന്നതിന് തൊട്ടുമുമ്പ് വസ്തു അദൃശ്യമാകുന്നു
mlf_03132_00019149577	അകത്ത് കൊത്തി വച്ചിരിക്കുന്ന കല്ലുകൾ മാർബിൾ ജാസ്പർ ജേഡ് എന്നിവ ഉപയോഗിച്ചാണ്
mlf_02484_01056800605	അക്കാലത്ത്‌ അത്‌ ഒരു കൃതിയുടെ രൂപം പ്രാപിച്ചോ എന്നത് വ്യക്തമല്ല
mlf_04310_01526870199	പടിഞ്ഞാറുഭാഗത്തേക്ക് പോവുക
mlf_03182_01271882110	അതിനാൽ രാസഘടന അളക്കുന്നവഴിയാണ് നക്ഷത്രത്തിന്റെ വയസ്സ് നിശ്ചയിക്കാറ്
mlf_05401_00704068043	ആഘോഷങ്ങളിലെ ചടങ്ങുകൾ വിവിധമതങ്ങളിൽ വിവിധതരമാണെങ്കിലും ചില സമാനതകൾ ദർശിക്കാനാവും
mlf_09852_00417841569	അതിൽ നിന്നാണ്‌ ഇന്നുള്ള മഹാഭാരതം വളർന്നതും ഈ രൂപം പ്രാപിച്ചതും
mlf_02484_01249973201	അതിനുശേഷം ദേവസ്വമാണ്‌ നേരിട്ട് നടത്തുന്നത്.
mlf_04310_01728462843	രണ്ട്‌ കിലോമീറ്റർ കഴിയുമ്പോൾ
mlf_08428_01185949735	അണുകേന്ദ്രത്തിനു ചുറ്റുമുള്ള ഇലക്ട്രോണുകൾക്ക് ഈ പരിമാണങ്ങൾക്ക് നിശ്ചിത വിലകളേ ഉണ്ടാകൂ
mlf_05401_01897224109	അമേരിക്ക സ്വാതന്ത്ര്യവും വേഗത്തിൽ പണക്കാരനാകാനുള്ള സൗകര്യവും അവർക്ക് ഒരുക്കിക്കൊടുത്തു
mlf_06469_00492020856	മുഗൾ സാമ്രാജ്യത്തിന്റെ ഭാഗമായിരുന്ന ഹൈദരാബാദ് സ്വാതന്ത്ര്യം പ്രാപിച്ചു
mlf_03228_01297744804	അവരുടെ ദേശീയ മ്യൂസിയത്തിൽ നിന്നും വിലപിടിപ്പുള്ള പല ചിത്രങ്ങളും ആരുമറിയാതെ വിറ്റ് പണമാക്കാൻ തുടങ്ങി
mlf_04720_00868096284	ആഴ്ചയിലൊരിക്കൽ മേരി ലയോൺ നേരിട്ട് നടത്തിയിരുന്ന മതബോധനം പഠനപദ്ധതിയുടെ ഒരു പ്രധാന ഭാഗമായിരുന്നു
mlf_01640_01770030740	കവലയിൽ നാലാമത്തെ എക്സിറ്റ് എടുക്കുക
mlf_05401_00123320546	അതുവരെ അവതരിപ്പിച്ച നൃത്തങ്ങൾ ഈശ്വര സാക്ഷാത്കാരത്തിന് വേണ്ടിയാണെന്നാണ് വിശ്വസിക്കുന്നത്
mlf_09549_00158210502	നിങ്ങളുടെ ലക്ഷ്യസ്ഥാനം ഇടതുവശത്താണ്.
mlf_03435_00756008992	വേറെ ഒന്നും എനിക്ക് അവതരിപ്പിക്കാന്‍ തോന്നുന്നില്ല
mlf_09852_00332707328	അതിനാലാണ് തീവണ്ടി എന്ന പേരു കിട്ടിയത്
mlf_09852_01734019649	അമുസ്ലീങ്ങളുടെ മേൽ ചുമത്തിയിരുന്ന ജസിയ നികുതി അക്ബർ നീക്കംചെയ്തു
mlf_02018_01315221368	അതിൽ കുറഞ്ഞതോന്നുകൊണ്ടും അവർ തൃപ്തരാകുമായിരുന്നില്ല
mlf_01130_00868765332	അദ്ദേഹത്തിന്റെ കാഴ്ചയും മങ്ങാനാരംഭിച്ചു
mlf_03435_00567381098	ഇനി മറ്റേത് വേറെ വല്ല ക്ഷേത്രവും ആണോ
mlf_02018_01635240166	അനസ്തേഷ്യയിലെ പരിശീലനവും ബേക്കർക്ക് ഒരു നഴ്സിന്റെ ജോലി ചെയ്യാൻ സഹായകമായി
mlf_05401_01732540703	അതിനുശേഷം കൂറേയധികം ഉപഗ്രഹങ്ങളെ കണ്ടുപിടിച്ചത് ഈ വർഗ്ഗീകരണത്തെ കൂടുതൽ സങ്കീർണ്ണമാക്കുകയുണ്ടായി
mlf_04674_01036375521	ഇക്കാലത്ത് കോഴിക്കോട് സാമൂതിരി രാജാക്കന്മാരുടെ ഭരണത്തിൻ കീഴിലായിരുന്നു
mlf_04720_00375973376	എന്നാൽ ഇന്ന് ഇവ എണ്ണത്തിൽ വളരെയധികം കുറഞ്ഞു വരുന്നു
mlf_07754_01252420576	അവസാനം അദ്ദേഹം ക്രിക്കറ്റ് തിരെഞ്ഞെടുത്തു
mlf_02484_00465870219	അതിന്റെ നിർമ്മാണവും ശില്പങ്ങളും മൈക്കെലാഞ്ചലോയുടെ മേൽനോട്ടത്തിലായിരുന്നു
mlf_04674_00195544642	ഇപ്പോൾ ഞാൻ തിരുവനന്തപുരത്ത് ജോലി ചെയ്യുന്നു
mlf_06262_00930282336	താങ്കള്‍ ചേര്‍ത്ത പരസ്യം നീക്കം ചെയ്തിട്ടുണ്ട്
mlf_06262_01030515700	ഈ തിരുത്തല്‍ നടത്തിയത് ഞാന്‍ തന്നെ
mlf_03182_00773130790	അന്നു മുതൽ തെക്ക് നിന്നുമുള്ള ഗതാഗതം ത്വരിതമായി
mlf_03182_01028641320	അവയിലെ കുലീനനായകന്മാർ ആഗ്രഹിച്ചത് വെറുതേ ജീവിച്ചിരിക്കാനല്ല
mlf_04720_00279410964	അലങ്കാരങ്ങൾ പ്രധാനമായും മൂന്നു രീതിയിലാണ് ചെയ്തിരിക്കുന്നത്
mlf_08428_00831520281	അത്ര വ്യാപകമായി ഇല്ല എന്നാണ് ഉദ്ദേശിച്ചത്
mlf_06262_00499230176	അദ്ദേഹം കളിക്കുന്ന കാലത്ത് ക്രിക്കറ്റിൽ ഏകദിനശൈലി ആരംഭിച്ചിട്ടില്ല.
mlf_07754_02096759406	ആ സമയത്ത് വിവിധ പത്രമാസികകൾക്കുവേണ്ടി സിംഗ് ലേഖനങ്ങളെഴുതുമായിരുന്നു
mlf_03182_00147194740	ഇന്ത്യയുടെ സുവർണ്ണ കാലഘട്ടം എന്ന് മഗധ നിലനിന്ന കാലം അറിയപ്പെടുന്നു
mlf_06469_00078946058	അതുമാത്രമല്ല പതിനാറ് ലക്ഷത്തിൽ കൂടുതൽ പേർക്ക് തൊഴിൽ നൽകുന്ന ഒരു കമ്പനിയും കൂടിയാണ് ഇന്ത്യൻ റെയിൽവേ
mlf_02321_02037374540	മലബാർ പ്രദേശങ്ങളിൽ മാപ്പിള എന്നും ഉപയോഗിച്ചു കാണാറുണ്ട്
mlf_07754_00493685395	ബംഗാളി എന്ന വാക്കിനാല്‍ താഴെപ്പറയുന്ന എന്തിനേയും വിവക്ഷിക്കാം
mlf_03435_01350605636	അഹിംസയിലൂന്നിയ സത്യാഗ്രഹം എന്ന സമര സിദ്ധാന്തത്തിലൂടെ ലോകമെമ്പാടും അദ്ദേഹം ശ്രദ്ധേയനായി
mlf_06262_00148814807	ഇതു കൊണ്ട് നല്ല ഉപയോഗം ഉണ്ട്
mlf_03132_01236521746	അപ്പോഴും അദ്ദേഹം പഠിപ്പിക്കലും സുവിശേഷ പ്രഘോഷണവും തുടർന്നു
mlf_01640_01959178763	എക്സിറ്റ് സ്വീകരിക്കുക
mlf_04720_01302481521	അന്നേ തന്നെ പഴയ നിയമത്തിന്റെ വിവർത്തനം ആരംഭിച്ചിരുന്നു
mlf_02018_00691863403	അതിനാലാണ് തീവണ്ടി എന്ന പേരു കിട്ടിയത്
mlf_02879_01817442578	അറ്റ്‌ലാന്റിക് അഭിസരണം ഇതിന് നല്ല ഒരു ഉദാഹരണമാണ്
mlf_05394_00446953165	അദ്ദേഹത്തിന്റെ സഹോദരൻ മരിച്ചത് ആ ദിവസമായിരുന്നു.
mlf_01130_00513569278	ആറു വൻകരകളിൽ നിന്നുള്ള മുപ്പത്തി രണ്ട് ടീമുകളാണ് ജർമ്മനിയിൽ മാറ്റുരയ്ക്കുന്നത്
mlf_03132_00464019150	അവര്‍ ഇപ്പോള്‍ തന്നെ നന്നായി പ്രവര്‍ത്തിക്കുന്നുണ്ട്
mlf_06262_01558791183	അണുബാധ മാത്രമല്ല മറ്റ് പല ഘടകങ്ങളും ശ്വാസകോശത്തിൽ വരുന്ന ഇത്തരം മാറ്റങ്ങൾക്ക് കാരണമാകാറുണ്ട്.
mlf_08428_01790200648	അക്ബർ എന്ന വാക്കാൽ വിവക്ഷിക്കാവുന്ന ഒന്നിലധികം കാര്യങ്ങളുണ്ട്
mlf_07754_00639203715	അമേരിക്കയുടെ സഹായത്തോടെയാണ് ബാറ്റിസ്റ്റ ഈ നീക്കം നടത്തിയത്
mlf_03228_01626077260	അതിൽ ഒരു കാരണം ഞാൻ പറയാം
mlf_04720_01122770796	നേരത്തേ ഉപയോഗിച്ചിരുന്നു അത് ഇപ്പോഴും സാധിക്കുന്നു
mlf_09549_00106793382	ഇടത് ഉള്ള എക്സിറ്റ് സ്വീകരിക്കുക
mlf_02018_00297308118	പക്ഷേ സത്യൻ അഭിനയിച്ച ആ സിനിമ പുറത്തുവന്നില്ല
mlf_05401_00066386459	ആരെങ്കിലും ആ കാരണം ചേര്‍ത്താല്‍ നന്നായിരിക്കും എന്നാണ് ഉദ്ദേശിച്ചത്
mlf_02879_01273078855	പ്രതിരോധം എന്ന വാക്കാൽ വിവക്ഷിക്കാവുന്ന ഒന്നിലധികം കാര്യങ്ങളുണ്ട്
mlf_03228_01956022324	ശരിയായ പേര് അയ്യപ്പൻ പിള്ള എന്നാണ്
mlf_03182_01762100447	അടുത്ത പ്രധാന വിനോദസഞ്ചാരകേന്ദ്രമായ കൊടൈക്കനാലിലേക്ക് ഇരുന്നൂറ്റി മുപ്പത്തിയാറ് കിലോമീറ്റർ ദൂരമാണ് ഉള്ളത്
mlf_04310_01713630759	നേരേ മുന്നോട്ട് പോകുക
mlf_06469_00004604271	ഇതിൽ ഒരു വരി പോലും എഴുതാൻ ലേഖനം തുടങ്ങിയ ആൾ ശ്രമിച്ചു കാണുന്നില്ല
mlf_09549_01327722224	മുന്നൂറ്‌ യാർഡിൽ
mlf_02018_00056694605	ഇവിടെ ചില വിവരങ്ങളും ഒരു പുതിയ ചിത്രവും ചേർത്തിരിക്കുന്നു
mlf_03228_02064407568	അല്ലെങ്കിൽ സർക്കാർ ഏറ്റെടുക്കണം എന്ന നിയമം കൂടി വന്നു
mlf_08428_00132779897	മാഷെ താങ്കൾ വരുത്തിയ മാറ്റങ്ങൾ ശ്രദ്ധിച്ചു
mlf_01640_00716792923	രണ്ടായി പിരിയുന്നയിടത്ത് ഇടത്തേക്ക് പോകുക
mlf_03132_00808469215	അറബ് ലോകത്തെ ഏറ്റവും പ്രധാനപ്പെട്ട വിനോദ സഞ്ചാര കേന്ദ്രമാകാനുള്ള തയാറെടുപ്പിലാണ് സൗദി അറേബ്യ
mlf_02321_01896436765	അപ്പോളോ പരമ്പരയിലെ ആറ് വിക്ഷേപണങ്ങളിൽ നിന്നായി പന്ത്രണ്ട് പേർ ചന്ദ്രനിൽ ഇറങ്ങിയിട്ടുണ്ട്
mlf_02321_00343741273	അവരുടെ അഭിപ്രായത്തിൽ ആര്യന്മാർ ഇന്ത്യൻ ഉപഭൂഖണ്ഡത്തിലെ തദ്ദേശീയരായിരുന്നു
mlf_03182_01384473802	ആ താളിൽ ഈ വിവരങ്ങൾ ചേർത്ത് ഒരു ആമുഖം ഉണ്ടാക്കുകയും ചെയ്യാം
mlf_09852_00075214088	അടുത്ത കാലത്ത് മഴയും വെള്ളപ്പൊക്കവുമുണ്ടായ സമയത്ത് ജിദ്ദയിൽ വലിയ പ്രയാസമനുഭവപ്പെട്ടിട്ടുണ്ട്
mlf_05394_00018790759	അതിന്റെ ജനസമ്മതിമൂലം മിക്കവാറും എല്ലാവർഷവും അതിന്റെ ഒരു പുതിയപതിപ്പ് ഇറക്കേണ്ടിവന്നു.
mlf_02879_00728426579	കണ്ണൂർ കോട്ട എന്നും ഈ കോട്ട അറിയപ്പെടുന്നു
mlf_02018_01409953973	അനുഭവ പരിജ്ഞാനമാണ് ബ്രാഡ്മാന്റെ കളിയെ വികസിപ്പിച്ചത്
mlf_02321_01533286742	വടക്കന് പറവൂർ എന്ന് ഒരു ലേഖനം ഉണ്ടല്ലോ
mlf_06469_02064309565	അവയെക്കുറിച്ചറിയാൻ ഉള്ളൂർ നാനാർത്ഥങ്ങൾ എന്ന താൾ കാണുക
mlf_03435_00256255037	കൂടുതല്‍ വിവരങ്ങള്‍ ഈ താളില്‍ നിന്നു ലഭിക്കും
mlf_05401_00641045848	അവർക്ക് താമസം ഒരുക്കിയിരുന്നത് ചാലക്കുടിപ്പുഴയുടെ തീരങ്ങളിലായിരുന്നു
mlf_04674_01300369856	ഭൂമിയിലെ ഒരു മാസം അവർക്ക് ഒരു ദിവസം ആകുന്നു
mlf_03435_00797765041	അമ്മ ആനാ ഡെബോറ, ബറൂക്കിന് ആറുവയസ്സുള്ളപ്പോൾ മരിച്ചു.
mlf_03182_01817430686	അന്റാർട്ടിക്കയിൽ സ്ഥിരമായ മനുഷ്യവാസം ഇല്ല
mlf_03228_00190253500	ആഫ്രിക്കൻ ആനകളും ഏഷ്യൻ ആനകളും രണ്ട് വ്യത്യസ്ത വംശങ്ങളാണ്
mlf_06469_00650969991	അത് അവളുടേതാണ്
mlf_03182_00150700984	അദ്ദേഹത്തിന്റെ കഴിവ് ബാർസലോണ വളരെ വേഗം തിരിച്ചറിഞ്ഞു
mlf_02321_00539874330	അടിമകളെയും കടൽക്കൊള്ളക്കാരെയും ദേശദ്രോഹികളെയും കൊല്ലാൻ കുരിശിലേറ്റൽ ഉപയോഗിച്ചിരുന്നു
mlf_04674_00127252209	അത് താങ്കളെ സഹായിക്കും എന്ന് കരുതുന്നു
mlf_05401_00116892797	ചന്ദ്രനില്‍ അന്തരീക്ഷം ഇല്ല എന്നു തന്നെ പറയാം
mlf_03182_00857733166	പിന്നീട് അദ്ദേഹം വിവിധ സ്ഥലങ്ങൾ സന്ദർശിച്ചു
mlf_01130_00582669107	അദ്ദേഹത്തിന്റെ ജീവിതകാലത്തെക്കുറിച്ച് വ്യത്യസ്തമായ അഭിപ്രായങ്ങളുണ്ട്
mlf_06262_00900826423	കാസര്‍ഗോഡ് ജില്ല യിലെ ഒരു മലയോര ഗ്രാമം
mlf_01130_01267743452	പക്ഷെ ഇതിന്റെ ഒന്നും പരിഭാഷ ചരിത്രം അറിയില്ല
mlf_02321_02005901486	അധികാരം പിൻഗാമിയായിരുന്ന സഹോദരൻ റൗൾ കാസ്ട്രോക്ക് കൈമാറി
mlf_05023_00782939632	പെരിയാർ തടാകം ഇതിന് തെക്കു ഭാഗത്തായി കാണപ്പെടുന്നു
mlf_01640_01469468967	വലത് എക്സിറ്റ് സ്വീകരിക്കുക
mlf_04310_01672628218	ട്രാഫിക് സർക്കിളിൽ നാലാമത്തെ എക്സിറ്റിലൂടെ പോകുക
mlf_01640_01772869653	നിങ്ങൾ എത്തിച്ചേർന്നു.
mlf_03228_01688098142	ഭാരതീയ ഗണിത ശാസ്ത്ര സംബന്ധിയായ ലേഖനങ്ങൾ
mlf_02321_01824851939	വയലാർ ആലപ്പുഴ ജില്ലയിലെ ഒരു ഗ്രാമം
mlf_02925_00140873759	കേരള സാഹിത്യ അക്കാദമി കേന്ദ്ര സാഹിത്യ അക്കാദമി പുരസ്കാരങ്ങൾ അദ്ദേഹത്തിനു ലഭിച്ചിട്ടുണ്ട്
mlf_06469_01669910809	ആധുനിക നിക്കോബാറിന്റെ പിതാവായി പരേതനായ ബിഷപ്പ് ജോൺ റിച്ചാർഡ്സൺ ആദരിക്കപ്പെടുന്നു
mlf_06469_00850516505	അത്ര പ്രാധാന്യമില്ലാത്ത വിവരങ്ങളും ആർക്കും നേരിട്ട് ലഭിക്കാവുന്നതാണ്
mlf_02018_01088493834	അവർക്ക് പാലും ഉച്ചഭക്ഷണവും സമ്മാനമെന്ന രീതിയിൽ കുളിക്കാനായി സോപ്പുകളും നൽകിയിരുന്നു
mlf_07754_00726229489	അദ്ദേഹത്തിന്റെ പ്രേമബന്ധങ്ങൾ മിക്കവയും യുവാക്കളുമായായിരുന്നു
mlf_06262_01515666018	അതിനു ശേഷം പതിനെട്ട് മാസം ആ പതിപ്പിന് സഹായങ്ങളും ലഭ്യമാണ്.
mlf_04720_00482206365	അതായത് ഏതുതരം തമോദ്വാരങ്ങളുടെ രൂപവത്കരണവും മൗലികതമോദ്വാരങ്ങളെ ഉപയോഗിച്ച് വിശദീകരിക്കാം
mlf_03228_01102896791	ഞാൻ തിരിച്ചുവരും
mlf_03132_02118854356	ഞങ്ങള്‍ അവിടെ മൂന്ന് മാസം താമസിച്ചു
mlf_09845_00478486542	അമ്മപ്പൂച്ചയുടെ വാലും ഇങ്ങനെ പൂച്ച തട്ടിക്കളിക്കാറുണ്ട്
mlf_03228_00935367017	ആനക്കൂട്ടത്തിലെ എല്ലാ ആനകളും ബന്ധുക്കളായതിനാൽ ആനയെ പരിപാലിക്കാൻ ആയകളുടെ ഒരു കുറവും ഉണ്ടാകാറില്ല
mlf_03228_00284077988	അതിനൊപ്പം വ്യതിരിക്തമായൊരു ചരിത്രവീക്ഷണവും ദൈവസങ്കല്പവും അദ്ദേഹം അവതരിപ്പിക്കുന്നു
mlf_03435_00768075456	അദ്ദേഹം സ്ഥാപിച്ച ഏഴു പള്ളികള്‍ ഇവയാണ്
mlf_02018_01801228909	ആനോഡിലെ വോൾട്ടേജ് കാതോഡിലേതിനെക്കാൾ കൂടുതലാണെങ്കിലും ഗ്രിഡിലേതിനെക്കാൾ അല്പം കുറവായിരുന്നു
mlf_04310_00440984716	അര മൈൽ കഴിയുമ്പോൾ
mlf_05394_01770960782	ആ സംഭവത്തെ ഓർക്കുന്നതാണ് രണ്ടു മലകൾക്കിടയിലൂടെയുള്ള നടത്തം.
mlf_01640_00559585215	വലത് നേരിയ
mlf_02879_01952838516	അവൾ ഒരു കടയിൽ നിന്ന് മറ്റൊന്നിലേക്ക് പോയി
mlf_05394_00953400603	അതിനാൽ പത്രങ്ങൾ അദ്ദേഹത്തിനെതിരായി ധാരാളം കഥകൾ പ്രസിദ്ധീകരിച്ചു.
mlf_02321_00643284177	ജോൺ നേതൃത്വം നൽകിയ മന്ത്രിസഭ നിലവിൽ വന്നു
mlf_05401_01821144508	ഈ രേഖകള്‍ പ്രകാരം ആദി ശങ്കരന്‍ പെരിയാറിന്റെ തീരത്ത് കാലടി എന്ന ഗ്രാമത്തിലാണ് ജനിച്ചത്
mlf_03228_01362819611	ഒട്ടനവധി കമ്യൂണിസ്റ്റ് തൊഴിലാളി നേതാക്കൾ ഉയർന്നു വന്നിട്ടുണ്ട്
mlf_06469_01275873068	അവയെക്കുറിച്ചറിയാൻ പ്രതിരോധം നാനാർത്ഥങ്ങൾ എന്ന താൾ കാണുക
mlf_05394_00386225013	കോട്ടയം ജില്ലയിലുള്ള ഒരു ചെറിയ പട്ടണമാണ്‌ പൂഞ്ഞാര്‍
mlf_02879_00601365892	ആനയുടെ ഭാരം കാരണം പാദങ്ങൾക്ക് വീതി കൂടുതലായിരിക്കും
mlf_03182_02129008550	കൊച്ചി അന്താരാഷ്ട്ര വിമാനത്താവളം ആണ് ഏറ്റവും അടുത്തുള്ള വിമാനത്താവളം
mlf_03132_00661829902	അർണ്ണോസ് പാതിരി ഇവിടത്തെ പള്ളിയിലാണ് ആദ്യം പ്രവർത്തനം ആരംഭിച്ചത്
mlf_03228_00631505112	അതേത്തുടർന്ന് ജോൺസൺ കത്തോലിക്കാ സഭയിലേക്ക് പരിവർത്തിതനായി
mlf_03228_01516201810	ഈ പരിപാടി കുറച്ചു നാൾ ആയി തുടരുന്നു
mlf_04674_01357407979	ഗാന്ധിജി എന്ന വ്യക്തിയെപ്പറ്റി എഴുതുമ്പോൾ വിമർശനം എന്ന ഭാഗം അത്യാവശ്യം തന്നെ
mlf_02484_01711725045	ഇതു കൂടാതെ സാധാരണ ജനങ്ങളെ പ്രതിനിധീകരിക്കുന്ന ഒരു സഭയും ഉണ്ടായിരുന്നു
mlf_03228_00309089125	പത്താം വയസിൽ ശാസ്ത്രീയ സംഗീതം അഭ്യസിച്ചു തുടങ്ങി
mlf_03435_01532863565	അൻസ്വാറുകൾ ഭൂവുടമകളും സ്വത്തുടമകളുമായിരുന്നു
mlf_09845_02023197531	അമാവാസിയോടടുത്ത ദിനങ്ങളിലാണ് ഇത് കൂടുതൽ വ്യക്തമായി കാണാനാവുക
mlf_03435_01325290494	അതുകൊണ്ട് ഉത്തരവാദിത്തങ്ങൾ വിഭജിച്ച് പോകുമായിരുന്നില്ല
mlf_04674_00099366621	ബംഗാളി എന്ന വാക്കിനാൽ താഴെപ്പറയുന്ന എന്തിനേയും വിവക്ഷിക്കാം
mlf_06469_01891581105	അയാൾക്ക് വട്ടാണെന്ന് ഞാൻ പറഞ്ഞപ്പോൾ സുബോധത്തിൽ നിന്ന് ദൈവം എന്നെ രക്ഷിക്കട്ടെ എന്ന് അയാൾ പറഞ്ഞു
mlf_03182_01396192936	അബ്രാഹം തന്നെ മറ്റുള്ളവർ മനസ്സിലാക്കണമെന്ന് ആഗ്രഹിക്കുമ്പോഴാണ് പ്രശ്നം വരുന്നത്
mlf_02925_00056493120	അവയാണ് പിന്നീട് അസ്തിത്വവാദമനശാസ്ത്രത്തിന് അടിസ്ഥാനമായത്
mlf_09845_00447709329	ആറുമീറ്റർ ഉയരമുള്ള മണ്ഡപത്തിൽ പടുത്തുയർത്തിയ സമചതുരാകൃതിയിലുള്ള ഒരു ക്ഷേത്രമാണിത്
mlf_06469_00256632947	അതികഠിനമായ പേശി വേദന കാരണം തന്നെ ഒന്ന് മുടി ചീകാനോ മുഖം വടിക്കാനൊ അദ്ദേഹത്തിനായില്ല
mlf_05401_00718542869	ബ്ലോക്ക് വേണം എന്നു തന്നെ എന്റെ അഭിപ്രായം
mlf_02018_00530218461	അവിടെ ഒരു കാര്യാലയവും സ്ഥാപിച്ചു
mlf_03228_01981594494	ഇതിൽ ഏതു വേണം എന്നൊരു ചർച്ച ഇവിടെ നടക്കുന്നുണ്ട്
mlf_04310_02025136534	പ്രശ്നം എന്താണെന്നു വിവരിക്കുക
mlf_05394_00904732401	അദ്ദേഹം ഒരു കന്നാന്റെയും തട്ടാന്റെയും സഹായത്തോടെ അഞ്ഞൂറ് അച്ചുകൾ വാർത്തെടുത്തു.
mlf_04720_00471453438	ഇങ്ങനെ കുറെ ഒറ്റവരി ലേഖനങ്ങൾ കണ്ടപ്പോൾ എന്റെ അഭിപ്രായം പറഞ്ഞു എന്നു മാത്രം
mlf_03132_00210199743	അതിനാൽ മഴ പെയ്താൽ ജിദ്ദയിൽ വെള്ളപ്പൊക്ക സാധ്യത കൂടുതലാണ്
mlf_02879_00294651971	കോട്ടയം ആസ്ഥാനം ആക്കി ആണ് പത്രം പ്രവർത്തിക്കുന്നത്
mlf_04310_00665275401	നാനൂറ് മീറ്റർ കഴിയുമ്പോൾ
mlf_02925_00796837179	ഇതിൻറെ നീളം ഏകദേശം ഒരു മീറ്റർ കാണും
mlf_03182_01853981942	ആഭ്യന്തര ജല ഉപഭോഗം പ്രതിവർഷം ആളൊന്നിന് ഇരുന്നൂറ്റിയമ്പത് ലിറ്ററാണ്
mlf_01130_00950025775	ആ വർഷം തന്നെ തെനാലി എന്ന ഹാസ്യപ്രധാനമായ സിനിമയിലും കമലഹാസൻ അഭിനയിച്ചു
mlf_07754_01774544769	അദ്ദേഹം അറിയപ്പെടുന്ന ഒരു കവി ആയിരുന്നു
mlf_04720_00772728613	പിന്നീട് വള്ളപ്പാട്ടും പാടി ക്കൊണ്ട് വള്ളസദ്യ ഉണ്ണാൻ ഊട്ടുപുരയിലേയ്ക്ക് പോകുന്നു
mlf_02321_01669049584	ആനക്കൊമ്പ് കച്ചവടം മൂലമുള്ള വംശനാശ ഭീഷണിയാണ് പ്രധാനം
mlf_04310_00926195234	റാമ്പിലേക്ക് ഇടത്തോട്ട് തിരിയുക
mlf_06469_00072299116	അപ്പീൽ കോടതിയുടെ വിധി സുപ്രീംകോടതി ശരിവെച്ച ശേഷമാണ് ശിക്ഷ നടപ്പാക്കുക
mlf_03182_00758362714	ആകാശംമുട്ടെ വളർന്ന വാമനൻ തന്റെ കാൽപ്പാദം അളവുകോലാക്കി
mlf_03435_01887212791	അതു പോലെ കെട്ടു പിണയാത്ത പാദരക്ഷകളും ധരിക്കണം
mlf_03228_01066900743	അമൃത്സറിൽനിന്ന് ഇവരെ അനുഗമിക്കുന്നതിന് മറ്റൊരു സംഘവും ഉണ്ടായിരുന്നു
mlf_02018_01693338937	ചെമ്മീൻ എന്ന വാക്കാൽ വിവക്ഷിക്കാവുന്ന ഒന്നിലധികം കാര്യങ്ങളുണ്ട്
mlf_02321_01971629381	അത് കർശനവും ശിക്ഷകൾ നിറഞ്ഞതും അച്ചടക്കത്തിലൂന്നിയതും ആയിരുന്നു
mlf_03132_00471712296	ആദത്തിന്റെ പക്കലേയ്ക്കു പോകാൻ ദൈവം നിർദ്ദേശിച്ചതിനു ശേഷമാണ്‌ അവൾ തന്റെ നിഴലിനെ വിട്ടുപോയത്
mlf_06262_02083963716	അതേ വർഷം നവംബറിൽ എമിലിയുടെ സഹോദരി വിന്നിയും അതേവഴി പിന്തുടർന്നു.
mlf_05401_01787335115	ആധുനികവൽക്കരണത്തിനും സാമ്പത്തികവികസനത്തിനും ഇതാണ് നല്ലതെന്ന് ഇക്കാലത്ത് വിലയിരുത്തപ്പെട്ടു
mlf_02879_00222565046	ബാക്കി ഒക്കെ മുമ്പ്പറഞ്ഞത് തന്നെ
mlf_04310_00324912711	മുക്കാൽ മൈൽ കഴിയുമ്പോൾ
mlf_02321_01263848704	എങ്കിലും ഈ പുസ്തകത്തിന്റെ ആധികാരികത പലരും ചോദ്യം ചെയ്യുന്നു
mlf_05401_01263480929	ലേഖനത്തില്‍ നിന്നും നീക്കം ചെയ്ത ഭാഗങ്ങള്‍ തല്‍ക്കാലം ഇവിടെ ചേര്‍ത്തിരിക്കുന്നു
mlf_01130_00926327210	അൽ ഇത്തിഹാദ് അൽ അഹ്ലി എന്നിവ ജിദ്ദയിലെ അറിയപ്പെടുന്ന ക്ലബ്ബുകളാണ്
mlf_01640_00379825256	ഇരുനൂറ്‌ മീറ്ററിൽ
mlf_09549_01869749743	ഇടത് തിരിയുക
mlf_02484_01779815349	ഇപ്പോള്‍ ഒരു മലയാള പത്രത്തില്‍ ജോലി ചെയ്യുന്നു
mlf_03132_01596461761	ആദ്യതലമുറ ഉപകരണങ്ങളും സാമ്പത്തിക സഹായവും ഇ_letter എസ്_letter എ_letter നൽകാമെന്നേറ്റു
mlf_01130_01737070312	അവ രക്തത്തിലെ ജലത്തിന്റെ അംശം കുറയ്ക്കുന്നത് വഴിയാണ് രക്തസമ്മർദ്ദം നിയന്ത്രിക്കുന്നത്
mlf_03182_00691017660	ജഗതി എന്ന വാക്കിനാൽ താഴെപ്പറയുന്ന എന്തിനേയും വിവക്ഷിക്കാം
mlf_02925_01253693128	അവയെക്കുറിച്ചറിയാൻ മൂലം നാനാർത്ഥങ്ങൾ എന്ന താൾ കാണുക
mlf_07754_01121628867	അതുകൊണ്ടുതന്നെ രോഗാണുവേതെന്നു നിർണയിക്കാനുള്ള പരിശോധനകൾ നടത്തേണ്ടതും മിക്കപ്പോഴും ആവശ്യമായി വരാം
mlf_02484_00267871635	അമേരിക്കയും ക്യൂബയും തമ്മിലുള്ള ബന്ധം നാൾക്കുനാൾ മോശമായി വന്നു
mlf_02321_01461956622	അമേരിക്കയുടെ ശത്രുരാജ്യമായ ഇറാനുമായി നയതന്ത്ര ബന്ധങ്ങൾ ആരംഭിച്ചു
mlf_05023_00259128060	അതുകൊണ്ടുള്ള വിരോധമായിരുന്നു ഈ തീരുമാനമെടുക്കാൻ കാരണം
mlf_03435_01049554323	ഈ താളിലെ സം‌വാദം ദയവായി ശ്രദ്ധിക്കുക
mlf_09845_01710713899	ആളുകൾ സൈക്കിളുകൾ മോട്ടോർ സൈക്കിളുകൾ സ്കൂട്ടറുകൾ കാറുകൾ മുതലായവ ഉപയോഗിക്കുന്നു
mlf_02484_01481500419	ജുമുഅ മുസ്ലിം എന്ന വാക്കാല്‍ വിവക്ഷിക്കാവുന്ന ഒന്നിലധികം കാര്യങ്ങളുണ്ട്
mlf_03132_01509299258	കോഴിക്കോട് ആണ് അടുത്തുള്ള മറ്റൊരു വിമാനത്താവളം
mlf_03182_00571347327	അതിനാൽ ചന്ദ്രനിൽ യഥാർത്ഥത്തിൽ എത്ര ജലം ഉണ്ട് എന്ന ചോദ്യത്തിന് ഇനിയും ഉത്തരമായിട്ടില്ല
mlf_09845_01187080074	ഇതിന്റെ ആരംഭമാണ് വേദകാല ശൈലിയിൽ കാണുന്നത്
mlf_02484_01760455042	അവതരിപ്പിക്കാനുള്ള സൗകര്യത്തിനു വേണ്ടി കുറച്ച് കാര്യങ്ങൾ പരമ്പരയിൽ കൂട്ടിച്ചേർത്തിരുന്നു
mlf_02925_01349801099	ആദ്യടെസ്റ്റിൽ ഓസ്ട്രേലിയ പത്ത് വിക്കറ്റിന് പരാജയപ്പെട്ടു
mlf_02879_01535249698	ആ സമയത്ത് ബർമ്മയിലെ സ്ഥിതിഗതികൾ ആകെ മാറി ബർമ്മ വിട്ടൊഴിയാൻ ജപ്പാൻ സേനകൾക്ക് ഉത്തരവ് കിട്ടി
mlf_06469_01344737242	കോഴിക്കോട് നഗരം എന്ന താൾ ഈ ലേഖനവുമായി ലയിപ്പിക്കുന്നതിന് ശുപാർശ ചെയ്തിരിക്കുന്നു
mlf_06262_01967481619	ആ സമയത്ത് വിവിധ പത്രമാസികകൾക്കുവേണ്ടി സിംഗ് ലേഖനങ്ങളെഴുതുമായിരുന്നു.
mlf_02484_01877737030	അലിദർവാസ പോലെയാണ് ഇതും നിർമിച്ചിട്ടുള്ളത്
mlf_06262_00598515438	ഭാരതത്തിന്റെ സ്വന്തം സസ്യം എന്നതു കൊണ്ട് എന്താണ്‌ ഉദ്ദേശിക്കുന്നത്
mlf_02321_00862554409	കൂടാതെ മറ്റ് ധാരാളം വിദ്യാഭ്യാസ സ്ഥാപനങ്ങൾ ഇവിടെയുണ്ട്
mlf_03182_00088555966	അബ്ദുമനാഫിന്റെ മകൻ സൌർ ജനിച്ച സ്ഥലമായതിനാലാണ് ആ പ്രദേശത്തിന് പ്രസ്തുത പേര് ലഭിച്ചത്
mlf_04310_00341885120	അന്‍പത്ത് അടി കഴിയുമ്പോൾ
mlf_06262_00586258589	അതിൽ ഏറ്റവും കുറവ് ചൈനീസ് ഭാഷ സംസാരിക്കുന്നവരാണ്.
mlf_02879_00223991115	എല്ലായിടത്തും ഈ രീതി തന്നെ കാണുന്നു
mlf_03182_00935480832	അവിടങ്ങളിൽ വെച്ച് മാവോ റെഡ് ആർമി എന്നു പേരിട്ടു വിളിക്കുന്ന തന്റെ സൈന്യം രൂപീകരിച്ചു
mlf_02879_01366661816	അതോടെ ബുദ്ധമതം സാധാരണ ജനങ്ങൾക്കിടയിൽ വ്യാപകമായിത്തുടങ്ങി
mlf_06469_01386414454	അപ്പോഴേക്കും കോൺക്രീറ്റ് സൗധങ്ങൾക്കെതിരെ ചിന്തിക്കുന്ന ഒട്ടേറെപ്പേർ രംഗത്തുവന്നു
mlf_03435_01598166338	താമസിയാതെ സര്‍വ്വകലാശാലയില്‍ നിന്നും അദ്ദേഹത്തെ പുറത്താക്കി
mlf_06469_01024981555	അദ്ദേഹത്തിന് പെട്ടെന്ന് ലാഹോറിലേക്കെത്താനിയില്ല
mlf_03228_00043692796	അരി കൊണ്ടുണ്ടാക്കുന്ന ഒരു ഭക്ഷണവിഭവമാണ് ബിരിയാണി
mlf_02879_01441571121	അവൾ അതു ഭക്ഷിക്കുകയും കുറേ ആദത്തിനായി കൊണ്ടുപോവുകയും ചെയ്യുന്നു
mlf_05401_02045771192	ജില്ലയിലെ ഒരു പ്രധാന വിനോദസഞ്ചാര ആകര്‍ഷണമാണ് ഈ സ്ഥലം
mlf_06469_00855239131	പ്രധാന താളിൽ കണ്ണി കൊടുക്കുക തന്നെ വേണം
mlf_02484_01143701755	കൂടുതലായും സംസ്കൃതം ആയിരുന്നു ഇങ്ങനെ ഉപയോഗിച്ചിരുന്നത്
mlf_03228_01284433757	അതോടേ ചിന്നയായി റോമിന്റെ ഏക കോൺസുൾ
mlf_06262_01406774116	അഫ്ഗാൻ യുദ്ധം കാരണം ജോലി കിട്ടുക എന്നതും ബുദ്ധിമുട്ടായിരുന്നു.
mlf_03228_01301819852	ഇതു നൂറ്റാണ്ടുകൾ പഴക്കം ഉള്ള ഒരു പുരാതന ക്ഷേത്രമാണ്
mlf_02321_00088826014	പരിസ്ഥിതി പ്രശ്നങ്ങൾ ഇവിടെ ഇതുവരെ ഇല്ല
mlf_04674_01441584808	അവന് നീന്താൻ കഴിയും
mlf_01130_02118448228	ഇവർ അനേകം വിശിഷ്ട ഗാനങ്ങൾ രചിച്ചിട്ടുണ്ട്
mlf_02321_01893506105	അപ്പോൾ മെസ്സിയുടെ പ്രായം പതിനേഴ് വർഷവും പത്ത് മാസവും ഏഴ് ദിവസവുമായിരുന്നു
mlf_03182_02016967308	അതായത് ഭക്ഷണം കണ്ടെത്താനും സ്വന്തം രക്ഷയ്ക്കും മറ്റും ഒരു പൂച്ച മറ്റൊരു പൂച്ചയെ ആശ്രയിക്കില്ല
mlf_03435_00534313439	അയോ കഴിഞ്ഞാൽ സൗരയൂഥത്തിൽ ഏറ്റവും സാന്ദ്രതയേറിയ ഉപഗ്രഹമാണ്‌ ചന്ദ്രൻ.
mlf_04310_00234412716	നിങ്ങളുടെ സ്ഥലത്തെത്തും
mlf_03435_01343017319	അസംസ്കൃത പദാർത്ഥങ്ങൾ വീടുകളിൽ തന്നെയുള്ള ചൂളകളിൽ ഇട്ടാണ് ഉരുക്കിയിരുന്നത്
mlf_07754_01724237117	ഈ കണ്ണി ഒന്നു ശ്രമിച്ചു നോക്കൂ
mlf_05023_00868338991	അമേരിക്കൻ ഭരണക്രമത്തെ മൂന്നായി തിരിക്കാം
mlf_06469_00887455561	അതിനാൽ മോഹൻദാസിന്റെ പ്രാഥമിക വിദ്യാഭ്യാസം രാജ്കോട്ടിലായിരുന്നു
mlf_02321_02110198818	അഞ്ചുമാസത്തിനകം കീറ്റ്സ് റോമിൽ മരിച്ചു
mlf_06469_02015178747	അതിനായിട്ടാവണം അത് മുങ്ങിപ്പോകാതിരിക്കാനുള്ള മുൻകരുതൽ എന്ന നിലയിൽ തീരത്തേക്കെത്തിയത്
mlf_03132_00969687743	അതിനോടനിബന്ധിച്ച് ഒരു വാരം സേവനവാരമായും കൊണ്ടാടുന്നു
mlf_03132_01295683947	അങ്ങനെ ബംഗ്ലാദേശ് യുദ്ധക്കെടുതിയിൽ നരകിക്കുകയായിരുന്നു
mlf_06262_00829589012	അനാഥരായ ആ കുട്ടികളെ മക്കളില്ലായിരുന്ന അമ്മാവനായിരുന്നു പിന്നീട്‌ വളർത്തിയത്‌.
mlf_04720_01048810375	അതുകൊണ്ടു തന്നെയാണ് മഹാഭാരതം ഹിമാലയത്തോടും സമുദ്രത്തോടും ഉപമിക്കപ്പെടുന്നത്
mlf_01130_00083214416	അതോടെ ഒക്ടേവിയന് ആ സ്ഥലങ്ങളുടെ നിയന്ത്രണാധികാരവും കൈവന്നു
mlf_06262_00090243843	അവിടെയുള്ള ഒരു വൃക്ഷത്തിന്റെ ചുവട്ടിൽ വെച്ചായിരുന്നു മുഹമ്മദ്‌ നബി പ്രതിജ്ഞയെടുത്തത്‌.
mlf_06469_00214732713	അത് ഒക്കെ തന്നെ യാക്കോബായ സഭ ഉപയോഗിക്കുന്ന പേരുകൾ ആണ്
mlf_02321_01188010299	അലങ്കാരങ്ങളിൽ കാണുന്ന മാറ്റമാണ് മറ്റൊരു പ്രത്യേകത
mlf_04310_01671378192	നിങ്ങളെത്തുന്ന സ്ഥലം റോഡിന്‍റെ വലതുവശത്തായിരിക്കും.
mlf_02321_01106401982	ഇതിനു ഹീലിയം ഫ്ലാഷ് എന്നു പറയുന്നു
mlf_03435_00526192822	ആഗോള സുറിയാനി സഭയുടെ ഭാഗമാണ് ഈ സഭ
mlf_08428_00276658604	അതായത് ആനകളുടെ ജനസംഖ്യ കൂടിയിരിക്കുന്നു
mlf_03228_01729097298	അവരുടെ സൗഹൃദത്തെക്കുറിച്ചുള്ള കഥകൾ ശരിയാണോ എന്ന് നിശ്ചയിക്കാനുള്ള വിവരങ്ങൾ നമുക്കിന്നില്ല
mlf_04720_00044427583	അദ്ദേഹമാണ് വിശുദ്ധ സ്റ്റീഫന്റെ പേരിലുള്ള പള്ളിയ്ക്ക് ശിലാസ്ഥാപനം നടത്തിയത്
mlf_09845_02120466510	അതായത്‌ ഒന്നില്‍ കൂടുതല്‍ ഉണ്ട്‌ അഥവാ രണ്ട്‌ ഉണ്ട്‌
mlf_07754_00369367145	റോമന്‍ കത്തോലിക്കാ മതം ആണ് പ്രധാന മതം
mlf_01130_00313829887	ആനകൾക്കായി ഒരു ദേശീയോദ്യാനം തയ്യാറാക്കുന്നതിന് തടസ്സങ്ങൾ ഒരുപാടുണ്ട്
mlf_03182_01644774460	മതപരമായ പക്ഷപാതം ഏതെങ്കിലും പ്രത്യേക മതത്തിന്റെ കാഴ്ചപ്പാടിൽ മാത്രം കാര്യങ്ങൾ നോക്കുന്ന തരം പക്ഷപാതം
mlf_02321_00358442728	അടികൾ ക്ഷേത്രത്തിൻറെ ചുമതല മൂന്ന് മഠങ്ങൾക്കായി പങ്കുവച്ചിരുന്നു
mlf_03182_00112818242	എതിരഭിപ്രായങ്ങൾ ഉണ്ടെങ്കിൽ ദയവായി അറിയിക്കുക
mlf_03182_01290981343	മാഷെ ഇവര് മാത്രമല്ല വേറെയും ആളുകൾ വന്നിട്ടുണ്ട്
mlf_01130_00651844550	അതിനിടയിൽ ഇന്ത്യ സ്വതന്ത്രമാവുകയും സാലിം അലി ബി എൻ എച്ച് എസ്സിന്റെ തലവനാവുകയും ഒക്കെ ചെയ്തു
mlf_02879_00142940449	പ്രത്യേകിച്ച് ഒരു അഭിപ്രായം എനിക്ക് തോന്നുന്നില്ല
mlf_01640_01358733903	നേരിയ ഇടത്
mlf_06262_01276092929	അവയുടെ ശരീരപ്രകൃതിയും മാതൃ-പിതൃ ജനുസ്സുകളുടെ ശരീരപ്രകൃതികൾ കലർന്നതായിരിക്കും.
mlf_06469_01951634315	അഞ്ച് തരം വസ്ത്രങ്ങൾ ഉൾപ്പെട്ടതാണ് ഭരതനാട്യത്തിന്റെ വസ്ത്രധാരണം
mlf_02321_01890763437	അക്കൊല്ലം ഏപ്രിലിൽ ഒരു കൂട്ടം വ്യവസായ നയതന്ത്ര പ്രതിനിധികളുമായി കാസ്ട്രോ ഒരു ലോക പര്യടനം നടത്തി
mlf_04310_01852216644	ട്രാഫിക് സർക്കിളിൽ പ്രവേശിക്കുക
mlf_04720_01108330947	ആഹാരസാധനങ്ങൾ മാത്രമല്ല പല ഔഷധങ്ങളും കേടുകൂടാതെ സൂക്ഷിക്കാനായി സൾഫൈറ്റുകൾ ചേർക്കുന്നുണ്ട്
mlf_01640_01278176454	വഴിയുപയോഗിക്കുക
mlf_01130_01490862493	അതിനാൽ ഡയറികൾക്ക് പല വ്യാഖ്യാനങ്ങളും നിലവിൽ വന്നിരിക്കുന്നു
mlf_03228_00276819923	വയലാർ എന്ന വാക്കിനാൽ താഴെപ്പറയുന്ന എന്തിനേയും വിവക്ഷിക്കാം
mlf_09852_02064089764	അദ്ദേഹം ക്ലാര്‍നെറ്റ് വായിച്ചിരുന്നു
